Navigated to http://127.0.0.1:5501/
(index):31 recoverUiOnReload: Reset hash from "#/fpk/native" to "#/fpk"
vendor.34f22af5ffbffad14cd9.js:261658 we have a native text encoder and decoder
main.17a1455a44197c571024.js:120430 [mib-logger] Using the configuration for console logging: {"*":3,"BENCH.Startup":4}
vendor.34f22af5ffbffad14cd9.js:4805 [EsoFWTracing] starting tracing with processName='browserUI.Fpk' and config='{"client":{"default":{"levels":{"channel":{"*":"off","esel":"warn"}},"backends":{"ConsoleBackend":{"enabled":true}}}}}'
 [EsoFWTracing] config for 'browserUI.Fpk' not found, trying to use default config
 [EsoFWTracing] core.savedPresetFile not present in tracing.json
 [EsoFWTracing] configurationDone
 [Startup] main.ts: 269.23486328125 ms
 [INFO] [BENCH.Startup]    [UI] [UI][AUDI_FPK] UI_START_MAIN_TS (first code of main.ts called)
 [EsoFWConfig] initialize config: {"backend":"httpbackend","url":"http://127.0.0.1:14713","configPath":"/etc/eso"}
 [INFO] [BENCH.Startup]    [UI] [UI][AUDI_FPK] UI_LANGUAGE_REQUESTING
 [INFO] [BENCH.Startup]    [UI] [UI][AUDI_FPK] starting RudiSystemService...
 [Startup] AppComponent initialized: 281.575927734375 ms
 [INFO] [BENCH.Startup]    [UI] [UI][AUDI_FPK] UI_APP_COMPONENT_INITIALIZED (afterViewInit of app.component.ts)
 Fetch finished loading: GET "http://127.0.0.1:14713//etc/eso/rudi.json".
(anonymous) @ polyfills.01277dd….js:2391
getConfig @ vendor.34f22af….js:272686
getConfigByFullyQualifiedPath @ vendor.34f22af….js:180551
getConfig @ vendor.34f22af….js:180546
(anonymous) @ vendor.34f22af….js:50023
(anonymous) @ vendor.34f22af….js:127285
(anonymous) @ vendor.34f22af….js:213508
_trySubscribe @ vendor.34f22af….js:89315
subscribe @ vendor.34f22af….js:89304
call @ vendor.34f22af….js:163284
subscribe @ vendor.34f22af….js:89299
call @ vendor.34f22af….js:41515
subscribe @ vendor.34f22af….js:89299
p @ vendor.34f22af….js:878
(anonymous) @ vendor.34f22af….js:226809
Jt @ vendor.34f22af….js:226811
Zt @ vendor.34f22af….js:226754
(anonymous) @ vendor.34f22af….js:226808
Jt @ vendor.34f22af….js:226811
Zt @ vendor.34f22af….js:226754
(anonymous) @ vendor.34f22af….js:226808
Jt @ vendor.34f22af….js:226811
Zt @ vendor.34f22af….js:226754
get @ vendor.34f22af….js:227202
(anonymous) @ vendor.34f22af….js:224752
x @ vendor.34f22af….js:224753
factory @ main.17a1455….js:33528
(anonymous) @ vendor.34f22af….js:226818
Jt @ vendor.34f22af….js:226830
Zt @ vendor.34f22af….js:226783
(anonymous) @ vendor.34f22af….js:226827
Jt @ vendor.34f22af….js:226830
(anonymous) @ vendor.34f22af….js:227194
hi @ vendor.34f22af….js:227196
mi @ vendor.34f22af….js:227178
create @ vendor.34f22af….js:230427
(anonymous) @ vendor.34f22af….js:228262
invoke @ polyfills.01277dd….js:1781
onInvoke @ vendor.34f22af….js:227940
invoke @ polyfills.01277dd….js:1772
run @ polyfills.01277dd….js:1548
run @ vendor.34f22af….js:227975
bootstrapModuleFactory @ vendor.34f22af….js:228256
P @ main.17a1455….js:191513
(anonymous) @ main.17a1455….js:191522
invoke @ polyfills.01277dd….js:1781
run @ polyfills.01277dd….js:1548
(anonymous) @ main.17a1455….js:191521
zUnb @ main.17a1455….js:191524
p @ runtime.86458c9….js:29
0 @ main.17a1455….js:6073
p @ runtime.86458c9….js:29
o @ runtime.86458c9….js:19
a @ runtime.86458c9….js:13
(anonymous) @ main.17a1455….js:1
 [RUDI-WS] successfully established connection to server 'ws://127.0.0.1:14713'
 [INFO] [BENCH.Startup]    [UI] [UI][AUDI_FPK] RUDI resource presence: /language/components is present
 [INFO] [BENCH.Startup]    [UI] [UI][AUDI_FPK] RUDI resource presence: /vehicleinformation/vehicleData is present
 [INFO] [BENCH.Startup]    [UI] [UI][AUDI_FPK] RUDI resource presence: /system/configurations is present
 [INFO] [BENCH.Startup]    [UI] [UI][AUDI_FPK] RUDI resource presence: /system/persistenceentries is present
 [ERROR] [mcp.PopupManagementService]    [UI] mcp.PopupManagementService#updatePopupState: Error while performing update {"requested":true,"requestData":"Browser"} popup MCP_RESET_ALL_POPUPS_FOR_HMI on display Cluster_Display:  
console.<computed> @ (index):77
append @ main.17a1455….js:27518
(anonymous) @ main.17a1455….js:130386
prepareMessageAndLoopOverAppenders @ main.17a1455….js:130385
log2appenders @ main.17a1455….js:130369
error @ main.17a1455….js:130318
(anonymous) @ main.17a1455….js:163557
_error @ vendor.34f22af….js:41546
error @ vendor.34f22af….js:28835
notifyError @ vendor.34f22af….js:247301
_error @ vendor.34f22af….js:254957
error @ vendor.34f22af….js:28835
_next @ vendor.34f22af….js:163299
next @ vendor.34f22af….js:28832
next @ vendor.34f22af….js:50795
actionResponse @ vendor.34f22af….js:50605
msgReceiver @ vendor.34f22af….js:44366
_receive @ vendor.34f22af….js:44344
onWsEvent @ vendor.34f22af….js:44282
onWsEvent @ vendor.34f22af….js:44158
(anonymous) @ vendor.34f22af….js:44138
_ @ polyfills.01277dd….js:2469
invokeTask @ polyfills.01277dd….js:1824
onInvokeTask @ vendor.34f22af….js:227933
invokeTask @ polyfills.01277dd….js:1816
runTask @ polyfills.01277dd….js:1585
invokeTask @ polyfills.01277dd….js:1896
h @ polyfills.01277dd….js:2715
p @ polyfills.01277dd….js:2732
 [ERROR] [rootZone]    [UI] main.ts#UI-Exception: Error: Uncaught (in promise): Error: Serialization Error: Expected type 'string' but got 'undefined' for property 'name'
Error: Serialization Error: Expected type 'string' but got 'undefined' for property 'name'
    at Object.deserialize (vendor.34f22af….js:108463:21)
    at Object.deserialize (vendor.34f22af….js:118612:15)
    at s.project (vendor.34f22af….js:26098:19)
    at s._next (vendor.34f22af….js:163297:30)
    at s.next (vendor.34f22af….js:28832:34)
    at h.next (vendor.34f22af….js:50795:31)
    at f.actionResponse (vendor.34f22af….js:50605:15)
    at Object.msgReceiver (vendor.34f22af….js:44366:27)
    at Object._receive (vendor.34f22af….js:44344:18)
    at Object.onWsEvent (vendor.34f22af….js:44282:22)
    at _ (polyfills.01277dd26c…4e28071d.js:2155:35)
    at polyfills.01277dd26c…4e28071d.js:2079:23
    at u._error (vendor.34f22af….js:89353:24)
    at u.__tryOrUnsub (vendor.34f22af….js:28924:15)
    at u.error (vendor.34f22af….js:28899:25)
    at c._error (vendor.34f22af….js:28847:29)
    at c.error (vendor.34f22af….js:28835:58)
    at l._error (vendor.34f22af….js:28847:29)
    at l.error (vendor.34f22af….js:28835:58)
    at s._error (vendor.34f22af….js:28847:29)
console.<computed> @ (index):77
append @ main.17a1455….js:27518
(anonymous) @ main.17a1455….js:130386
prepareMessageAndLoopOverAppenders @ main.17a1455….js:130385
log2appenders @ main.17a1455….js:130369
error @ main.17a1455….js:130318
handleError @ main.17a1455….js:39563
L @ main.17a1455….js:191517
handleError @ polyfills.01277dd….js:1786
onHandleError @ vendor.34f22af….js:227956
handleError @ polyfills.01277dd….js:1786
runGuarded @ polyfills.01277dd….js:1559
(anonymous) @ polyfills.01277dd….js:2046
v @ polyfills.01277dd….js:1960
invokeTask @ polyfills.01277dd….js:1898
h @ polyfills.01277dd….js:2715
p @ polyfills.01277dd….js:2732
 [WARN] [rootZone]    [UI] main.ts#Rejected Promise with error:  
console.<computed> @ (index):77
append @ main.17a1455….js:27518
(anonymous) @ main.17a1455….js:130386
prepareMessageAndLoopOverAppenders @ main.17a1455….js:130385
log2appenders @ main.17a1455….js:130369
warn @ main.17a1455….js:130315
handleError @ main.17a1455….js:39574
L @ main.17a1455….js:191517
handleError @ polyfills.01277dd….js:1786
onHandleError @ vendor.34f22af….js:227956
handleError @ polyfills.01277dd….js:1786
runGuarded @ polyfills.01277dd….js:1559
(anonymous) @ polyfills.01277dd….js:2046
v @ polyfills.01277dd….js:1960
invokeTask @ polyfills.01277dd….js:1898
h @ polyfills.01277dd….js:2715
p @ polyfills.01277dd….js:2732
 [ERROR] [GlobalErrorHandler]    [UI] GlobalErrorHandler#UI-Exception: Error: Uncaught (in promise): Error: Serialization Error: Expected type 'string' but got 'undefined' for property 'name'
Error: Serialization Error: Expected type 'string' but got 'undefined' for property 'name'
    at Object.deserialize (vendor.34f22af….js:108463:21)
    at Object.deserialize (vendor.34f22af….js:118612:15)
    at s.project (vendor.34f22af….js:26098:19)
    at s._next (vendor.34f22af….js:163297:30)
    at s.next (vendor.34f22af….js:28832:34)
    at h.next (vendor.34f22af….js:50795:31)
    at f.actionResponse (vendor.34f22af….js:50605:15)
    at Object.msgReceiver (vendor.34f22af….js:44366:27)
    at Object._receive (vendor.34f22af….js:44344:18)
    at Object.onWsEvent (vendor.34f22af….js:44282:22)
    at _ (polyfills.01277dd26c…4e28071d.js:2155:35)
    at polyfills.01277dd26c…4e28071d.js:2079:23
    at u._error (vendor.34f22af….js:89353:24)
    at u.__tryOrUnsub (vendor.34f22af….js:28924:15)
    at u.error (vendor.34f22af….js:28899:25)
    at c._error (vendor.34f22af….js:28847:29)
    at c.error (vendor.34f22af….js:28835:58)
    at l._error (vendor.34f22af….js:28847:29)
    at l.error (vendor.34f22af….js:28835:58)
    at s._error (vendor.34f22af….js:28847:29)
console.<computed> @ (index):77
append @ main.17a1455….js:27518
(anonymous) @ main.17a1455….js:130386
prepareMessageAndLoopOverAppenders @ main.17a1455….js:130385
log2appenders @ main.17a1455….js:130369
error @ main.17a1455….js:130318
handleError @ main.17a1455….js:39563
handleError @ main.17a1455….js:39589
next @ vendor.34f22af….js:228273
(anonymous) @ vendor.34f22af….js:227685
__tryOrUnsub @ vendor.34f22af….js:28924
next @ vendor.34f22af….js:28889
_next @ vendor.34f22af….js:28844
next @ vendor.34f22af….js:28832
next @ vendor.34f22af….js:165464
emit @ vendor.34f22af….js:227673
(anonymous) @ vendor.34f22af….js:227957
invoke @ polyfills.01277dd….js:1781
run @ polyfills.01277dd….js:1548
runOutsideAngular @ vendor.34f22af….js:227990
onHandleError @ vendor.34f22af….js:227957
handleError @ polyfills.01277dd….js:1786
runGuarded @ polyfills.01277dd….js:1559
(anonymous) @ polyfills.01277dd….js:2046
v @ polyfills.01277dd….js:1960
invokeTask @ polyfills.01277dd….js:1898
h @ polyfills.01277dd….js:2715
p @ polyfills.01277dd….js:2732
 [WARN] [GlobalErrorHandler]    [UI] GlobalErrorHandler#Rejected Promise with error:  
console.<computed> @ (index):77
append @ main.17a1455….js:27518
(anonymous) @ main.17a1455….js:130386
prepareMessageAndLoopOverAppenders @ main.17a1455….js:130385
log2appenders @ main.17a1455….js:130369
warn @ main.17a1455….js:130315
handleError @ main.17a1455….js:39574
handleError @ main.17a1455….js:39589
next @ vendor.34f22af….js:228273
(anonymous) @ vendor.34f22af….js:227685
__tryOrUnsub @ vendor.34f22af….js:28924
next @ vendor.34f22af….js:28889
_next @ vendor.34f22af….js:28844
next @ vendor.34f22af….js:28832
next @ vendor.34f22af….js:165464
emit @ vendor.34f22af….js:227673
(anonymous) @ vendor.34f22af….js:227957
invoke @ polyfills.01277dd….js:1781
run @ polyfills.01277dd….js:1548
runOutsideAngular @ vendor.34f22af….js:227990
onHandleError @ vendor.34f22af….js:227957
handleError @ polyfills.01277dd….js:1786
runGuarded @ polyfills.01277dd….js:1559
(anonymous) @ polyfills.01277dd….js:2046
v @ polyfills.01277dd….js:1960
invokeTask @ polyfills.01277dd….js:1898
h @ polyfills.01277dd….js:2715
p @ polyfills.01277dd….js:2732
 [ERROR] [AppComponent]    [UI] AppComponent#UI-Exception: Error: Uncaught (in promise): Error: Serialization Error: Expected type 'string' but got 'undefined' for property 'name'
Error: Serialization Error: Expected type 'string' but got 'undefined' for property 'name'
    at Object.deserialize (vendor.34f22af….js:108463:21)
    at Object.deserialize (vendor.34f22af….js:118612:15)
    at s.project (vendor.34f22af….js:26098:19)
    at s._next (vendor.34f22af….js:163297:30)
    at s.next (vendor.34f22af….js:28832:34)
    at h.next (vendor.34f22af….js:50795:31)
    at f.actionResponse (vendor.34f22af….js:50605:15)
    at Object.msgReceiver (vendor.34f22af….js:44366:27)
    at Object._receive (vendor.34f22af….js:44344:18)
    at Object.onWsEvent (vendor.34f22af….js:44282:22)
    at _ (polyfills.01277dd26c…4e28071d.js:2155:35)
    at polyfills.01277dd26c…4e28071d.js:2079:23
    at u._error (vendor.34f22af….js:89353:24)
    at u.__tryOrUnsub (vendor.34f22af….js:28924:15)
    at u.error (vendor.34f22af….js:28899:25)
    at c._error (vendor.34f22af….js:28847:29)
    at c.error (vendor.34f22af….js:28835:58)
    at l._error (vendor.34f22af….js:28847:29)
    at l.error (vendor.34f22af….js:28835:58)
    at s._error (vendor.34f22af….js:28847:29)
console.<computed> @ (index):77
append @ main.17a1455….js:27518
(anonymous) @ main.17a1455….js:130386
prepareMessageAndLoopOverAppenders @ main.17a1455….js:130385
log2appenders @ main.17a1455….js:130369
error @ main.17a1455….js:130318
handleError @ main.17a1455….js:39563
(anonymous) @ main.17a1455….js:91599
(anonymous) @ vendor.34f22af….js:227708
__tryOrUnsub @ vendor.34f22af….js:28924
next @ vendor.34f22af….js:28889
_next @ vendor.34f22af….js:28844
next @ vendor.34f22af….js:28832
next @ vendor.34f22af….js:165464
emit @ vendor.34f22af….js:227673
(anonymous) @ vendor.34f22af….js:227957
invoke @ polyfills.01277dd….js:1781
run @ polyfills.01277dd….js:1548
runOutsideAngular @ vendor.34f22af….js:227990
onHandleError @ vendor.34f22af….js:227957
handleError @ polyfills.01277dd….js:1786
runGuarded @ polyfills.01277dd….js:1559
(anonymous) @ polyfills.01277dd….js:2046
v @ polyfills.01277dd….js:1960
invokeTask @ polyfills.01277dd….js:1898
h @ polyfills.01277dd….js:2715
p @ polyfills.01277dd….js:2732
 [WARN] [AppComponent]    [UI] AppComponent#Rejected Promise with error:  
console.<computed> @ (index):77
append @ main.17a1455….js:27518
(anonymous) @ main.17a1455….js:130386
prepareMessageAndLoopOverAppenders @ main.17a1455….js:130385
log2appenders @ main.17a1455….js:130369
warn @ main.17a1455….js:130315
handleError @ main.17a1455….js:39574
(anonymous) @ main.17a1455….js:91599
(anonymous) @ vendor.34f22af….js:227708
__tryOrUnsub @ vendor.34f22af….js:28924
next @ vendor.34f22af….js:28889
_next @ vendor.34f22af….js:28844
next @ vendor.34f22af….js:28832
next @ vendor.34f22af….js:165464
emit @ vendor.34f22af….js:227673
(anonymous) @ vendor.34f22af….js:227957
invoke @ polyfills.01277dd….js:1781
run @ polyfills.01277dd….js:1548
runOutsideAngular @ vendor.34f22af….js:227990
onHandleError @ vendor.34f22af….js:227957
handleError @ polyfills.01277dd….js:1786
runGuarded @ polyfills.01277dd….js:1559
(anonymous) @ polyfills.01277dd….js:2046
v @ polyfills.01277dd….js:1960
invokeTask @ polyfills.01277dd….js:1898
h @ polyfills.01277dd….js:2715
p @ polyfills.01277dd….js:2732
 [INFO] [BENCH.Startup]    [UI] [UI][AUDI_FPK] Configuration from SystemService received, running in mode: DEVELOPMENT
 [WARN] [mcp.DisplayManagementService]    [UI] mcp.DisplayManagementService#Layers and displays not initialized while getting display id {displayName: 'Cluster_Display_Subframe', layerName: 'Layer_Map_Route_Guidance', displaysInitialized: false, layersInitialized: false}
console.<computed> @ (index):77
append @ main.17a1455….js:27518
(anonymous) @ main.17a1455….js:130386
prepareMessageAndLoopOverAppenders @ main.17a1455….js:130385
log2appenders @ main.17a1455….js:130369
warn @ main.17a1455….js:130315
retrieveDynamicLayerId @ main.17a1455….js:57680
getLayerByName @ main.17a1455….js:57584
deactivateLayer @ main.17a1455….js:57483
updateDisplayConfiguration @ fpk-fpk-module-ngfac…2d99c7b2c0b.js:7840
(anonymous) @ fpk-fpk-module-ngfac…2d99c7b2c0b.js:7829
__tryOrUnsub @ vendor.34f22af….js:28924
next @ vendor.34f22af….js:28889
_next @ vendor.34f22af….js:28844
next @ vendor.34f22af….js:28832
_next @ vendor.34f22af….js:28844
next @ vendor.34f22af….js:28832
_next @ vendor.34f22af….js:108016
next @ vendor.34f22af….js:28832
_subscribe @ vendor.34f22af….js:50180
_trySubscribe @ vendor.34f22af….js:89315
_trySubscribe @ vendor.34f22af….js:165494
subscribe @ vendor.34f22af….js:89304
_subscribe @ vendor.34f22af….js:89340
subscribe @ vendor.34f22af….js:89303
call @ vendor.34f22af….js:107986
subscribe @ vendor.34f22af….js:89299
call @ vendor.34f22af….js:231687
subscribe @ vendor.34f22af….js:89299
trackActivityChanges @ fpk-fpk-module-ngfac…2d99c7b2c0b.js:7828
t @ fpk-fpk-module-ngfac…2d99c7b2c0b.js:7807
factory @ fpk-fpk-module-ngfac…2d99c7b2c0b.js:7914
(anonymous) @ vendor.34f22af….js:226818
Jt @ vendor.34f22af….js:226830
Zt @ vendor.34f22af….js:226783
get @ vendor.34f22af….js:227202
(anonymous) @ vendor.34f22af….js:224752
x @ vendor.34f22af….js:224753
factory @ fpk-fpk-module-ngfac…2d99c7b2c0b.js:8308
(anonymous) @ vendor.34f22af….js:226818
Jt @ vendor.34f22af….js:226830
Zt @ vendor.34f22af….js:226783
get @ vendor.34f22af….js:227202
(anonymous) @ vendor.34f22af….js:224752
x @ vendor.34f22af….js:224753
factory @ fpk-fpk-module-ngfac…2d99c7b2c0b.js:8486
(anonymous) @ vendor.34f22af….js:226818
Jt @ vendor.34f22af….js:226830
Zt @ vendor.34f22af….js:226783
get @ vendor.34f22af….js:227202
Zt @ vendor.34f22af….js:226786
get @ vendor.34f22af….js:227202
Fi @ vendor.34f22af….js:227434
Ri @ vendor.34f22af….js:227385
Ai @ vendor.34f22af….js:227309
xn @ vendor.34f22af….js:229349
Rn @ vendor.34f22af….js:229275
Jn @ vendor.34f22af….js:229835
create @ vendor.34f22af….js:226900
create @ vendor.34f22af….js:225622
createComponent @ vendor.34f22af….js:226986
activateWith @ vendor.34f22af….js:13520
activateRoutes @ vendor.34f22af….js:11452
(anonymous) @ vendor.34f22af….js:11416
activateChildRoutes @ vendor.34f22af….js:11415
activateRoutes @ vendor.34f22af….js:11455
(anonymous) @ vendor.34f22af….js:11416
activateChildRoutes @ vendor.34f22af….js:11415
activate @ vendor.34f22af….js:11364
(anonymous) @ vendor.34f22af….js:13029
_next @ vendor.34f22af….js:163297
next @ vendor.34f22af….js:28832
_next @ vendor.34f22af….js:41542
next @ vendor.34f22af….js:28832
_next @ vendor.34f22af….js:163301
next @ vendor.34f22af….js:28832
notifyNext @ vendor.34f22af….js:127729
_next @ vendor.34f22af….js:254948
next @ vendor.34f22af….js:28832
_next @ vendor.34f22af….js:163301
next @ vendor.34f22af….js:28832
(anonymous) @ vendor.34f22af….js:188873
_trySubscribe @ vendor.34f22af….js:89315
subscribe @ vendor.34f22af….js:89304
call @ vendor.34f22af….js:163284
subscribe @ vendor.34f22af….js:89299
s @ vendor.34f22af….js:239576
_innerSub @ vendor.34f22af….js:127713
_next @ vendor.34f22af….js:127705
next @ vendor.34f22af….js:28832
notifyNext @ vendor.34f22af….js:127729
_next @ vendor.34f22af….js:254948
next @ vendor.34f22af….js:28832
_next @ vendor.34f22af….js:163301
next @ vendor.34f22af….js:28832
_next @ vendor.34f22af….js:41542
next @ vendor.34f22af….js:28832
notifyNext @ vendor.34f22af….js:185249
_next @ vendor.34f22af….js:254948
next @ vendor.34f22af….js:28832
_next @ vendor.34f22af….js:163301
next @ vendor.34f22af….js:28832
_complete @ vendor.34f22af….js:44430
complete @ vendor.34f22af….js:28838
_complete @ vendor.34f22af….js:28850
complete @ vendor.34f22af….js:28838
_complete @ vendor.34f22af….js:185245
complete @ vendor.34f22af….js:28838
(anonymous) @ vendor.34f22af….js:188874
_trySubscribe @ vendor.34f22af….js:89315
subscribe @ vendor.34f22af….js:89304
call @ vendor.34f22af….js:185206
subscribe @ vendor.34f22af….js:89299
call @ vendor.34f22af….js:126449
subscribe @ vendor.34f22af….js:89299
call @ vendor.34f22af….js:44406
subscribe @ vendor.34f22af….js:89299
call @ vendor.34f22af….js:163284
subscribe @ vendor.34f22af….js:89299
s @ vendor.34f22af….js:239576
_innerSub @ vendor.34f22af….js:185238
_tryNext @ vendor.34f22af….js:185232
_next @ vendor.34f22af….js:185221
next @ vendor.34f22af….js:28832
_next @ vendor.34f22af….js:41542
next @ vendor.34f22af….js:28832
(anonymous) @ vendor.34f22af….js:188873
_trySubscribe @ vendor.34f22af….js:89315
subscribe @ vendor.34f22af….js:89304
call @ vendor.34f22af….js:41515
subscribe @ vendor.34f22af….js:89299
call @ vendor.34f22af….js:185206
subscribe @ vendor.34f22af….js:89299
call @ vendor.34f22af….js:41515
subscribe @ vendor.34f22af….js:89299
call @ vendor.34f22af….js:163284
subscribe @ vendor.34f22af….js:89299
s @ vendor.34f22af….js:239576
_innerSub @ vendor.34f22af….js:127713
_next @ vendor.34f22af….js:127705
next @ vendor.34f22af….js:28832
_next @ vendor.34f22af….js:280957
next @ vendor.34f22af….js:28832
_next @ vendor.34f22af….js:41542
next @ vendor.34f22af….js:28832
_next @ vendor.34f22af….js:41542
next @ vendor.34f22af….js:28832
notifyNext @ vendor.34f22af….js:185249
_next @ vendor.34f22af….js:254948
next @ vendor.34f22af….js:28832
_next @ vendor.34f22af….js:163301
next @ vendor.34f22af….js:28832
notifyNext @ vendor.34f22af….js:185249
_next @ vendor.34f22af….js:254948
next @ vendor.34f22af….js:28832
_complete @ vendor.34f22af….js:219389
complete @ vendor.34f22af….js:28838
_complete @ vendor.34f22af….js:28850
complete @ vendor.34f22af….js:28838
_complete @ vendor.34f22af….js:28850
complete @ vendor.34f22af….js:28838
_complete @ vendor.34f22af….js:185245
complete @ vendor.34f22af….js:28838
(anonymous) @ vendor.34f22af….js:188874
_trySubscribe @ vendor.34f22af….js:89315
subscribe @ vendor.34f22af….js:89304
call @ vendor.34f22af….js:185206
subscribe @ vendor.34f22af….js:89299
call @ vendor.34f22af….js:280940
subscribe @ vendor.34f22af….js:89299
call @ vendor.34f22af….js:89728
subscribe @ vendor.34f22af….js:89299
call @ vendor.34f22af….js:219378
subscribe @ vendor.34f22af….js:89299
s @ vendor.34f22af….js:239576
_innerSub @ vendor.34f22af….js:185238
_tryNext @ vendor.34f22af….js:185232
_next @ vendor.34f22af….js:185221
next @ vendor.34f22af….js:28832
_complete @ vendor.34f22af….js:219389
complete @ vendor.34f22af….js:28838
_complete @ vendor.34f22af….js:28850
complete @ vendor.34f22af….js:28838
_complete @ vendor.34f22af….js:28850
complete @ vendor.34f22af….js:28838
_complete @ vendor.34f22af….js:185245
complete @ vendor.34f22af….js:28838
(anonymous) @ vendor.34f22af….js:188874
_trySubscribe @ vendor.34f22af….js:89315
subscribe @ vendor.34f22af….js:89304
call @ vendor.34f22af….js:185206
subscribe @ vendor.34f22af….js:89299
call @ vendor.34f22af….js:280940
subscribe @ vendor.34f22af….js:89299
call @ vendor.34f22af….js:89728
subscribe @ vendor.34f22af….js:89299
call @ vendor.34f22af….js:219378
subscribe @ vendor.34f22af….js:89299
call @ vendor.34f22af….js:185206
subscribe @ vendor.34f22af….js:89299
Promise.then
m @ polyfills.01277dd….js:1942
scheduleTask @ polyfills.01277dd….js:1810
onScheduleTask @ polyfills.01277dd….js:1676
scheduleTask @ polyfills.01277dd….js:1799
scheduleTask @ polyfills.01277dd….js:1616
scheduleMicroTask @ polyfills.01277dd….js:1631
S @ polyfills.01277dd….js:2207
_ @ polyfills.01277dd….js:2149
(anonymous) @ polyfills.01277dd….js:2079
a @ runtime.86458c9….js:12
(anonymous) @ navi-fpk-fpk-navi-mo…258e647290bcd2.js:1
 [WARN] [mcp.DisplayManagementService]    [UI] mcp.DisplayManagementService#Could not get layer id (no layers for display). Returning static id {displayName: 'Cluster_Display_Subframe', layerName: 'Layer_Map_Route_Guidance', id: 6}
console.<computed> @ (index):77
append @ main.17a1455….js:27518
(anonymous) @ main.17a1455….js:130386
prepareMessageAndLoopOverAppenders @ main.17a1455….js:130385
log2appenders @ main.17a1455….js:130369
warn @ main.17a1455….js:130315
retrieveDynamicLayerId @ main.17a1455….js:57702
getLayerByName @ main.17a1455….js:57584
deactivateLayer @ main.17a1455….js:57483
updateDisplayConfiguration @ fpk-fpk-module-ngfac…2d99c7b2c0b.js:7840
(anonymous) @ fpk-fpk-module-ngfac…2d99c7b2c0b.js:7829
__tryOrUnsub @ vendor.34f22af….js:28924
next @ vendor.34f22af….js:28889
_next @ vendor.34f22af….js:28844
next @ vendor.34f22af….js:28832
_next @ vendor.34f22af….js:28844
next @ vendor.34f22af….js:28832
_next @ vendor.34f22af….js:108016
next @ vendor.34f22af….js:28832
_subscribe @ vendor.34f22af….js:50180
_trySubscribe @ vendor.34f22af….js:89315
_trySubscribe @ vendor.34f22af….js:165494
subscribe @ vendor.34f22af….js:89304
_subscribe @ vendor.34f22af….js:89340
subscribe @ vendor.34f22af….js:89303
call @ vendor.34f22af….js:107986
subscribe @ vendor.34f22af….js:89299
call @ vendor.34f22af….js:231687
subscribe @ vendor.34f22af….js:89299
trackActivityChanges @ fpk-fpk-module-ngfac…2d99c7b2c0b.js:7828
t @ fpk-fpk-module-ngfac…2d99c7b2c0b.js:7807
factory @ fpk-fpk-module-ngfac…2d99c7b2c0b.js:7914
(anonymous) @ vendor.34f22af….js:226818
Jt @ vendor.34f22af….js:226830
Zt @ vendor.34f22af….js:226783
get @ vendor.34f22af….js:227202
(anonymous) @ vendor.34f22af….js:224752
x @ vendor.34f22af….js:224753
factory @ fpk-fpk-module-ngfac…2d99c7b2c0b.js:8308
(anonymous) @ vendor.34f22af….js:226818
Jt @ vendor.34f22af….js:226830
Zt @ vendor.34f22af….js:226783
get @ vendor.34f22af….js:227202
(anonymous) @ vendor.34f22af….js:224752
x @ vendor.34f22af….js:224753
factory @ fpk-fpk-module-ngfac…2d99c7b2c0b.js:8486
(anonymous) @ vendor.34f22af….js:226818
Jt @ vendor.34f22af….js:226830
Zt @ vendor.34f22af….js:226783
get @ vendor.34f22af….js:227202
Zt @ vendor.34f22af….js:226786
get @ vendor.34f22af….js:227202
Fi @ vendor.34f22af….js:227434
Ri @ vendor.34f22af….js:227385
Ai @ vendor.34f22af….js:227309
xn @ vendor.34f22af….js:229349
Rn @ vendor.34f22af….js:229275
Jn @ vendor.34f22af….js:229835
create @ vendor.34f22af….js:226900
create @ vendor.34f22af….js:225622
createComponent @ vendor.34f22af….js:226986
activateWith @ vendor.34f22af….js:13520
activateRoutes @ vendor.34f22af….js:11452
(anonymous) @ vendor.34f22af….js:11416
activateChildRoutes @ vendor.34f22af….js:11415
activateRoutes @ vendor.34f22af….js:11455
(anonymous) @ vendor.34f22af….js:11416
activateChildRoutes @ vendor.34f22af….js:11415
activate @ vendor.34f22af….js:11364
(anonymous) @ vendor.34f22af….js:13029
_next @ vendor.34f22af….js:163297
next @ vendor.34f22af….js:28832
_next @ vendor.34f22af….js:41542
next @ vendor.34f22af….js:28832
_next @ vendor.34f22af….js:163301
next @ vendor.34f22af….js:28832
notifyNext @ vendor.34f22af….js:127729
_next @ vendor.34f22af….js:254948
next @ vendor.34f22af….js:28832
_next @ vendor.34f22af….js:163301
next @ vendor.34f22af….js:28832
(anonymous) @ vendor.34f22af….js:188873
_trySubscribe @ vendor.34f22af….js:89315
subscribe @ vendor.34f22af….js:89304
call @ vendor.34f22af….js:163284
subscribe @ vendor.34f22af….js:89299
s @ vendor.34f22af….js:239576
_innerSub @ vendor.34f22af….js:127713
_next @ vendor.34f22af….js:127705
next @ vendor.34f22af….js:28832
notifyNext @ vendor.34f22af….js:127729
_next @ vendor.34f22af….js:254948
next @ vendor.34f22af….js:28832
_next @ vendor.34f22af….js:163301
next @ vendor.34f22af….js:28832
_next @ vendor.34f22af….js:41542
next @ vendor.34f22af….js:28832
notifyNext @ vendor.34f22af….js:185249
_next @ vendor.34f22af….js:254948
next @ vendor.34f22af….js:28832
_next @ vendor.34f22af….js:163301
next @ vendor.34f22af….js:28832
_complete @ vendor.34f22af….js:44430
complete @ vendor.34f22af….js:28838
_complete @ vendor.34f22af….js:28850
complete @ vendor.34f22af….js:28838
_complete @ vendor.34f22af….js:185245
complete @ vendor.34f22af….js:28838
(anonymous) @ vendor.34f22af….js:188874
_trySubscribe @ vendor.34f22af….js:89315
subscribe @ vendor.34f22af….js:89304
call @ vendor.34f22af….js:185206
subscribe @ vendor.34f22af….js:89299
call @ vendor.34f22af….js:126449
subscribe @ vendor.34f22af….js:89299
call @ vendor.34f22af….js:44406
subscribe @ vendor.34f22af….js:89299
call @ vendor.34f22af….js:163284
subscribe @ vendor.34f22af….js:89299
s @ vendor.34f22af….js:239576
_innerSub @ vendor.34f22af….js:185238
_tryNext @ vendor.34f22af….js:185232
_next @ vendor.34f22af….js:185221
next @ vendor.34f22af….js:28832
_next @ vendor.34f22af….js:41542
next @ vendor.34f22af….js:28832
(anonymous) @ vendor.34f22af….js:188873
_trySubscribe @ vendor.34f22af….js:89315
subscribe @ vendor.34f22af….js:89304
call @ vendor.34f22af….js:41515
subscribe @ vendor.34f22af….js:89299
call @ vendor.34f22af….js:185206
subscribe @ vendor.34f22af….js:89299
call @ vendor.34f22af….js:41515
subscribe @ vendor.34f22af….js:89299
call @ vendor.34f22af….js:163284
subscribe @ vendor.34f22af….js:89299
s @ vendor.34f22af….js:239576
_innerSub @ vendor.34f22af….js:127713
_next @ vendor.34f22af….js:127705
next @ vendor.34f22af….js:28832
_next @ vendor.34f22af….js:280957
next @ vendor.34f22af….js:28832
_next @ vendor.34f22af….js:41542
next @ vendor.34f22af….js:28832
_next @ vendor.34f22af….js:41542
next @ vendor.34f22af….js:28832
notifyNext @ vendor.34f22af….js:185249
_next @ vendor.34f22af….js:254948
next @ vendor.34f22af….js:28832
_next @ vendor.34f22af….js:163301
next @ vendor.34f22af….js:28832
notifyNext @ vendor.34f22af….js:185249
_next @ vendor.34f22af….js:254948
next @ vendor.34f22af….js:28832
_complete @ vendor.34f22af….js:219389
complete @ vendor.34f22af….js:28838
_complete @ vendor.34f22af….js:28850
complete @ vendor.34f22af….js:28838
_complete @ vendor.34f22af….js:28850
complete @ vendor.34f22af….js:28838
_complete @ vendor.34f22af….js:185245
complete @ vendor.34f22af….js:28838
(anonymous) @ vendor.34f22af….js:188874
_trySubscribe @ vendor.34f22af….js:89315
subscribe @ vendor.34f22af….js:89304
call @ vendor.34f22af….js:185206
subscribe @ vendor.34f22af….js:89299
call @ vendor.34f22af….js:280940
subscribe @ vendor.34f22af….js:89299
call @ vendor.34f22af….js:89728
subscribe @ vendor.34f22af….js:89299
call @ vendor.34f22af….js:219378
subscribe @ vendor.34f22af….js:89299
s @ vendor.34f22af….js:239576
_innerSub @ vendor.34f22af….js:185238
_tryNext @ vendor.34f22af….js:185232
_next @ vendor.34f22af….js:185221
next @ vendor.34f22af….js:28832
_complete @ vendor.34f22af….js:219389
complete @ vendor.34f22af….js:28838
_complete @ vendor.34f22af….js:28850
complete @ vendor.34f22af….js:28838
_complete @ vendor.34f22af….js:28850
complete @ vendor.34f22af….js:28838
_complete @ vendor.34f22af….js:185245
complete @ vendor.34f22af….js:28838
(anonymous) @ vendor.34f22af….js:188874
_trySubscribe @ vendor.34f22af….js:89315
subscribe @ vendor.34f22af….js:89304
call @ vendor.34f22af….js:185206
subscribe @ vendor.34f22af….js:89299
call @ vendor.34f22af….js:280940
subscribe @ vendor.34f22af….js:89299
call @ vendor.34f22af….js:89728
subscribe @ vendor.34f22af….js:89299
call @ vendor.34f22af….js:219378
subscribe @ vendor.34f22af….js:89299
call @ vendor.34f22af….js:185206
subscribe @ vendor.34f22af….js:89299
Promise.then
m @ polyfills.01277dd….js:1942
scheduleTask @ polyfills.01277dd….js:1810
onScheduleTask @ polyfills.01277dd….js:1676
scheduleTask @ polyfills.01277dd….js:1799
scheduleTask @ polyfills.01277dd….js:1616
scheduleMicroTask @ polyfills.01277dd….js:1631
S @ polyfills.01277dd….js:2207
_ @ polyfills.01277dd….js:2149
(anonymous) @ polyfills.01277dd….js:2079
a @ runtime.86458c9….js:12
(anonymous) @ navi-fpk-fpk-navi-mo…258e647290bcd2.js:1
 [WARN] [mcp.DisplayManagementService]    [UI] mcp.DisplayManagementService#Layers and displays not initialized while getting display id for display {displayName: 'Cluster_Display_Subframe', displaysInitialized: false}
console.<computed> @ (index):77
append @ main.17a1455….js:27518
(anonymous) @ main.17a1455….js:130386
prepareMessageAndLoopOverAppenders @ main.17a1455….js:130385
log2appenders @ main.17a1455….js:130369
warn @ main.17a1455….js:130315
retrieveDynamicDisplayId @ main.17a1455….js:57626
getLayerByName @ main.17a1455….js:57585
deactivateLayer @ main.17a1455….js:57483
updateDisplayConfiguration @ fpk-fpk-module-ngfac…2d99c7b2c0b.js:7840
(anonymous) @ fpk-fpk-module-ngfac…2d99c7b2c0b.js:7829
__tryOrUnsub @ vendor.34f22af….js:28924
next @ vendor.34f22af….js:28889
_next @ vendor.34f22af….js:28844
next @ vendor.34f22af….js:28832
_next @ vendor.34f22af….js:28844
next @ vendor.34f22af….js:28832
_next @ vendor.34f22af….js:108016
next @ vendor.34f22af….js:28832
_subscribe @ vendor.34f22af….js:50180
_trySubscribe @ vendor.34f22af….js:89315
_trySubscribe @ vendor.34f22af….js:165494
subscribe @ vendor.34f22af….js:89304
_subscribe @ vendor.34f22af….js:89340
subscribe @ vendor.34f22af….js:89303
call @ vendor.34f22af….js:107986
subscribe @ vendor.34f22af….js:89299
call @ vendor.34f22af….js:231687
subscribe @ vendor.34f22af….js:89299
trackActivityChanges @ fpk-fpk-module-ngfac…2d99c7b2c0b.js:7828
t @ fpk-fpk-module-ngfac…2d99c7b2c0b.js:7807
factory @ fpk-fpk-module-ngfac…2d99c7b2c0b.js:7914
(anonymous) @ vendor.34f22af….js:226818
Jt @ vendor.34f22af….js:226830
Zt @ vendor.34f22af….js:226783
get @ vendor.34f22af….js:227202
(anonymous) @ vendor.34f22af….js:224752
x @ vendor.34f22af….js:224753
factory @ fpk-fpk-module-ngfac…2d99c7b2c0b.js:8308
(anonymous) @ vendor.34f22af….js:226818
Jt @ vendor.34f22af….js:226830
Zt @ vendor.34f22af….js:226783
get @ vendor.34f22af….js:227202
(anonymous) @ vendor.34f22af….js:224752
x @ vendor.34f22af….js:224753
factory @ fpk-fpk-module-ngfac…2d99c7b2c0b.js:8486
(anonymous) @ vendor.34f22af….js:226818
Jt @ vendor.34f22af….js:226830
Zt @ vendor.34f22af….js:226783
get @ vendor.34f22af….js:227202
Zt @ vendor.34f22af….js:226786
get @ vendor.34f22af….js:227202
Fi @ vendor.34f22af….js:227434
Ri @ vendor.34f22af….js:227385
Ai @ vendor.34f22af….js:227309
xn @ vendor.34f22af….js:229349
Rn @ vendor.34f22af….js:229275
Jn @ vendor.34f22af….js:229835
create @ vendor.34f22af….js:226900
create @ vendor.34f22af….js:225622
createComponent @ vendor.34f22af….js:226986
activateWith @ vendor.34f22af….js:13520
activateRoutes @ vendor.34f22af….js:11452
(anonymous) @ vendor.34f22af….js:11416
activateChildRoutes @ vendor.34f22af….js:11415
activateRoutes @ vendor.34f22af….js:11455
(anonymous) @ vendor.34f22af….js:11416
activateChildRoutes @ vendor.34f22af….js:11415
activate @ vendor.34f22af….js:11364
(anonymous) @ vendor.34f22af….js:13029
_next @ vendor.34f22af….js:163297
next @ vendor.34f22af….js:28832
_next @ vendor.34f22af….js:41542
next @ vendor.34f22af….js:28832
_next @ vendor.34f22af….js:163301
next @ vendor.34f22af….js:28832
notifyNext @ vendor.34f22af….js:127729
_next @ vendor.34f22af….js:254948
next @ vendor.34f22af….js:28832
_next @ vendor.34f22af….js:163301
next @ vendor.34f22af….js:28832
(anonymous) @ vendor.34f22af….js:188873
_trySubscribe @ vendor.34f22af….js:89315
subscribe @ vendor.34f22af….js:89304
call @ vendor.34f22af….js:163284
subscribe @ vendor.34f22af….js:89299
s @ vendor.34f22af….js:239576
_innerSub @ vendor.34f22af….js:127713
_next @ vendor.34f22af….js:127705
next @ vendor.34f22af….js:28832
notifyNext @ vendor.34f22af….js:127729
_next @ vendor.34f22af….js:254948
next @ vendor.34f22af….js:28832
_next @ vendor.34f22af….js:163301
next @ vendor.34f22af….js:28832
_next @ vendor.34f22af….js:41542
next @ vendor.34f22af….js:28832
notifyNext @ vendor.34f22af….js:185249
_next @ vendor.34f22af….js:254948
next @ vendor.34f22af….js:28832
_next @ vendor.34f22af….js:163301
next @ vendor.34f22af….js:28832
_complete @ vendor.34f22af….js:44430
complete @ vendor.34f22af….js:28838
_complete @ vendor.34f22af….js:28850
complete @ vendor.34f22af….js:28838
_complete @ vendor.34f22af….js:185245
complete @ vendor.34f22af….js:28838
(anonymous) @ vendor.34f22af….js:188874
_trySubscribe @ vendor.34f22af….js:89315
subscribe @ vendor.34f22af….js:89304
call @ vendor.34f22af….js:185206
subscribe @ vendor.34f22af….js:89299
call @ vendor.34f22af….js:126449
subscribe @ vendor.34f22af….js:89299
call @ vendor.34f22af….js:44406
subscribe @ vendor.34f22af….js:89299
call @ vendor.34f22af….js:163284
subscribe @ vendor.34f22af….js:89299
s @ vendor.34f22af….js:239576
_innerSub @ vendor.34f22af….js:185238
_tryNext @ vendor.34f22af….js:185232
_next @ vendor.34f22af….js:185221
next @ vendor.34f22af….js:28832
_next @ vendor.34f22af….js:41542
next @ vendor.34f22af….js:28832
(anonymous) @ vendor.34f22af….js:188873
_trySubscribe @ vendor.34f22af….js:89315
subscribe @ vendor.34f22af….js:89304
call @ vendor.34f22af….js:41515
subscribe @ vendor.34f22af….js:89299
call @ vendor.34f22af….js:185206
subscribe @ vendor.34f22af….js:89299
call @ vendor.34f22af….js:41515
subscribe @ vendor.34f22af….js:89299
call @ vendor.34f22af….js:163284
subscribe @ vendor.34f22af….js:89299
s @ vendor.34f22af….js:239576
_innerSub @ vendor.34f22af….js:127713
_next @ vendor.34f22af….js:127705
next @ vendor.34f22af….js:28832
_next @ vendor.34f22af….js:280957
next @ vendor.34f22af….js:28832
_next @ vendor.34f22af….js:41542
next @ vendor.34f22af….js:28832
_next @ vendor.34f22af….js:41542
next @ vendor.34f22af….js:28832
notifyNext @ vendor.34f22af….js:185249
_next @ vendor.34f22af….js:254948
next @ vendor.34f22af….js:28832
_next @ vendor.34f22af….js:163301
next @ vendor.34f22af….js:28832
notifyNext @ vendor.34f22af….js:185249
_next @ vendor.34f22af….js:254948
next @ vendor.34f22af….js:28832
_complete @ vendor.34f22af….js:219389
complete @ vendor.34f22af….js:28838
_complete @ vendor.34f22af….js:28850
complete @ vendor.34f22af….js:28838
_complete @ vendor.34f22af….js:28850
complete @ vendor.34f22af….js:28838
_complete @ vendor.34f22af….js:185245
complete @ vendor.34f22af….js:28838
(anonymous) @ vendor.34f22af….js:188874
_trySubscribe @ vendor.34f22af….js:89315
subscribe @ vendor.34f22af….js:89304
call @ vendor.34f22af….js:185206
subscribe @ vendor.34f22af….js:89299
call @ vendor.34f22af….js:280940
subscribe @ vendor.34f22af….js:89299
call @ vendor.34f22af….js:89728
subscribe @ vendor.34f22af….js:89299
call @ vendor.34f22af….js:219378
subscribe @ vendor.34f22af….js:89299
s @ vendor.34f22af….js:239576
_innerSub @ vendor.34f22af….js:185238
_tryNext @ vendor.34f22af….js:185232
_next @ vendor.34f22af….js:185221
next @ vendor.34f22af….js:28832
_complete @ vendor.34f22af….js:219389
complete @ vendor.34f22af….js:28838
_complete @ vendor.34f22af….js:28850
complete @ vendor.34f22af….js:28838
_complete @ vendor.34f22af….js:28850
complete @ vendor.34f22af….js:28838
_complete @ vendor.34f22af….js:185245
complete @ vendor.34f22af….js:28838
(anonymous) @ vendor.34f22af….js:188874
_trySubscribe @ vendor.34f22af….js:89315
subscribe @ vendor.34f22af….js:89304
call @ vendor.34f22af….js:185206
subscribe @ vendor.34f22af….js:89299
call @ vendor.34f22af….js:280940
subscribe @ vendor.34f22af….js:89299
call @ vendor.34f22af….js:89728
subscribe @ vendor.34f22af….js:89299
call @ vendor.34f22af….js:219378
subscribe @ vendor.34f22af….js:89299
call @ vendor.34f22af….js:185206
subscribe @ vendor.34f22af….js:89299
Promise.then
m @ polyfills.01277dd….js:1942
scheduleTask @ polyfills.01277dd….js:1810
onScheduleTask @ polyfills.01277dd….js:1676
scheduleTask @ polyfills.01277dd….js:1799
scheduleTask @ polyfills.01277dd….js:1616
scheduleMicroTask @ polyfills.01277dd….js:1631
S @ polyfills.01277dd….js:2207
_ @ polyfills.01277dd….js:2149
(anonymous) @ polyfills.01277dd….js:2079
a @ runtime.86458c9….js:12
(anonymous) @ navi-fpk-fpk-navi-mo…258e647290bcd2.js:1
 [WARN] [mcp.DisplayManagementService]    [UI] mcp.DisplayManagementService#Could not get display. Returning static id {displayName: 'Cluster_Display_Subframe', id: 80}
console.<computed> @ (index):77
append @ main.17a1455….js:27518
(anonymous) @ main.17a1455….js:130386
prepareMessageAndLoopOverAppenders @ main.17a1455….js:130385
log2appenders @ main.17a1455….js:130369
warn @ main.17a1455….js:130315
retrieveDynamicDisplayId @ main.17a1455….js:57639
getLayerByName @ main.17a1455….js:57585
deactivateLayer @ main.17a1455….js:57483
updateDisplayConfiguration @ fpk-fpk-module-ngfac…2d99c7b2c0b.js:7840
(anonymous) @ fpk-fpk-module-ngfac…2d99c7b2c0b.js:7829
__tryOrUnsub @ vendor.34f22af….js:28924
next @ vendor.34f22af….js:28889
_next @ vendor.34f22af….js:28844
next @ vendor.34f22af….js:28832
_next @ vendor.34f22af….js:28844
next @ vendor.34f22af….js:28832
_next @ vendor.34f22af….js:108016
next @ vendor.34f22af….js:28832
_subscribe @ vendor.34f22af….js:50180
_trySubscribe @ vendor.34f22af….js:89315
_trySubscribe @ vendor.34f22af….js:165494
subscribe @ vendor.34f22af….js:89304
_subscribe @ vendor.34f22af….js:89340
subscribe @ vendor.34f22af….js:89303
call @ vendor.34f22af….js:107986
subscribe @ vendor.34f22af….js:89299
call @ vendor.34f22af….js:231687
subscribe @ vendor.34f22af….js:89299
trackActivityChanges @ fpk-fpk-module-ngfac…2d99c7b2c0b.js:7828
t @ fpk-fpk-module-ngfac…2d99c7b2c0b.js:7807
factory @ fpk-fpk-module-ngfac…2d99c7b2c0b.js:7914
(anonymous) @ vendor.34f22af….js:226818
Jt @ vendor.34f22af….js:226830
Zt @ vendor.34f22af….js:226783
get @ vendor.34f22af….js:227202
(anonymous) @ vendor.34f22af….js:224752
x @ vendor.34f22af….js:224753
factory @ fpk-fpk-module-ngfac…2d99c7b2c0b.js:8308
(anonymous) @ vendor.34f22af….js:226818
Jt @ vendor.34f22af….js:226830
Zt @ vendor.34f22af….js:226783
get @ vendor.34f22af….js:227202
(anonymous) @ vendor.34f22af….js:224752
x @ vendor.34f22af….js:224753
factory @ fpk-fpk-module-ngfac…2d99c7b2c0b.js:8486
(anonymous) @ vendor.34f22af….js:226818
Jt @ vendor.34f22af….js:226830
Zt @ vendor.34f22af….js:226783
get @ vendor.34f22af….js:227202
Zt @ vendor.34f22af….js:226786
get @ vendor.34f22af….js:227202
Fi @ vendor.34f22af….js:227434
Ri @ vendor.34f22af….js:227385
Ai @ vendor.34f22af….js:227309
xn @ vendor.34f22af….js:229349
Rn @ vendor.34f22af….js:229275
Jn @ vendor.34f22af….js:229835
create @ vendor.34f22af….js:226900
create @ vendor.34f22af….js:225622
createComponent @ vendor.34f22af….js:226986
activateWith @ vendor.34f22af….js:13520
activateRoutes @ vendor.34f22af….js:11452
(anonymous) @ vendor.34f22af….js:11416
activateChildRoutes @ vendor.34f22af….js:11415
activateRoutes @ vendor.34f22af….js:11455
(anonymous) @ vendor.34f22af….js:11416
activateChildRoutes @ vendor.34f22af….js:11415
activate @ vendor.34f22af….js:11364
(anonymous) @ vendor.34f22af….js:13029
_next @ vendor.34f22af….js:163297
next @ vendor.34f22af….js:28832
_next @ vendor.34f22af….js:41542
next @ vendor.34f22af….js:28832
_next @ vendor.34f22af….js:163301
next @ vendor.34f22af….js:28832
notifyNext @ vendor.34f22af….js:127729
_next @ vendor.34f22af….js:254948
next @ vendor.34f22af….js:28832
_next @ vendor.34f22af….js:163301
next @ vendor.34f22af….js:28832
(anonymous) @ vendor.34f22af….js:188873
_trySubscribe @ vendor.34f22af….js:89315
subscribe @ vendor.34f22af….js:89304
call @ vendor.34f22af….js:163284
subscribe @ vendor.34f22af….js:89299
s @ vendor.34f22af….js:239576
_innerSub @ vendor.34f22af….js:127713
_next @ vendor.34f22af….js:127705
next @ vendor.34f22af….js:28832
notifyNext @ vendor.34f22af….js:127729
_next @ vendor.34f22af….js:254948
next @ vendor.34f22af….js:28832
_next @ vendor.34f22af….js:163301
next @ vendor.34f22af….js:28832
_next @ vendor.34f22af….js:41542
next @ vendor.34f22af….js:28832
notifyNext @ vendor.34f22af….js:185249
_next @ vendor.34f22af….js:254948
next @ vendor.34f22af….js:28832
_next @ vendor.34f22af….js:163301
next @ vendor.34f22af….js:28832
_complete @ vendor.34f22af….js:44430
complete @ vendor.34f22af….js:28838
_complete @ vendor.34f22af….js:28850
complete @ vendor.34f22af….js:28838
_complete @ vendor.34f22af….js:185245
complete @ vendor.34f22af….js:28838
(anonymous) @ vendor.34f22af….js:188874
_trySubscribe @ vendor.34f22af….js:89315
subscribe @ vendor.34f22af….js:89304
call @ vendor.34f22af….js:185206
subscribe @ vendor.34f22af….js:89299
call @ vendor.34f22af….js:126449
subscribe @ vendor.34f22af….js:89299
call @ vendor.34f22af….js:44406
subscribe @ vendor.34f22af….js:89299
call @ vendor.34f22af….js:163284
subscribe @ vendor.34f22af….js:89299
s @ vendor.34f22af….js:239576
_innerSub @ vendor.34f22af….js:185238
_tryNext @ vendor.34f22af….js:185232
_next @ vendor.34f22af….js:185221
next @ vendor.34f22af….js:28832
_next @ vendor.34f22af….js:41542
next @ vendor.34f22af….js:28832
(anonymous) @ vendor.34f22af….js:188873
_trySubscribe @ vendor.34f22af….js:89315
subscribe @ vendor.34f22af….js:89304
call @ vendor.34f22af….js:41515
subscribe @ vendor.34f22af….js:89299
call @ vendor.34f22af….js:185206
subscribe @ vendor.34f22af….js:89299
call @ vendor.34f22af….js:41515
subscribe @ vendor.34f22af….js:89299
call @ vendor.34f22af….js:163284
subscribe @ vendor.34f22af….js:89299
s @ vendor.34f22af….js:239576
_innerSub @ vendor.34f22af….js:127713
_next @ vendor.34f22af….js:127705
next @ vendor.34f22af….js:28832
_next @ vendor.34f22af….js:280957
next @ vendor.34f22af….js:28832
_next @ vendor.34f22af….js:41542
next @ vendor.34f22af….js:28832
_next @ vendor.34f22af….js:41542
next @ vendor.34f22af….js:28832
notifyNext @ vendor.34f22af….js:185249
_next @ vendor.34f22af….js:254948
next @ vendor.34f22af….js:28832
_next @ vendor.34f22af….js:163301
next @ vendor.34f22af….js:28832
notifyNext @ vendor.34f22af….js:185249
_next @ vendor.34f22af….js:254948
next @ vendor.34f22af….js:28832
_complete @ vendor.34f22af….js:219389
complete @ vendor.34f22af….js:28838
_complete @ vendor.34f22af….js:28850
complete @ vendor.34f22af….js:28838
_complete @ vendor.34f22af….js:28850
complete @ vendor.34f22af….js:28838
_complete @ vendor.34f22af….js:185245
complete @ vendor.34f22af….js:28838
(anonymous) @ vendor.34f22af….js:188874
_trySubscribe @ vendor.34f22af….js:89315
subscribe @ vendor.34f22af….js:89304
call @ vendor.34f22af….js:185206
subscribe @ vendor.34f22af….js:89299
call @ vendor.34f22af….js:280940
subscribe @ vendor.34f22af….js:89299
call @ vendor.34f22af….js:89728
subscribe @ vendor.34f22af….js:89299
call @ vendor.34f22af….js:219378
subscribe @ vendor.34f22af….js:89299
s @ vendor.34f22af….js:239576
_innerSub @ vendor.34f22af….js:185238
_tryNext @ vendor.34f22af….js:185232
_next @ vendor.34f22af….js:185221
next @ vendor.34f22af….js:28832
_complete @ vendor.34f22af….js:219389
complete @ vendor.34f22af….js:28838
_complete @ vendor.34f22af….js:28850
complete @ vendor.34f22af….js:28838
_complete @ vendor.34f22af….js:28850
complete @ vendor.34f22af….js:28838
_complete @ vendor.34f22af….js:185245
complete @ vendor.34f22af….js:28838
(anonymous) @ vendor.34f22af….js:188874
_trySubscribe @ vendor.34f22af….js:89315
subscribe @ vendor.34f22af….js:89304
call @ vendor.34f22af….js:185206
subscribe @ vendor.34f22af….js:89299
call @ vendor.34f22af….js:280940
subscribe @ vendor.34f22af….js:89299
call @ vendor.34f22af….js:89728
subscribe @ vendor.34f22af….js:89299
call @ vendor.34f22af….js:219378
subscribe @ vendor.34f22af….js:89299
call @ vendor.34f22af….js:185206
subscribe @ vendor.34f22af….js:89299
Promise.then
m @ polyfills.01277dd….js:1942
scheduleTask @ polyfills.01277dd….js:1810
onScheduleTask @ polyfills.01277dd….js:1676
scheduleTask @ polyfills.01277dd….js:1799
scheduleTask @ polyfills.01277dd….js:1616
scheduleMicroTask @ polyfills.01277dd….js:1631
S @ polyfills.01277dd….js:2207
_ @ polyfills.01277dd….js:2149
(anonymous) @ polyfills.01277dd….js:2079
a @ runtime.86458c9….js:12
(anonymous) @ navi-fpk-fpk-navi-mo…258e647290bcd2.js:1
 [ERROR] [mcp.DisplayManagementService]    [UI] mcp.DisplayManagementService#Could not deactivate layer, because it does not exist {layerName: 'Layer_Map_Route_Guidance', displayName: 'Cluster_Display_Subframe'}
console.<computed> @ (index):77
append @ main.17a1455….js:27518
(anonymous) @ main.17a1455….js:130386
prepareMessageAndLoopOverAppenders @ main.17a1455….js:130385
log2appenders @ main.17a1455….js:130369
error @ main.17a1455….js:130318
deactivateLayer @ main.17a1455….js:57496
updateDisplayConfiguration @ fpk-fpk-module-ngfac…2d99c7b2c0b.js:7840
(anonymous) @ fpk-fpk-module-ngfac…2d99c7b2c0b.js:7829
__tryOrUnsub @ vendor.34f22af….js:28924
next @ vendor.34f22af….js:28889
_next @ vendor.34f22af….js:28844
next @ vendor.34f22af….js:28832
_next @ vendor.34f22af….js:28844
next @ vendor.34f22af….js:28832
_next @ vendor.34f22af….js:108016
next @ vendor.34f22af….js:28832
_subscribe @ vendor.34f22af….js:50180
_trySubscribe @ vendor.34f22af….js:89315
_trySubscribe @ vendor.34f22af….js:165494
subscribe @ vendor.34f22af….js:89304
_subscribe @ vendor.34f22af….js:89340
subscribe @ vendor.34f22af….js:89303
call @ vendor.34f22af….js:107986
subscribe @ vendor.34f22af….js:89299
call @ vendor.34f22af….js:231687
subscribe @ vendor.34f22af….js:89299
trackActivityChanges @ fpk-fpk-module-ngfac…2d99c7b2c0b.js:7828
t @ fpk-fpk-module-ngfac…2d99c7b2c0b.js:7807
factory @ fpk-fpk-module-ngfac…2d99c7b2c0b.js:7914
(anonymous) @ vendor.34f22af….js:226818
Jt @ vendor.34f22af….js:226830
Zt @ vendor.34f22af….js:226783
get @ vendor.34f22af….js:227202
(anonymous) @ vendor.34f22af….js:224752
x @ vendor.34f22af….js:224753
factory @ fpk-fpk-module-ngfac…2d99c7b2c0b.js:8308
(anonymous) @ vendor.34f22af….js:226818
Jt @ vendor.34f22af….js:226830
Zt @ vendor.34f22af….js:226783
get @ vendor.34f22af….js:227202
(anonymous) @ vendor.34f22af….js:224752
x @ vendor.34f22af….js:224753
factory @ fpk-fpk-module-ngfac…2d99c7b2c0b.js:8486
(anonymous) @ vendor.34f22af….js:226818
Jt @ vendor.34f22af….js:226830
Zt @ vendor.34f22af….js:226783
get @ vendor.34f22af….js:227202
Zt @ vendor.34f22af….js:226786
get @ vendor.34f22af….js:227202
Fi @ vendor.34f22af….js:227434
Ri @ vendor.34f22af….js:227385
Ai @ vendor.34f22af….js:227309
xn @ vendor.34f22af….js:229349
Rn @ vendor.34f22af….js:229275
Jn @ vendor.34f22af….js:229835
create @ vendor.34f22af….js:226900
create @ vendor.34f22af….js:225622
createComponent @ vendor.34f22af….js:226986
activateWith @ vendor.34f22af….js:13520
activateRoutes @ vendor.34f22af….js:11452
(anonymous) @ vendor.34f22af….js:11416
activateChildRoutes @ vendor.34f22af….js:11415
activateRoutes @ vendor.34f22af….js:11455
(anonymous) @ vendor.34f22af….js:11416
activateChildRoutes @ vendor.34f22af….js:11415
activate @ vendor.34f22af….js:11364
(anonymous) @ vendor.34f22af….js:13029
_next @ vendor.34f22af….js:163297
next @ vendor.34f22af….js:28832
_next @ vendor.34f22af….js:41542
next @ vendor.34f22af….js:28832
_next @ vendor.34f22af….js:163301
next @ vendor.34f22af….js:28832
notifyNext @ vendor.34f22af….js:127729
_next @ vendor.34f22af….js:254948
next @ vendor.34f22af….js:28832
_next @ vendor.34f22af….js:163301
next @ vendor.34f22af….js:28832
(anonymous) @ vendor.34f22af….js:188873
_trySubscribe @ vendor.34f22af….js:89315
subscribe @ vendor.34f22af….js:89304
call @ vendor.34f22af….js:163284
subscribe @ vendor.34f22af….js:89299
s @ vendor.34f22af….js:239576
_innerSub @ vendor.34f22af….js:127713
_next @ vendor.34f22af….js:127705
next @ vendor.34f22af….js:28832
notifyNext @ vendor.34f22af….js:127729
_next @ vendor.34f22af….js:254948
next @ vendor.34f22af….js:28832
_next @ vendor.34f22af….js:163301
next @ vendor.34f22af….js:28832
_next @ vendor.34f22af….js:41542
next @ vendor.34f22af….js:28832
notifyNext @ vendor.34f22af….js:185249
_next @ vendor.34f22af….js:254948
next @ vendor.34f22af….js:28832
_next @ vendor.34f22af….js:163301
next @ vendor.34f22af….js:28832
_complete @ vendor.34f22af….js:44430
complete @ vendor.34f22af….js:28838
_complete @ vendor.34f22af….js:28850
complete @ vendor.34f22af….js:28838
_complete @ vendor.34f22af….js:185245
complete @ vendor.34f22af….js:28838
(anonymous) @ vendor.34f22af….js:188874
_trySubscribe @ vendor.34f22af….js:89315
subscribe @ vendor.34f22af….js:89304
call @ vendor.34f22af….js:185206
subscribe @ vendor.34f22af….js:89299
call @ vendor.34f22af….js:126449
subscribe @ vendor.34f22af….js:89299
call @ vendor.34f22af….js:44406
subscribe @ vendor.34f22af….js:89299
call @ vendor.34f22af….js:163284
subscribe @ vendor.34f22af….js:89299
s @ vendor.34f22af….js:239576
_innerSub @ vendor.34f22af….js:185238
_tryNext @ vendor.34f22af….js:185232
_next @ vendor.34f22af….js:185221
next @ vendor.34f22af….js:28832
_next @ vendor.34f22af….js:41542
next @ vendor.34f22af….js:28832
(anonymous) @ vendor.34f22af….js:188873
_trySubscribe @ vendor.34f22af….js:89315
subscribe @ vendor.34f22af….js:89304
call @ vendor.34f22af….js:41515
subscribe @ vendor.34f22af….js:89299
call @ vendor.34f22af….js:185206
subscribe @ vendor.34f22af….js:89299
call @ vendor.34f22af….js:41515
subscribe @ vendor.34f22af….js:89299
call @ vendor.34f22af….js:163284
subscribe @ vendor.34f22af….js:89299
s @ vendor.34f22af….js:239576
_innerSub @ vendor.34f22af….js:127713
_next @ vendor.34f22af….js:127705
next @ vendor.34f22af….js:28832
_next @ vendor.34f22af….js:280957
next @ vendor.34f22af….js:28832
_next @ vendor.34f22af….js:41542
next @ vendor.34f22af….js:28832
_next @ vendor.34f22af….js:41542
next @ vendor.34f22af….js:28832
notifyNext @ vendor.34f22af….js:185249
_next @ vendor.34f22af….js:254948
next @ vendor.34f22af….js:28832
_next @ vendor.34f22af….js:163301
next @ vendor.34f22af….js:28832
notifyNext @ vendor.34f22af….js:185249
_next @ vendor.34f22af….js:254948
next @ vendor.34f22af….js:28832
_complete @ vendor.34f22af….js:219389
complete @ vendor.34f22af….js:28838
_complete @ vendor.34f22af….js:28850
complete @ vendor.34f22af….js:28838
_complete @ vendor.34f22af….js:28850
complete @ vendor.34f22af….js:28838
_complete @ vendor.34f22af….js:185245
complete @ vendor.34f22af….js:28838
(anonymous) @ vendor.34f22af….js:188874
_trySubscribe @ vendor.34f22af….js:89315
subscribe @ vendor.34f22af….js:89304
call @ vendor.34f22af….js:185206
subscribe @ vendor.34f22af….js:89299
call @ vendor.34f22af….js:280940
subscribe @ vendor.34f22af….js:89299
call @ vendor.34f22af….js:89728
subscribe @ vendor.34f22af….js:89299
call @ vendor.34f22af….js:219378
subscribe @ vendor.34f22af….js:89299
s @ vendor.34f22af….js:239576
_innerSub @ vendor.34f22af….js:185238
_tryNext @ vendor.34f22af….js:185232
_next @ vendor.34f22af….js:185221
next @ vendor.34f22af….js:28832
_complete @ vendor.34f22af….js:219389
complete @ vendor.34f22af….js:28838
_complete @ vendor.34f22af….js:28850
complete @ vendor.34f22af….js:28838
_complete @ vendor.34f22af….js:28850
complete @ vendor.34f22af….js:28838
_complete @ vendor.34f22af….js:185245
complete @ vendor.34f22af….js:28838
(anonymous) @ vendor.34f22af….js:188874
_trySubscribe @ vendor.34f22af….js:89315
subscribe @ vendor.34f22af….js:89304
call @ vendor.34f22af….js:185206
subscribe @ vendor.34f22af….js:89299
call @ vendor.34f22af….js:280940
subscribe @ vendor.34f22af….js:89299
call @ vendor.34f22af….js:89728
subscribe @ vendor.34f22af….js:89299
call @ vendor.34f22af….js:219378
subscribe @ vendor.34f22af….js:89299
call @ vendor.34f22af….js:185206
subscribe @ vendor.34f22af….js:89299
call @ vendor.34f22af….js:163284
subscribe @ vendor.34f22af….js:89299
Promise.then
m @ polyfills.01277dd….js:1942
scheduleTask @ polyfills.01277dd….js:1810
onScheduleTask @ polyfills.01277dd….js:1676
scheduleTask @ polyfills.01277dd….js:1799
scheduleTask @ polyfills.01277dd….js:1616
scheduleMicroTask @ polyfills.01277dd….js:1631
S @ polyfills.01277dd….js:2207
_ @ polyfills.01277dd….js:2149
(anonymous) @ polyfills.01277dd….js:2079
a @ runtime.86458c9….js:12
(anonymous) @ navi-fpk-fpk-navi-mo…258e647290bcd2.js:1
 [WARN] [navi.ManeuverDetailsViewService]    [UI] navi.ManeuverDetailsViewService#updateManeuverDetailViewObject: no valid maneuverDetailViewObjectId received
console.<computed> @ (index):77
append @ main.17a1455….js:27518
(anonymous) @ main.17a1455….js:130386
prepareMessageAndLoopOverAppenders @ main.17a1455….js:130385
log2appenders @ main.17a1455….js:130369
warn @ main.17a1455….js:130315
updateManeuverDetailViewObject @ main.17a1455….js:43409
updateVisibility @ main.17a1455….js:43330
(anonymous) @ fpk-fpk-module-ngfac…2d99c7b2c0b.js:7875
__tryOrUnsub @ vendor.34f22af….js:28924
next @ vendor.34f22af….js:28889
_next @ vendor.34f22af….js:28844
next @ vendor.34f22af….js:28832
_next @ vendor.34f22af….js:28844
next @ vendor.34f22af….js:28832
_next @ vendor.34f22af….js:108016
next @ vendor.34f22af….js:28832
_next @ vendor.34f22af….js:280957
next @ vendor.34f22af….js:28832
_subscribe @ vendor.34f22af….js:50180
_trySubscribe @ vendor.34f22af….js:89315
_trySubscribe @ vendor.34f22af….js:165494
subscribe @ vendor.34f22af….js:89304
call @ vendor.34f22af….js:280940
subscribe @ vendor.34f22af….js:89299
call @ vendor.34f22af….js:107986
subscribe @ vendor.34f22af….js:89299
call @ vendor.34f22af….js:231687
subscribe @ vendor.34f22af….js:89299
trackVisibilityChanges @ fpk-fpk-module-ngfac…2d99c7b2c0b.js:7875
t @ fpk-fpk-module-ngfac…2d99c7b2c0b.js:7809
factory @ fpk-fpk-module-ngfac…2d99c7b2c0b.js:7914
(anonymous) @ vendor.34f22af….js:226818
Jt @ vendor.34f22af….js:226830
Zt @ vendor.34f22af….js:226783
get @ vendor.34f22af….js:227202
(anonymous) @ vendor.34f22af….js:224752
x @ vendor.34f22af….js:224753
factory @ fpk-fpk-module-ngfac…2d99c7b2c0b.js:8308
(anonymous) @ vendor.34f22af….js:226818
Jt @ vendor.34f22af….js:226830
Zt @ vendor.34f22af….js:226783
get @ vendor.34f22af….js:227202
(anonymous) @ vendor.34f22af….js:224752
x @ vendor.34f22af….js:224753
factory @ fpk-fpk-module-ngfac…2d99c7b2c0b.js:8486
(anonymous) @ vendor.34f22af….js:226818
Jt @ vendor.34f22af….js:226830
Zt @ vendor.34f22af….js:226783
get @ vendor.34f22af….js:227202
Zt @ vendor.34f22af….js:226786
get @ vendor.34f22af….js:227202
Fi @ vendor.34f22af….js:227434
Ri @ vendor.34f22af….js:227385
Ai @ vendor.34f22af….js:227309
xn @ vendor.34f22af….js:229349
Rn @ vendor.34f22af….js:229275
Jn @ vendor.34f22af….js:229835
create @ vendor.34f22af….js:226900
create @ vendor.34f22af….js:225622
createComponent @ vendor.34f22af….js:226986
activateWith @ vendor.34f22af….js:13520
activateRoutes @ vendor.34f22af….js:11452
(anonymous) @ vendor.34f22af….js:11416
activateChildRoutes @ vendor.34f22af….js:11415
activateRoutes @ vendor.34f22af….js:11455
(anonymous) @ vendor.34f22af….js:11416
activateChildRoutes @ vendor.34f22af….js:11415
activate @ vendor.34f22af….js:11364
(anonymous) @ vendor.34f22af….js:13029
_next @ vendor.34f22af….js:163297
next @ vendor.34f22af….js:28832
_next @ vendor.34f22af….js:41542
next @ vendor.34f22af….js:28832
_next @ vendor.34f22af….js:163301
next @ vendor.34f22af….js:28832
notifyNext @ vendor.34f22af….js:127729
_next @ vendor.34f22af….js:254948
next @ vendor.34f22af….js:28832
_next @ vendor.34f22af….js:163301
next @ vendor.34f22af….js:28832
(anonymous) @ vendor.34f22af….js:188873
_trySubscribe @ vendor.34f22af….js:89315
subscribe @ vendor.34f22af….js:89304
call @ vendor.34f22af….js:163284
subscribe @ vendor.34f22af….js:89299
s @ vendor.34f22af….js:239576
_innerSub @ vendor.34f22af….js:127713
_next @ vendor.34f22af….js:127705
next @ vendor.34f22af….js:28832
notifyNext @ vendor.34f22af….js:127729
_next @ vendor.34f22af….js:254948
next @ vendor.34f22af….js:28832
_next @ vendor.34f22af….js:163301
next @ vendor.34f22af….js:28832
_next @ vendor.34f22af….js:41542
next @ vendor.34f22af….js:28832
notifyNext @ vendor.34f22af….js:185249
_next @ vendor.34f22af….js:254948
next @ vendor.34f22af….js:28832
_next @ vendor.34f22af….js:163301
next @ vendor.34f22af….js:28832
_complete @ vendor.34f22af….js:44430
complete @ vendor.34f22af….js:28838
_complete @ vendor.34f22af….js:28850
complete @ vendor.34f22af….js:28838
_complete @ vendor.34f22af….js:185245
complete @ vendor.34f22af….js:28838
(anonymous) @ vendor.34f22af….js:188874
_trySubscribe @ vendor.34f22af….js:89315
subscribe @ vendor.34f22af….js:89304
call @ vendor.34f22af….js:185206
subscribe @ vendor.34f22af….js:89299
call @ vendor.34f22af….js:126449
subscribe @ vendor.34f22af….js:89299
call @ vendor.34f22af….js:44406
subscribe @ vendor.34f22af….js:89299
call @ vendor.34f22af….js:163284
subscribe @ vendor.34f22af….js:89299
s @ vendor.34f22af….js:239576
_innerSub @ vendor.34f22af….js:185238
_tryNext @ vendor.34f22af….js:185232
_next @ vendor.34f22af….js:185221
next @ vendor.34f22af….js:28832
_next @ vendor.34f22af….js:41542
next @ vendor.34f22af….js:28832
(anonymous) @ vendor.34f22af….js:188873
_trySubscribe @ vendor.34f22af….js:89315
subscribe @ vendor.34f22af….js:89304
call @ vendor.34f22af….js:41515
subscribe @ vendor.34f22af….js:89299
call @ vendor.34f22af….js:185206
subscribe @ vendor.34f22af….js:89299
call @ vendor.34f22af….js:41515
subscribe @ vendor.34f22af….js:89299
call @ vendor.34f22af….js:163284
subscribe @ vendor.34f22af….js:89299
s @ vendor.34f22af….js:239576
_innerSub @ vendor.34f22af….js:127713
_next @ vendor.34f22af….js:127705
next @ vendor.34f22af….js:28832
_next @ vendor.34f22af….js:280957
next @ vendor.34f22af….js:28832
_next @ vendor.34f22af….js:41542
next @ vendor.34f22af….js:28832
_next @ vendor.34f22af….js:41542
next @ vendor.34f22af….js:28832
notifyNext @ vendor.34f22af….js:185249
_next @ vendor.34f22af….js:254948
next @ vendor.34f22af….js:28832
_next @ vendor.34f22af….js:163301
next @ vendor.34f22af….js:28832
notifyNext @ vendor.34f22af….js:185249
_next @ vendor.34f22af….js:254948
next @ vendor.34f22af….js:28832
_complete @ vendor.34f22af….js:219389
complete @ vendor.34f22af….js:28838
_complete @ vendor.34f22af….js:28850
complete @ vendor.34f22af….js:28838
_complete @ vendor.34f22af….js:28850
complete @ vendor.34f22af….js:28838
_complete @ vendor.34f22af….js:185245
complete @ vendor.34f22af….js:28838
(anonymous) @ vendor.34f22af….js:188874
_trySubscribe @ vendor.34f22af….js:89315
subscribe @ vendor.34f22af….js:89304
call @ vendor.34f22af….js:185206
subscribe @ vendor.34f22af….js:89299
call @ vendor.34f22af….js:280940
subscribe @ vendor.34f22af….js:89299
call @ vendor.34f22af….js:89728
subscribe @ vendor.34f22af….js:89299
call @ vendor.34f22af….js:219378
subscribe @ vendor.34f22af….js:89299
s @ vendor.34f22af….js:239576
_innerSub @ vendor.34f22af….js:185238
_tryNext @ vendor.34f22af….js:185232
_next @ vendor.34f22af….js:185221
next @ vendor.34f22af….js:28832
_complete @ vendor.34f22af….js:219389
complete @ vendor.34f22af….js:28838
_complete @ vendor.34f22af….js:28850
complete @ vendor.34f22af….js:28838
_complete @ vendor.34f22af….js:28850
complete @ vendor.34f22af….js:28838
_complete @ vendor.34f22af….js:185245
complete @ vendor.34f22af….js:28838
(anonymous) @ vendor.34f22af….js:188874
_trySubscribe @ vendor.34f22af….js:89315
subscribe @ vendor.34f22af….js:89304
call @ vendor.34f22af….js:185206
subscribe @ vendor.34f22af….js:89299
call @ vendor.34f22af….js:280940
subscribe @ vendor.34f22af….js:89299
call @ vendor.34f22af….js:89728
subscribe @ vendor.34f22af….js:89299
call @ vendor.34f22af….js:219378
subscribe @ vendor.34f22af….js:89299
call @ vendor.34f22af….js:185206
subscribe @ vendor.34f22af….js:89299
Promise.then
m @ polyfills.01277dd….js:1942
scheduleTask @ polyfills.01277dd….js:1810
onScheduleTask @ polyfills.01277dd….js:1676
scheduleTask @ polyfills.01277dd….js:1799
scheduleTask @ polyfills.01277dd….js:1616
scheduleMicroTask @ polyfills.01277dd….js:1631
S @ polyfills.01277dd….js:2207
_ @ polyfills.01277dd….js:2149
(anonymous) @ polyfills.01277dd….js:2079
a @ runtime.86458c9….js:12
(anonymous) @ navi-fpk-fpk-navi-mo…258e647290bcd2.js:1
 [INFO] [BENCH.Startup]    [UI] [UI][AUDI_FPK] RUDI resource presence: /system/components is present
 [INFO] [BENCH.Startup]    [UI] [UI][AUDI_FPK] UI_SYSTEM_COMPONENTS_REQUESTING
 [WARN] [directives.DocumentPointerService]    [UI] directives.DocumentPointerService#initLastFingerReleased: can not register callback for lastFingerReleased, because no eso object at window
console.<computed> @ (index):77
append @ main.17a1455….js:27518
(anonymous) @ main.17a1455….js:130386
prepareMessageAndLoopOverAppenders @ main.17a1455….js:130385
log2appenders @ main.17a1455….js:130369
warn @ main.17a1455….js:130315
initLastFingerReleased @ main.17a1455….js:77503
p @ main.17a1455….js:77463
(anonymous) @ vendor.34f22af….js:226805
Jt @ vendor.34f22af….js:226811
Zt @ vendor.34f22af….js:226754
get @ vendor.34f22af….js:227202
(anonymous) @ vendor.34f22af….js:224752
x @ vendor.34f22af….js:224753
factory @ main.17a1455….js:139391
(anonymous) @ vendor.34f22af….js:226818
Jt @ vendor.34f22af….js:226830
Zt @ vendor.34f22af….js:226783
get @ vendor.34f22af….js:227202
(anonymous) @ vendor.34f22af….js:224752
x @ vendor.34f22af….js:224753
factory @ main.17a1455….js:43661
(anonymous) @ vendor.34f22af….js:226818
Jt @ vendor.34f22af….js:226830
Zt @ vendor.34f22af….js:226783
(anonymous) @ vendor.34f22af….js:226808
Jt @ vendor.34f22af….js:226811
Zt @ vendor.34f22af….js:226754
(anonymous) @ vendor.34f22af….js:226808
Jt @ vendor.34f22af….js:226811
Zt @ vendor.34f22af….js:226754
(anonymous) @ vendor.34f22af….js:226808
Jt @ vendor.34f22af….js:226811
Zt @ vendor.34f22af….js:226754
get @ vendor.34f22af….js:227202
(anonymous) @ vendor.34f22af….js:224752
x @ vendor.34f22af….js:224753
factory @ fpk-fpk-module-ngfac…2d99c7b2c0b.js:1675
(anonymous) @ vendor.34f22af….js:226818
Jt @ vendor.34f22af….js:226830
Zt @ vendor.34f22af….js:226783
get @ vendor.34f22af….js:227202
Zt @ vendor.34f22af….js:226786
get @ vendor.34f22af….js:227202
Fi @ vendor.34f22af….js:227434
Ri @ vendor.34f22af….js:227385
Ai @ vendor.34f22af….js:227309
xn @ vendor.34f22af….js:229349
Rn @ vendor.34f22af….js:229275
Jn @ vendor.34f22af….js:229835
create @ vendor.34f22af….js:226900
create @ vendor.34f22af….js:225622
createComponent @ vendor.34f22af….js:226986
activateWith @ vendor.34f22af….js:13520
activateRoutes @ vendor.34f22af….js:11452
(anonymous) @ vendor.34f22af….js:11416
activateChildRoutes @ vendor.34f22af….js:11415
activateRoutes @ vendor.34f22af….js:11455
(anonymous) @ vendor.34f22af….js:11416
activateChildRoutes @ vendor.34f22af….js:11415
activate @ vendor.34f22af….js:11364
(anonymous) @ vendor.34f22af….js:13029
_next @ vendor.34f22af….js:163297
next @ vendor.34f22af….js:28832
_next @ vendor.34f22af….js:41542
next @ vendor.34f22af….js:28832
_next @ vendor.34f22af….js:163301
next @ vendor.34f22af….js:28832
notifyNext @ vendor.34f22af….js:127729
_next @ vendor.34f22af….js:254948
next @ vendor.34f22af….js:28832
_next @ vendor.34f22af….js:163301
next @ vendor.34f22af….js:28832
(anonymous) @ vendor.34f22af….js:188873
_trySubscribe @ vendor.34f22af….js:89315
subscribe @ vendor.34f22af….js:89304
call @ vendor.34f22af….js:163284
subscribe @ vendor.34f22af….js:89299
s @ vendor.34f22af….js:239576
_innerSub @ vendor.34f22af….js:127713
_next @ vendor.34f22af….js:127705
next @ vendor.34f22af….js:28832
notifyNext @ vendor.34f22af….js:127729
_next @ vendor.34f22af….js:254948
next @ vendor.34f22af….js:28832
_next @ vendor.34f22af….js:163301
next @ vendor.34f22af….js:28832
_next @ vendor.34f22af….js:41542
next @ vendor.34f22af….js:28832
notifyNext @ vendor.34f22af….js:185249
_next @ vendor.34f22af….js:254948
next @ vendor.34f22af….js:28832
_next @ vendor.34f22af….js:163301
next @ vendor.34f22af….js:28832
_complete @ vendor.34f22af….js:44430
complete @ vendor.34f22af….js:28838
_complete @ vendor.34f22af….js:28850
complete @ vendor.34f22af….js:28838
_complete @ vendor.34f22af….js:185245
complete @ vendor.34f22af….js:28838
(anonymous) @ vendor.34f22af….js:188874
_trySubscribe @ vendor.34f22af….js:89315
subscribe @ vendor.34f22af….js:89304
call @ vendor.34f22af….js:185206
subscribe @ vendor.34f22af….js:89299
call @ vendor.34f22af….js:126449
subscribe @ vendor.34f22af….js:89299
call @ vendor.34f22af….js:44406
subscribe @ vendor.34f22af….js:89299
call @ vendor.34f22af….js:163284
subscribe @ vendor.34f22af….js:89299
s @ vendor.34f22af….js:239576
_innerSub @ vendor.34f22af….js:185238
_tryNext @ vendor.34f22af….js:185232
_next @ vendor.34f22af….js:185221
next @ vendor.34f22af….js:28832
_next @ vendor.34f22af….js:41542
next @ vendor.34f22af….js:28832
(anonymous) @ vendor.34f22af….js:188873
_trySubscribe @ vendor.34f22af….js:89315
subscribe @ vendor.34f22af….js:89304
call @ vendor.34f22af….js:41515
subscribe @ vendor.34f22af….js:89299
call @ vendor.34f22af….js:185206
subscribe @ vendor.34f22af….js:89299
call @ vendor.34f22af….js:41515
subscribe @ vendor.34f22af….js:89299
call @ vendor.34f22af….js:163284
subscribe @ vendor.34f22af….js:89299
s @ vendor.34f22af….js:239576
_innerSub @ vendor.34f22af….js:127713
_next @ vendor.34f22af….js:127705
next @ vendor.34f22af….js:28832
_next @ vendor.34f22af….js:280957
next @ vendor.34f22af….js:28832
_next @ vendor.34f22af….js:41542
next @ vendor.34f22af….js:28832
_next @ vendor.34f22af….js:41542
next @ vendor.34f22af….js:28832
notifyNext @ vendor.34f22af….js:185249
_next @ vendor.34f22af….js:254948
next @ vendor.34f22af….js:28832
_next @ vendor.34f22af….js:163301
next @ vendor.34f22af….js:28832
notifyNext @ vendor.34f22af….js:185249
_next @ vendor.34f22af….js:254948
next @ vendor.34f22af….js:28832
_complete @ vendor.34f22af….js:219389
complete @ vendor.34f22af….js:28838
_complete @ vendor.34f22af….js:28850
complete @ vendor.34f22af….js:28838
_complete @ vendor.34f22af….js:28850
complete @ vendor.34f22af….js:28838
_complete @ vendor.34f22af….js:185245
complete @ vendor.34f22af….js:28838
(anonymous) @ vendor.34f22af….js:188874
_trySubscribe @ vendor.34f22af….js:89315
subscribe @ vendor.34f22af….js:89304
call @ vendor.34f22af….js:185206
subscribe @ vendor.34f22af….js:89299
call @ vendor.34f22af….js:280940
subscribe @ vendor.34f22af….js:89299
call @ vendor.34f22af….js:89728
subscribe @ vendor.34f22af….js:89299
call @ vendor.34f22af….js:219378
subscribe @ vendor.34f22af….js:89299
s @ vendor.34f22af….js:239576
_innerSub @ vendor.34f22af….js:185238
_tryNext @ vendor.34f22af….js:185232
_next @ vendor.34f22af….js:185221
next @ vendor.34f22af….js:28832
_complete @ vendor.34f22af….js:219389
complete @ vendor.34f22af….js:28838
_complete @ vendor.34f22af….js:28850
complete @ vendor.34f22af….js:28838
_complete @ vendor.34f22af….js:28850
complete @ vendor.34f22af….js:28838
_complete @ vendor.34f22af….js:185245
complete @ vendor.34f22af….js:28838
(anonymous) @ vendor.34f22af….js:188874
_trySubscribe @ vendor.34f22af….js:89315
subscribe @ vendor.34f22af….js:89304
call @ vendor.34f22af….js:185206
subscribe @ vendor.34f22af….js:89299
call @ vendor.34f22af….js:280940
subscribe @ vendor.34f22af….js:89299
call @ vendor.34f22af….js:89728
subscribe @ vendor.34f22af….js:89299
call @ vendor.34f22af….js:219378
subscribe @ vendor.34f22af….js:89299
call @ vendor.34f22af….js:185206
subscribe @ vendor.34f22af….js:89299
call @ vendor.34f22af….js:163284
subscribe @ vendor.34f22af….js:89299
s @ vendor.34f22af….js:239576
_innerSub @ vendor.34f22af….js:185238
_tryNext @ vendor.34f22af….js:185232
_next @ vendor.34f22af….js:185221
next @ vendor.34f22af….js:28832
_next @ vendor.34f22af….js:163301
Promise.then
m @ polyfills.01277dd….js:1942
scheduleTask @ polyfills.01277dd….js:1810
onScheduleTask @ polyfills.01277dd….js:1676
scheduleTask @ polyfills.01277dd….js:1799
scheduleTask @ polyfills.01277dd….js:1616
scheduleMicroTask @ polyfills.01277dd….js:1631
S @ polyfills.01277dd….js:2207
_ @ polyfills.01277dd….js:2149
(anonymous) @ polyfills.01277dd….js:2079
a @ runtime.86458c9….js:12
(anonymous) @ navi-fpk-fpk-navi-mo…258e647290bcd2.js:1
 [WARN] [main.NotificationsService]    [UI] main.NotificationsService#removeAllNotificationsForType: removed notification types were not active:  []
console.<computed> @ (index):77
append @ main.17a1455….js:27518
(anonymous) @ main.17a1455….js:130386
prepareMessageAndLoopOverAppenders @ main.17a1455….js:130385
log2appenders @ main.17a1455….js:130369
warn @ main.17a1455….js:130315
removeAllNotificationsForTypes @ main.17a1455….js:76025
(anonymous) @ main.17a1455….js:75855
__tryOrUnsub @ vendor.34f22af….js:28924
next @ vendor.34f22af….js:28889
_next @ vendor.34f22af….js:28844
next @ vendor.34f22af….js:28832
_next @ vendor.34f22af….js:163301
next @ vendor.34f22af….js:28832
_next @ vendor.34f22af….js:41542
next @ vendor.34f22af….js:28832
_subscribe @ vendor.34f22af….js:50180
_trySubscribe @ vendor.34f22af….js:89315
_trySubscribe @ vendor.34f22af….js:165494
subscribe @ vendor.34f22af….js:89304
_subscribe @ vendor.34f22af….js:89340
subscribe @ vendor.34f22af….js:89303
call @ vendor.34f22af….js:41515
subscribe @ vendor.34f22af….js:89299
call @ vendor.34f22af….js:163284
subscribe @ vendor.34f22af….js:89299
O @ main.17a1455….js:75855
(anonymous) @ vendor.34f22af….js:226809
Jt @ vendor.34f22af….js:226811
Zt @ vendor.34f22af….js:226754
(anonymous) @ vendor.34f22af….js:226808
Jt @ vendor.34f22af….js:226811
Zt @ vendor.34f22af….js:226754
(anonymous) @ vendor.34f22af….js:226808
Jt @ vendor.34f22af….js:226811
Zt @ vendor.34f22af….js:226754
get @ vendor.34f22af….js:227202
(anonymous) @ vendor.34f22af….js:224752
x @ vendor.34f22af….js:224753
factory @ fpk-fpk-module-ngfac…2d99c7b2c0b.js:1675
(anonymous) @ vendor.34f22af….js:226818
Jt @ vendor.34f22af….js:226830
Zt @ vendor.34f22af….js:226783
get @ vendor.34f22af….js:227202
Zt @ vendor.34f22af….js:226786
get @ vendor.34f22af….js:227202
Fi @ vendor.34f22af….js:227434
Ri @ vendor.34f22af….js:227385
Ai @ vendor.34f22af….js:227309
xn @ vendor.34f22af….js:229349
Rn @ vendor.34f22af….js:229275
Jn @ vendor.34f22af….js:229835
create @ vendor.34f22af….js:226900
create @ vendor.34f22af….js:225622
createComponent @ vendor.34f22af….js:226986
activateWith @ vendor.34f22af….js:13520
activateRoutes @ vendor.34f22af….js:11452
(anonymous) @ vendor.34f22af….js:11416
activateChildRoutes @ vendor.34f22af….js:11415
activateRoutes @ vendor.34f22af….js:11455
(anonymous) @ vendor.34f22af….js:11416
activateChildRoutes @ vendor.34f22af….js:11415
activate @ vendor.34f22af….js:11364
(anonymous) @ vendor.34f22af….js:13029
_next @ vendor.34f22af….js:163297
next @ vendor.34f22af….js:28832
_next @ vendor.34f22af….js:41542
next @ vendor.34f22af….js:28832
_next @ vendor.34f22af….js:163301
next @ vendor.34f22af….js:28832
notifyNext @ vendor.34f22af….js:127729
_next @ vendor.34f22af….js:254948
next @ vendor.34f22af….js:28832
_next @ vendor.34f22af….js:163301
next @ vendor.34f22af….js:28832
(anonymous) @ vendor.34f22af….js:188873
_trySubscribe @ vendor.34f22af….js:89315
subscribe @ vendor.34f22af….js:89304
call @ vendor.34f22af….js:163284
subscribe @ vendor.34f22af….js:89299
s @ vendor.34f22af….js:239576
_innerSub @ vendor.34f22af….js:127713
_next @ vendor.34f22af….js:127705
next @ vendor.34f22af….js:28832
notifyNext @ vendor.34f22af….js:127729
_next @ vendor.34f22af….js:254948
next @ vendor.34f22af….js:28832
_next @ vendor.34f22af….js:163301
next @ vendor.34f22af….js:28832
_next @ vendor.34f22af….js:41542
next @ vendor.34f22af….js:28832
notifyNext @ vendor.34f22af….js:185249
_next @ vendor.34f22af….js:254948
next @ vendor.34f22af….js:28832
_next @ vendor.34f22af….js:163301
next @ vendor.34f22af….js:28832
_complete @ vendor.34f22af….js:44430
complete @ vendor.34f22af….js:28838
_complete @ vendor.34f22af….js:28850
complete @ vendor.34f22af….js:28838
_complete @ vendor.34f22af….js:185245
complete @ vendor.34f22af….js:28838
(anonymous) @ vendor.34f22af….js:188874
_trySubscribe @ vendor.34f22af….js:89315
subscribe @ vendor.34f22af….js:89304
call @ vendor.34f22af….js:185206
subscribe @ vendor.34f22af….js:89299
call @ vendor.34f22af….js:126449
subscribe @ vendor.34f22af….js:89299
call @ vendor.34f22af….js:44406
subscribe @ vendor.34f22af….js:89299
call @ vendor.34f22af….js:163284
subscribe @ vendor.34f22af….js:89299
s @ vendor.34f22af….js:239576
_innerSub @ vendor.34f22af….js:185238
_tryNext @ vendor.34f22af….js:185232
_next @ vendor.34f22af….js:185221
next @ vendor.34f22af….js:28832
_next @ vendor.34f22af….js:41542
next @ vendor.34f22af….js:28832
(anonymous) @ vendor.34f22af….js:188873
_trySubscribe @ vendor.34f22af….js:89315
subscribe @ vendor.34f22af….js:89304
call @ vendor.34f22af….js:41515
subscribe @ vendor.34f22af….js:89299
call @ vendor.34f22af….js:185206
subscribe @ vendor.34f22af….js:89299
call @ vendor.34f22af….js:41515
subscribe @ vendor.34f22af….js:89299
call @ vendor.34f22af….js:163284
subscribe @ vendor.34f22af….js:89299
s @ vendor.34f22af….js:239576
_innerSub @ vendor.34f22af….js:127713
_next @ vendor.34f22af….js:127705
next @ vendor.34f22af….js:28832
_next @ vendor.34f22af….js:280957
next @ vendor.34f22af….js:28832
_next @ vendor.34f22af….js:41542
next @ vendor.34f22af….js:28832
_next @ vendor.34f22af….js:41542
next @ vendor.34f22af….js:28832
notifyNext @ vendor.34f22af….js:185249
_next @ vendor.34f22af….js:254948
next @ vendor.34f22af….js:28832
_next @ vendor.34f22af….js:163301
next @ vendor.34f22af….js:28832
notifyNext @ vendor.34f22af….js:185249
_next @ vendor.34f22af….js:254948
next @ vendor.34f22af….js:28832
_complete @ vendor.34f22af….js:219389
complete @ vendor.34f22af….js:28838
_complete @ vendor.34f22af….js:28850
complete @ vendor.34f22af….js:28838
_complete @ vendor.34f22af….js:28850
complete @ vendor.34f22af….js:28838
_complete @ vendor.34f22af….js:185245
complete @ vendor.34f22af….js:28838
(anonymous) @ vendor.34f22af….js:188874
_trySubscribe @ vendor.34f22af….js:89315
subscribe @ vendor.34f22af….js:89304
call @ vendor.34f22af….js:185206
subscribe @ vendor.34f22af….js:89299
call @ vendor.34f22af….js:280940
subscribe @ vendor.34f22af….js:89299
call @ vendor.34f22af….js:89728
subscribe @ vendor.34f22af….js:89299
call @ vendor.34f22af….js:219378
subscribe @ vendor.34f22af….js:89299
s @ vendor.34f22af….js:239576
_innerSub @ vendor.34f22af….js:185238
_tryNext @ vendor.34f22af….js:185232
_next @ vendor.34f22af….js:185221
next @ vendor.34f22af….js:28832
_complete @ vendor.34f22af….js:219389
complete @ vendor.34f22af….js:28838
_complete @ vendor.34f22af….js:28850
complete @ vendor.34f22af….js:28838
_complete @ vendor.34f22af….js:28850
complete @ vendor.34f22af….js:28838
_complete @ vendor.34f22af….js:185245
complete @ vendor.34f22af….js:28838
(anonymous) @ vendor.34f22af….js:188874
_trySubscribe @ vendor.34f22af….js:89315
subscribe @ vendor.34f22af….js:89304
call @ vendor.34f22af….js:185206
subscribe @ vendor.34f22af….js:89299
call @ vendor.34f22af….js:280940
subscribe @ vendor.34f22af….js:89299
call @ vendor.34f22af….js:89728
subscribe @ vendor.34f22af….js:89299
call @ vendor.34f22af….js:219378
subscribe @ vendor.34f22af….js:89299
call @ vendor.34f22af….js:185206
subscribe @ vendor.34f22af….js:89299
call @ vendor.34f22af….js:163284
subscribe @ vendor.34f22af….js:89299
s @ vendor.34f22af….js:239576
_innerSub @ vendor.34f22af….js:185238
_tryNext @ vendor.34f22af….js:185232
_next @ vendor.34f22af….js:185221
Promise.then
m @ polyfills.01277dd….js:1942
scheduleTask @ polyfills.01277dd….js:1810
onScheduleTask @ polyfills.01277dd….js:1676
scheduleTask @ polyfills.01277dd….js:1799
scheduleTask @ polyfills.01277dd….js:1616
scheduleMicroTask @ polyfills.01277dd….js:1631
S @ polyfills.01277dd….js:2207
_ @ polyfills.01277dd….js:2149
(anonymous) @ polyfills.01277dd….js:2079
a @ runtime.86458c9….js:12
(anonymous) @ navi-fpk-fpk-navi-mo…258e647290bcd2.js:1
 [WARN] [mcp.DisplayManagementService]    [UI] mcp.DisplayManagementService#Layers and displays not initialized while getting display id for display {displayName: 'Cluster_Display', displaysInitialized: false}
console.<computed> @ (index):77
append @ main.17a1455….js:27518
(anonymous) @ main.17a1455….js:130386
prepareMessageAndLoopOverAppenders @ main.17a1455….js:130385
log2appenders @ main.17a1455….js:130369
warn @ main.17a1455….js:130315
retrieveDynamicDisplayId @ main.17a1455….js:57626
activateLayer @ main.17a1455….js:57445
ngOnInit @ fpk-fpk-module-ngfac…2d99c7b2c0b.js:8869
(anonymous) @ vendor.34f22af….js:229496
(anonymous) @ vendor.34f22af….js:229500
Gn @ vendor.34f22af….js:229591
us @ vendor.34f22af….js:229984
(anonymous) @ fpk-fpk-module-ngfac…d99c7b2c0b.js:10908
updateDirectives @ vendor.34f22af….js:230392
Dn @ vendor.34f22af….js:229385
Wn @ vendor.34f22af….js:229800
qn @ vendor.34f22af….js:229781
Dn @ vendor.34f22af….js:229386
Wn @ vendor.34f22af….js:229800
Yn @ vendor.34f22af….js:229770
Dn @ vendor.34f22af….js:229391
detectChanges @ vendor.34f22af….js:227083
tick @ vendor.34f22af….js:228436
(anonymous) @ vendor.34f22af….js:228361
invoke @ polyfills.01277dd….js:1781
onInvoke @ vendor.34f22af….js:227940
invoke @ polyfills.01277dd….js:1772
run @ polyfills.01277dd….js:1548
run @ vendor.34f22af….js:227975
next @ vendor.34f22af….js:228360
(anonymous) @ vendor.34f22af….js:227685
__tryOrUnsub @ vendor.34f22af….js:28924
next @ vendor.34f22af….js:28889
_next @ vendor.34f22af….js:28844
next @ vendor.34f22af….js:28832
next @ vendor.34f22af….js:165464
emit @ vendor.34f22af….js:227673
Oa @ vendor.34f22af….js:227998
onHasTask @ vendor.34f22af….js:227951
hasTask @ polyfills.01277dd….js:1844
_updateTaskCount @ polyfills.01277dd….js:1861
_updateTaskCount @ polyfills.01277dd….js:1669
runTask @ polyfills.01277dd….js:1595
v @ polyfills.01277dd….js:1954
Promise.then
m @ polyfills.01277dd….js:1942
scheduleTask @ polyfills.01277dd….js:1810
onScheduleTask @ polyfills.01277dd….js:1676
scheduleTask @ polyfills.01277dd….js:1799
scheduleTask @ polyfills.01277dd….js:1616
scheduleMicroTask @ polyfills.01277dd….js:1631
S @ polyfills.01277dd….js:2207
_ @ polyfills.01277dd….js:2149
(anonymous) @ polyfills.01277dd….js:2079
a @ runtime.86458c9….js:12
(anonymous) @ navi-fpk-fpk-navi-mo…258e647290bcd2.js:1
 [WARN] [mcp.DisplayManagementService]    [UI] mcp.DisplayManagementService#Could not get display. Returning static id {displayName: 'Cluster_Display', id: 1}
console.<computed> @ (index):77
append @ main.17a1455….js:27518
(anonymous) @ main.17a1455….js:130386
prepareMessageAndLoopOverAppenders @ main.17a1455….js:130385
log2appenders @ main.17a1455….js:130369
warn @ main.17a1455….js:130315
retrieveDynamicDisplayId @ main.17a1455….js:57639
activateLayer @ main.17a1455….js:57445
ngOnInit @ fpk-fpk-module-ngfac…2d99c7b2c0b.js:8869
(anonymous) @ vendor.34f22af….js:229496
(anonymous) @ vendor.34f22af….js:229500
Gn @ vendor.34f22af….js:229591
us @ vendor.34f22af….js:229984
(anonymous) @ fpk-fpk-module-ngfac…d99c7b2c0b.js:10908
updateDirectives @ vendor.34f22af….js:230392
Dn @ vendor.34f22af….js:229385
Wn @ vendor.34f22af….js:229800
qn @ vendor.34f22af….js:229781
Dn @ vendor.34f22af….js:229386
Wn @ vendor.34f22af….js:229800
Yn @ vendor.34f22af….js:229770
Dn @ vendor.34f22af….js:229391
detectChanges @ vendor.34f22af….js:227083
tick @ vendor.34f22af….js:228436
(anonymous) @ vendor.34f22af….js:228361
invoke @ polyfills.01277dd….js:1781
onInvoke @ vendor.34f22af….js:227940
invoke @ polyfills.01277dd….js:1772
run @ polyfills.01277dd….js:1548
run @ vendor.34f22af….js:227975
next @ vendor.34f22af….js:228360
(anonymous) @ vendor.34f22af….js:227685
__tryOrUnsub @ vendor.34f22af….js:28924
next @ vendor.34f22af….js:28889
_next @ vendor.34f22af….js:28844
next @ vendor.34f22af….js:28832
next @ vendor.34f22af….js:165464
emit @ vendor.34f22af….js:227673
Oa @ vendor.34f22af….js:227998
onHasTask @ vendor.34f22af….js:227951
hasTask @ polyfills.01277dd….js:1844
_updateTaskCount @ polyfills.01277dd….js:1861
_updateTaskCount @ polyfills.01277dd….js:1669
runTask @ polyfills.01277dd….js:1595
v @ polyfills.01277dd….js:1954
Promise.then
m @ polyfills.01277dd….js:1942
scheduleTask @ polyfills.01277dd….js:1810
onScheduleTask @ polyfills.01277dd….js:1676
scheduleTask @ polyfills.01277dd….js:1799
scheduleTask @ polyfills.01277dd….js:1616
scheduleMicroTask @ polyfills.01277dd….js:1631
S @ polyfills.01277dd….js:2207
_ @ polyfills.01277dd….js:2149
(anonymous) @ polyfills.01277dd….js:2079
a @ runtime.86458c9….js:12
(anonymous) @ navi-fpk-fpk-navi-mo…258e647290bcd2.js:1
 [WARN] [mcp.DisplayManagementService]    [UI] mcp.DisplayManagementService#Displayables not initialized while getting displayable {displayableName: 'Displayable_Browser_Cluster', displaysInitialized: false, layersInitialized: false}
console.<computed> @ (index):77
append @ main.17a1455….js:27518
(anonymous) @ main.17a1455….js:130386
prepareMessageAndLoopOverAppenders @ main.17a1455….js:130385
log2appenders @ main.17a1455….js:130369
warn @ main.17a1455….js:130315
retrieveDynamicDisplayableId @ main.17a1455….js:57652
activateLayer @ main.17a1455….js:57446
ngOnInit @ fpk-fpk-module-ngfac…2d99c7b2c0b.js:8869
(anonymous) @ vendor.34f22af….js:229496
(anonymous) @ vendor.34f22af….js:229500
Gn @ vendor.34f22af….js:229591
us @ vendor.34f22af….js:229984
(anonymous) @ fpk-fpk-module-ngfac…d99c7b2c0b.js:10908
updateDirectives @ vendor.34f22af….js:230392
Dn @ vendor.34f22af….js:229385
Wn @ vendor.34f22af….js:229800
qn @ vendor.34f22af….js:229781
Dn @ vendor.34f22af….js:229386
Wn @ vendor.34f22af….js:229800
Yn @ vendor.34f22af….js:229770
Dn @ vendor.34f22af….js:229391
detectChanges @ vendor.34f22af….js:227083
tick @ vendor.34f22af….js:228436
(anonymous) @ vendor.34f22af….js:228361
invoke @ polyfills.01277dd….js:1781
onInvoke @ vendor.34f22af….js:227940
invoke @ polyfills.01277dd….js:1772
run @ polyfills.01277dd….js:1548
run @ vendor.34f22af….js:227975
next @ vendor.34f22af….js:228360
(anonymous) @ vendor.34f22af….js:227685
__tryOrUnsub @ vendor.34f22af….js:28924
next @ vendor.34f22af….js:28889
_next @ vendor.34f22af….js:28844
next @ vendor.34f22af….js:28832
next @ vendor.34f22af….js:165464
emit @ vendor.34f22af….js:227673
Oa @ vendor.34f22af….js:227998
onHasTask @ vendor.34f22af….js:227951
hasTask @ polyfills.01277dd….js:1844
_updateTaskCount @ polyfills.01277dd….js:1861
_updateTaskCount @ polyfills.01277dd….js:1669
runTask @ polyfills.01277dd….js:1595
v @ polyfills.01277dd….js:1954
Promise.then
m @ polyfills.01277dd….js:1942
scheduleTask @ polyfills.01277dd….js:1810
onScheduleTask @ polyfills.01277dd….js:1676
scheduleTask @ polyfills.01277dd….js:1799
scheduleTask @ polyfills.01277dd….js:1616
scheduleMicroTask @ polyfills.01277dd….js:1631
S @ polyfills.01277dd….js:2207
_ @ polyfills.01277dd….js:2149
(anonymous) @ polyfills.01277dd….js:2079
a @ runtime.86458c9….js:12
(anonymous) @ navi-fpk-fpk-navi-mo…258e647290bcd2.js:1
 [WARN] [mcp.DisplayManagementService]    [UI] mcp.DisplayManagementService#Could not get id for displayable". Returning static id {displayableName: 'Displayable_Browser_Cluster', id: 8}
console.<computed> @ (index):77
append @ main.17a1455….js:27518
(anonymous) @ main.17a1455….js:130386
prepareMessageAndLoopOverAppenders @ main.17a1455….js:130385
log2appenders @ main.17a1455….js:130369
warn @ main.17a1455….js:130315
retrieveDynamicDisplayableId @ main.17a1455….js:57666
activateLayer @ main.17a1455….js:57446
ngOnInit @ fpk-fpk-module-ngfac…2d99c7b2c0b.js:8869
(anonymous) @ vendor.34f22af….js:229496
(anonymous) @ vendor.34f22af….js:229500
Gn @ vendor.34f22af….js:229591
us @ vendor.34f22af….js:229984
(anonymous) @ fpk-fpk-module-ngfac…d99c7b2c0b.js:10908
updateDirectives @ vendor.34f22af….js:230392
Dn @ vendor.34f22af….js:229385
Wn @ vendor.34f22af….js:229800
qn @ vendor.34f22af….js:229781
Dn @ vendor.34f22af….js:229386
Wn @ vendor.34f22af….js:229800
Yn @ vendor.34f22af….js:229770
Dn @ vendor.34f22af….js:229391
detectChanges @ vendor.34f22af….js:227083
tick @ vendor.34f22af….js:228436
(anonymous) @ vendor.34f22af….js:228361
invoke @ polyfills.01277dd….js:1781
onInvoke @ vendor.34f22af….js:227940
invoke @ polyfills.01277dd….js:1772
run @ polyfills.01277dd….js:1548
run @ vendor.34f22af….js:227975
next @ vendor.34f22af….js:228360
(anonymous) @ vendor.34f22af….js:227685
__tryOrUnsub @ vendor.34f22af….js:28924
next @ vendor.34f22af….js:28889
_next @ vendor.34f22af….js:28844
next @ vendor.34f22af….js:28832
next @ vendor.34f22af….js:165464
emit @ vendor.34f22af….js:227673
Oa @ vendor.34f22af….js:227998
onHasTask @ vendor.34f22af….js:227951
hasTask @ polyfills.01277dd….js:1844
_updateTaskCount @ polyfills.01277dd….js:1861
_updateTaskCount @ polyfills.01277dd….js:1669
runTask @ polyfills.01277dd….js:1595
v @ polyfills.01277dd….js:1954
Promise.then
m @ polyfills.01277dd….js:1942
scheduleTask @ polyfills.01277dd….js:1810
onScheduleTask @ polyfills.01277dd….js:1676
scheduleTask @ polyfills.01277dd….js:1799
scheduleTask @ polyfills.01277dd….js:1616
scheduleMicroTask @ polyfills.01277dd….js:1631
S @ polyfills.01277dd….js:2207
_ @ polyfills.01277dd….js:2149
(anonymous) @ polyfills.01277dd….js:2079
a @ runtime.86458c9….js:12
(anonymous) @ navi-fpk-fpk-navi-mo…258e647290bcd2.js:1
 [WARN] [mcp.DisplayManagementService]    [UI] mcp.DisplayManagementService#Layers and displays not initialized while getting display id {displayName: 'Cluster_Display', layerName: 'Layer_Browser', displaysInitialized: false, layersInitialized: false}
console.<computed> @ (index):77
append @ main.17a1455….js:27518
(anonymous) @ main.17a1455….js:130386
prepareMessageAndLoopOverAppenders @ main.17a1455….js:130385
log2appenders @ main.17a1455….js:130369
warn @ main.17a1455….js:130315
retrieveDynamicLayerId @ main.17a1455….js:57680
activateLayer @ main.17a1455….js:57447
ngOnInit @ fpk-fpk-module-ngfac…2d99c7b2c0b.js:8869
(anonymous) @ vendor.34f22af….js:229496
(anonymous) @ vendor.34f22af….js:229500
Gn @ vendor.34f22af….js:229591
us @ vendor.34f22af….js:229984
(anonymous) @ fpk-fpk-module-ngfac…d99c7b2c0b.js:10908
updateDirectives @ vendor.34f22af….js:230392
Dn @ vendor.34f22af….js:229385
Wn @ vendor.34f22af….js:229800
qn @ vendor.34f22af….js:229781
Dn @ vendor.34f22af….js:229386
Wn @ vendor.34f22af….js:229800
Yn @ vendor.34f22af….js:229770
Dn @ vendor.34f22af….js:229391
detectChanges @ vendor.34f22af….js:227083
tick @ vendor.34f22af….js:228436
(anonymous) @ vendor.34f22af….js:228361
invoke @ polyfills.01277dd….js:1781
onInvoke @ vendor.34f22af….js:227940
invoke @ polyfills.01277dd….js:1772
run @ polyfills.01277dd….js:1548
run @ vendor.34f22af….js:227975
next @ vendor.34f22af….js:228360
(anonymous) @ vendor.34f22af….js:227685
__tryOrUnsub @ vendor.34f22af….js:28924
next @ vendor.34f22af….js:28889
_next @ vendor.34f22af….js:28844
next @ vendor.34f22af….js:28832
next @ vendor.34f22af….js:165464
emit @ vendor.34f22af….js:227673
Oa @ vendor.34f22af….js:227998
onHasTask @ vendor.34f22af….js:227951
hasTask @ polyfills.01277dd….js:1844
_updateTaskCount @ polyfills.01277dd….js:1861
_updateTaskCount @ polyfills.01277dd….js:1669
runTask @ polyfills.01277dd….js:1595
v @ polyfills.01277dd….js:1954
Promise.then
m @ polyfills.01277dd….js:1942
scheduleTask @ polyfills.01277dd….js:1810
onScheduleTask @ polyfills.01277dd….js:1676
scheduleTask @ polyfills.01277dd….js:1799
scheduleTask @ polyfills.01277dd….js:1616
scheduleMicroTask @ polyfills.01277dd….js:1631
S @ polyfills.01277dd….js:2207
_ @ polyfills.01277dd….js:2149
(anonymous) @ polyfills.01277dd….js:2079
a @ runtime.86458c9….js:12
(anonymous) @ navi-fpk-fpk-navi-mo…258e647290bcd2.js:1
 [WARN] [mcp.DisplayManagementService]    [UI] mcp.DisplayManagementService#Could not get layer id (no layers for display). Returning static id {displayName: 'Cluster_Display', layerName: 'Layer_Browser', id: 3}
console.<computed> @ (index):77
append @ main.17a1455….js:27518
(anonymous) @ main.17a1455….js:130386
prepareMessageAndLoopOverAppenders @ main.17a1455….js:130385
log2appenders @ main.17a1455….js:130369
warn @ main.17a1455….js:130315
retrieveDynamicLayerId @ main.17a1455….js:57702
activateLayer @ main.17a1455….js:57447
ngOnInit @ fpk-fpk-module-ngfac…2d99c7b2c0b.js:8869
(anonymous) @ vendor.34f22af….js:229496
(anonymous) @ vendor.34f22af….js:229500
Gn @ vendor.34f22af….js:229591
us @ vendor.34f22af….js:229984
(anonymous) @ fpk-fpk-module-ngfac…d99c7b2c0b.js:10908
updateDirectives @ vendor.34f22af….js:230392
Dn @ vendor.34f22af….js:229385
Wn @ vendor.34f22af….js:229800
qn @ vendor.34f22af….js:229781
Dn @ vendor.34f22af….js:229386
Wn @ vendor.34f22af….js:229800
Yn @ vendor.34f22af….js:229770
Dn @ vendor.34f22af….js:229391
detectChanges @ vendor.34f22af….js:227083
tick @ vendor.34f22af….js:228436
(anonymous) @ vendor.34f22af….js:228361
invoke @ polyfills.01277dd….js:1781
onInvoke @ vendor.34f22af….js:227940
invoke @ polyfills.01277dd….js:1772
run @ polyfills.01277dd….js:1548
run @ vendor.34f22af….js:227975
next @ vendor.34f22af….js:228360
(anonymous) @ vendor.34f22af….js:227685
__tryOrUnsub @ vendor.34f22af….js:28924
next @ vendor.34f22af….js:28889
_next @ vendor.34f22af….js:28844
next @ vendor.34f22af….js:28832
next @ vendor.34f22af….js:165464
emit @ vendor.34f22af….js:227673
Oa @ vendor.34f22af….js:227998
onHasTask @ vendor.34f22af….js:227951
hasTask @ polyfills.01277dd….js:1844
_updateTaskCount @ polyfills.01277dd….js:1861
_updateTaskCount @ polyfills.01277dd….js:1669
runTask @ polyfills.01277dd….js:1595
v @ polyfills.01277dd….js:1954
Promise.then
m @ polyfills.01277dd….js:1942
scheduleTask @ polyfills.01277dd….js:1810
onScheduleTask @ polyfills.01277dd….js:1676
scheduleTask @ polyfills.01277dd….js:1799
scheduleTask @ polyfills.01277dd….js:1616
scheduleMicroTask @ polyfills.01277dd….js:1631
S @ polyfills.01277dd….js:2207
_ @ polyfills.01277dd….js:2149
(anonymous) @ polyfills.01277dd….js:2079
a @ runtime.86458c9….js:12
(anonymous) @ navi-fpk-fpk-navi-mo…258e647290bcd2.js:1
 [WARN] [mcp.DisplayManagementService]    [UI] mcp.DisplayManagementService#Layers and displays not initialized while getting display id {displayName: 'Driver_Display', layerName: 'Layer_Browser', displaysInitialized: false, layersInitialized: false}
console.<computed> @ (index):77
append @ main.17a1455….js:27518
(anonymous) @ main.17a1455….js:130386
prepareMessageAndLoopOverAppenders @ main.17a1455….js:130385
log2appenders @ main.17a1455….js:130369
warn @ main.17a1455….js:130315
retrieveDynamicLayerId @ main.17a1455….js:57680
getLayerByName @ main.17a1455….js:57584
updateLayerRegions @ main.17a1455….js:57503
(anonymous) @ fpk-fpk-module-ngfac…2d99c7b2c0b.js:8875
__tryOrUnsub @ vendor.34f22af….js:28924
next @ vendor.34f22af….js:28889
_next @ vendor.34f22af….js:28844
next @ vendor.34f22af….js:28832
_next @ vendor.34f22af….js:28844
next @ vendor.34f22af….js:28832
_subscribe @ vendor.34f22af….js:50180
_trySubscribe @ vendor.34f22af….js:89315
_trySubscribe @ vendor.34f22af….js:165494
subscribe @ vendor.34f22af….js:89304
_subscribe @ vendor.34f22af….js:89340
subscribe @ vendor.34f22af….js:89303
call @ vendor.34f22af….js:231687
subscribe @ vendor.34f22af….js:89299
ngOnInit @ fpk-fpk-module-ngfac…2d99c7b2c0b.js:8872
(anonymous) @ vendor.34f22af….js:229496
(anonymous) @ vendor.34f22af….js:229500
Gn @ vendor.34f22af….js:229591
us @ vendor.34f22af….js:229984
(anonymous) @ fpk-fpk-module-ngfac…d99c7b2c0b.js:10908
updateDirectives @ vendor.34f22af….js:230392
Dn @ vendor.34f22af….js:229385
Wn @ vendor.34f22af….js:229800
qn @ vendor.34f22af….js:229781
Dn @ vendor.34f22af….js:229386
Wn @ vendor.34f22af….js:229800
Yn @ vendor.34f22af….js:229770
Dn @ vendor.34f22af….js:229391
detectChanges @ vendor.34f22af….js:227083
tick @ vendor.34f22af….js:228436
(anonymous) @ vendor.34f22af….js:228361
invoke @ polyfills.01277dd….js:1781
onInvoke @ vendor.34f22af….js:227940
invoke @ polyfills.01277dd….js:1772
run @ polyfills.01277dd….js:1548
run @ vendor.34f22af….js:227975
next @ vendor.34f22af….js:228360
(anonymous) @ vendor.34f22af….js:227685
__tryOrUnsub @ vendor.34f22af….js:28924
next @ vendor.34f22af….js:28889
_next @ vendor.34f22af….js:28844
next @ vendor.34f22af….js:28832
next @ vendor.34f22af….js:165464
emit @ vendor.34f22af….js:227673
Oa @ vendor.34f22af….js:227998
onHasTask @ vendor.34f22af….js:227951
hasTask @ polyfills.01277dd….js:1844
_updateTaskCount @ polyfills.01277dd….js:1861
_updateTaskCount @ polyfills.01277dd….js:1669
runTask @ polyfills.01277dd….js:1595
v @ polyfills.01277dd….js:1954
Promise.then
m @ polyfills.01277dd….js:1942
scheduleTask @ polyfills.01277dd….js:1810
onScheduleTask @ polyfills.01277dd….js:1676
scheduleTask @ polyfills.01277dd….js:1799
scheduleTask @ polyfills.01277dd….js:1616
scheduleMicroTask @ polyfills.01277dd….js:1631
S @ polyfills.01277dd….js:2207
_ @ polyfills.01277dd….js:2149
(anonymous) @ polyfills.01277dd….js:2079
a @ runtime.86458c9….js:12
(anonymous) @ navi-fpk-fpk-navi-mo…258e647290bcd2.js:1
 [WARN] [mcp.DisplayManagementService]    [UI] mcp.DisplayManagementService#Could not get layer id (no layers for display). Returning static id {displayName: 'Driver_Display', layerName: 'Layer_Browser', id: 3}
console.<computed> @ (index):77
append @ main.17a1455….js:27518
(anonymous) @ main.17a1455….js:130386
prepareMessageAndLoopOverAppenders @ main.17a1455….js:130385
log2appenders @ main.17a1455….js:130369
warn @ main.17a1455….js:130315
retrieveDynamicLayerId @ main.17a1455….js:57702
getLayerByName @ main.17a1455….js:57584
updateLayerRegions @ main.17a1455….js:57503
(anonymous) @ fpk-fpk-module-ngfac…2d99c7b2c0b.js:8875
__tryOrUnsub @ vendor.34f22af….js:28924
next @ vendor.34f22af….js:28889
_next @ vendor.34f22af….js:28844
next @ vendor.34f22af….js:28832
_next @ vendor.34f22af….js:28844
next @ vendor.34f22af….js:28832
_subscribe @ vendor.34f22af….js:50180
_trySubscribe @ vendor.34f22af….js:89315
_trySubscribe @ vendor.34f22af….js:165494
subscribe @ vendor.34f22af….js:89304
_subscribe @ vendor.34f22af….js:89340
subscribe @ vendor.34f22af….js:89303
call @ vendor.34f22af….js:231687
subscribe @ vendor.34f22af….js:89299
ngOnInit @ fpk-fpk-module-ngfac…2d99c7b2c0b.js:8872
(anonymous) @ vendor.34f22af….js:229496
(anonymous) @ vendor.34f22af….js:229500
Gn @ vendor.34f22af….js:229591
us @ vendor.34f22af….js:229984
(anonymous) @ fpk-fpk-module-ngfac…d99c7b2c0b.js:10908
updateDirectives @ vendor.34f22af….js:230392
Dn @ vendor.34f22af….js:229385
Wn @ vendor.34f22af….js:229800
qn @ vendor.34f22af….js:229781
Dn @ vendor.34f22af….js:229386
Wn @ vendor.34f22af….js:229800
Yn @ vendor.34f22af….js:229770
Dn @ vendor.34f22af….js:229391
detectChanges @ vendor.34f22af….js:227083
tick @ vendor.34f22af….js:228436
(anonymous) @ vendor.34f22af….js:228361
invoke @ polyfills.01277dd….js:1781
onInvoke @ vendor.34f22af….js:227940
invoke @ polyfills.01277dd….js:1772
run @ polyfills.01277dd….js:1548
run @ vendor.34f22af….js:227975
next @ vendor.34f22af….js:228360
(anonymous) @ vendor.34f22af….js:227685
__tryOrUnsub @ vendor.34f22af….js:28924
next @ vendor.34f22af….js:28889
_next @ vendor.34f22af….js:28844
next @ vendor.34f22af….js:28832
next @ vendor.34f22af….js:165464
emit @ vendor.34f22af….js:227673
Oa @ vendor.34f22af….js:227998
onHasTask @ vendor.34f22af….js:227951
hasTask @ polyfills.01277dd….js:1844
_updateTaskCount @ polyfills.01277dd….js:1861
_updateTaskCount @ polyfills.01277dd….js:1669
runTask @ polyfills.01277dd….js:1595
v @ polyfills.01277dd….js:1954
Promise.then
m @ polyfills.01277dd….js:1942
scheduleTask @ polyfills.01277dd….js:1810
onScheduleTask @ polyfills.01277dd….js:1676
scheduleTask @ polyfills.01277dd….js:1799
scheduleTask @ polyfills.01277dd….js:1616
scheduleMicroTask @ polyfills.01277dd….js:1631
S @ polyfills.01277dd….js:2207
_ @ polyfills.01277dd….js:2149
(anonymous) @ polyfills.01277dd….js:2079
a @ runtime.86458c9….js:12
(anonymous) @ navi-fpk-fpk-navi-mo…258e647290bcd2.js:1
 [WARN] [mcp.DisplayManagementService]    [UI] mcp.DisplayManagementService#Layers and displays not initialized while getting display id for display {displayName: 'Driver_Display', displaysInitialized: false}
console.<computed> @ (index):77
append @ main.17a1455….js:27518
(anonymous) @ main.17a1455….js:130386
prepareMessageAndLoopOverAppenders @ main.17a1455….js:130385
log2appenders @ main.17a1455….js:130369
warn @ main.17a1455….js:130315
retrieveDynamicDisplayId @ main.17a1455….js:57626
getLayerByName @ main.17a1455….js:57585
updateLayerRegions @ main.17a1455….js:57503
(anonymous) @ fpk-fpk-module-ngfac…2d99c7b2c0b.js:8875
__tryOrUnsub @ vendor.34f22af….js:28924
next @ vendor.34f22af….js:28889
_next @ vendor.34f22af….js:28844
next @ vendor.34f22af….js:28832
_next @ vendor.34f22af….js:28844
next @ vendor.34f22af….js:28832
_subscribe @ vendor.34f22af….js:50180
_trySubscribe @ vendor.34f22af….js:89315
_trySubscribe @ vendor.34f22af….js:165494
subscribe @ vendor.34f22af….js:89304
_subscribe @ vendor.34f22af….js:89340
subscribe @ vendor.34f22af….js:89303
call @ vendor.34f22af….js:231687
subscribe @ vendor.34f22af….js:89299
ngOnInit @ fpk-fpk-module-ngfac…2d99c7b2c0b.js:8872
(anonymous) @ vendor.34f22af….js:229496
(anonymous) @ vendor.34f22af….js:229500
Gn @ vendor.34f22af….js:229591
us @ vendor.34f22af….js:229984
(anonymous) @ fpk-fpk-module-ngfac…d99c7b2c0b.js:10908
updateDirectives @ vendor.34f22af….js:230392
Dn @ vendor.34f22af….js:229385
Wn @ vendor.34f22af….js:229800
qn @ vendor.34f22af….js:229781
Dn @ vendor.34f22af….js:229386
Wn @ vendor.34f22af….js:229800
Yn @ vendor.34f22af….js:229770
Dn @ vendor.34f22af….js:229391
detectChanges @ vendor.34f22af….js:227083
tick @ vendor.34f22af….js:228436
(anonymous) @ vendor.34f22af….js:228361
invoke @ polyfills.01277dd….js:1781
onInvoke @ vendor.34f22af….js:227940
invoke @ polyfills.01277dd….js:1772
run @ polyfills.01277dd….js:1548
run @ vendor.34f22af….js:227975
next @ vendor.34f22af….js:228360
(anonymous) @ vendor.34f22af….js:227685
__tryOrUnsub @ vendor.34f22af….js:28924
next @ vendor.34f22af….js:28889
_next @ vendor.34f22af….js:28844
next @ vendor.34f22af….js:28832
next @ vendor.34f22af….js:165464
emit @ vendor.34f22af….js:227673
Oa @ vendor.34f22af….js:227998
onHasTask @ vendor.34f22af….js:227951
hasTask @ polyfills.01277dd….js:1844
_updateTaskCount @ polyfills.01277dd….js:1861
_updateTaskCount @ polyfills.01277dd….js:1669
runTask @ polyfills.01277dd….js:1595
v @ polyfills.01277dd….js:1954
Promise.then
m @ polyfills.01277dd….js:1942
scheduleTask @ polyfills.01277dd….js:1810
onScheduleTask @ polyfills.01277dd….js:1676
scheduleTask @ polyfills.01277dd….js:1799
scheduleTask @ polyfills.01277dd….js:1616
scheduleMicroTask @ polyfills.01277dd….js:1631
S @ polyfills.01277dd….js:2207
_ @ polyfills.01277dd….js:2149
(anonymous) @ polyfills.01277dd….js:2079
a @ runtime.86458c9….js:12
(anonymous) @ navi-fpk-fpk-navi-mo…258e647290bcd2.js:1
 [WARN] [mcp.DisplayManagementService]    [UI] mcp.DisplayManagementService#Could not get display. Returning static id {displayName: 'Driver_Display', id: 0}
console.<computed> @ (index):77
append @ main.17a1455….js:27518
(anonymous) @ main.17a1455….js:130386
prepareMessageAndLoopOverAppenders @ main.17a1455….js:130385
log2appenders @ main.17a1455….js:130369
warn @ main.17a1455….js:130315
retrieveDynamicDisplayId @ main.17a1455….js:57639
getLayerByName @ main.17a1455….js:57585
updateLayerRegions @ main.17a1455….js:57503
(anonymous) @ fpk-fpk-module-ngfac…2d99c7b2c0b.js:8875
__tryOrUnsub @ vendor.34f22af….js:28924
next @ vendor.34f22af….js:28889
_next @ vendor.34f22af….js:28844
next @ vendor.34f22af….js:28832
_next @ vendor.34f22af….js:28844
next @ vendor.34f22af….js:28832
_subscribe @ vendor.34f22af….js:50180
_trySubscribe @ vendor.34f22af….js:89315
_trySubscribe @ vendor.34f22af….js:165494
subscribe @ vendor.34f22af….js:89304
_subscribe @ vendor.34f22af….js:89340
subscribe @ vendor.34f22af….js:89303
call @ vendor.34f22af….js:231687
subscribe @ vendor.34f22af….js:89299
ngOnInit @ fpk-fpk-module-ngfac…2d99c7b2c0b.js:8872
(anonymous) @ vendor.34f22af….js:229496
(anonymous) @ vendor.34f22af….js:229500
Gn @ vendor.34f22af….js:229591
us @ vendor.34f22af….js:229984
(anonymous) @ fpk-fpk-module-ngfac…d99c7b2c0b.js:10908
updateDirectives @ vendor.34f22af….js:230392
Dn @ vendor.34f22af….js:229385
Wn @ vendor.34f22af….js:229800
qn @ vendor.34f22af….js:229781
Dn @ vendor.34f22af….js:229386
Wn @ vendor.34f22af….js:229800
Yn @ vendor.34f22af….js:229770
Dn @ vendor.34f22af….js:229391
detectChanges @ vendor.34f22af….js:227083
tick @ vendor.34f22af….js:228436
(anonymous) @ vendor.34f22af….js:228361
invoke @ polyfills.01277dd….js:1781
onInvoke @ vendor.34f22af….js:227940
invoke @ polyfills.01277dd….js:1772
run @ polyfills.01277dd….js:1548
run @ vendor.34f22af….js:227975
next @ vendor.34f22af….js:228360
(anonymous) @ vendor.34f22af….js:227685
__tryOrUnsub @ vendor.34f22af….js:28924
next @ vendor.34f22af….js:28889
_next @ vendor.34f22af….js:28844
next @ vendor.34f22af….js:28832
next @ vendor.34f22af….js:165464
emit @ vendor.34f22af….js:227673
Oa @ vendor.34f22af….js:227998
onHasTask @ vendor.34f22af….js:227951
hasTask @ polyfills.01277dd….js:1844
_updateTaskCount @ polyfills.01277dd….js:1861
_updateTaskCount @ polyfills.01277dd….js:1669
runTask @ polyfills.01277dd….js:1595
v @ polyfills.01277dd….js:1954
Promise.then
m @ polyfills.01277dd….js:1942
scheduleTask @ polyfills.01277dd….js:1810
onScheduleTask @ polyfills.01277dd….js:1676
scheduleTask @ polyfills.01277dd….js:1799
scheduleTask @ polyfills.01277dd….js:1616
scheduleMicroTask @ polyfills.01277dd….js:1631
S @ polyfills.01277dd….js:2207
_ @ polyfills.01277dd….js:2149
(anonymous) @ polyfills.01277dd….js:2079
a @ runtime.86458c9….js:12
(anonymous) @ navi-fpk-fpk-navi-mo…258e647290bcd2.js:1
 [ERROR] [mcp.DisplayManagementService]    [UI] mcp.DisplayManagementService#Could not update layer regions, because it does not exist {layerName: 'Layer_Browser', source: {…}, target: {…}, displayName: 'Driver_Display'}
console.<computed> @ (index):77
append @ main.17a1455….js:27518
(anonymous) @ main.17a1455….js:130386
prepareMessageAndLoopOverAppenders @ main.17a1455….js:130385
log2appenders @ main.17a1455….js:130369
error @ main.17a1455….js:130318
updateLayerRegions @ main.17a1455….js:57514
(anonymous) @ fpk-fpk-module-ngfac…2d99c7b2c0b.js:8875
__tryOrUnsub @ vendor.34f22af….js:28924
next @ vendor.34f22af….js:28889
_next @ vendor.34f22af….js:28844
next @ vendor.34f22af….js:28832
_next @ vendor.34f22af….js:28844
next @ vendor.34f22af….js:28832
_subscribe @ vendor.34f22af….js:50180
_trySubscribe @ vendor.34f22af….js:89315
_trySubscribe @ vendor.34f22af….js:165494
subscribe @ vendor.34f22af….js:89304
_subscribe @ vendor.34f22af….js:89340
subscribe @ vendor.34f22af….js:89303
call @ vendor.34f22af….js:231687
subscribe @ vendor.34f22af….js:89299
ngOnInit @ fpk-fpk-module-ngfac…2d99c7b2c0b.js:8872
(anonymous) @ vendor.34f22af….js:229496
(anonymous) @ vendor.34f22af….js:229500
Gn @ vendor.34f22af….js:229591
us @ vendor.34f22af….js:229984
(anonymous) @ fpk-fpk-module-ngfac…d99c7b2c0b.js:10908
updateDirectives @ vendor.34f22af….js:230392
Dn @ vendor.34f22af….js:229385
Wn @ vendor.34f22af….js:229800
qn @ vendor.34f22af….js:229781
Dn @ vendor.34f22af….js:229386
Wn @ vendor.34f22af….js:229800
Yn @ vendor.34f22af….js:229770
Dn @ vendor.34f22af….js:229391
detectChanges @ vendor.34f22af….js:227083
tick @ vendor.34f22af….js:228436
(anonymous) @ vendor.34f22af….js:228361
invoke @ polyfills.01277dd….js:1781
onInvoke @ vendor.34f22af….js:227940
invoke @ polyfills.01277dd….js:1772
run @ polyfills.01277dd….js:1548
run @ vendor.34f22af….js:227975
next @ vendor.34f22af….js:228360
(anonymous) @ vendor.34f22af….js:227685
__tryOrUnsub @ vendor.34f22af….js:28924
next @ vendor.34f22af….js:28889
_next @ vendor.34f22af….js:28844
next @ vendor.34f22af….js:28832
next @ vendor.34f22af….js:165464
emit @ vendor.34f22af….js:227673
Oa @ vendor.34f22af….js:227998
onHasTask @ vendor.34f22af….js:227951
hasTask @ polyfills.01277dd….js:1844
_updateTaskCount @ polyfills.01277dd….js:1861
_updateTaskCount @ polyfills.01277dd….js:1669
runTask @ polyfills.01277dd….js:1595
v @ polyfills.01277dd….js:1954
Promise.then
m @ polyfills.01277dd….js:1942
scheduleTask @ polyfills.01277dd….js:1810
onScheduleTask @ polyfills.01277dd….js:1676
scheduleTask @ polyfills.01277dd….js:1799
scheduleTask @ polyfills.01277dd….js:1616
scheduleMicroTask @ polyfills.01277dd….js:1631
S @ polyfills.01277dd….js:2207
_ @ polyfills.01277dd….js:2149
(anonymous) @ polyfills.01277dd….js:2079
a @ runtime.86458c9….js:12
(anonymous) @ navi-fpk-fpk-navi-mo…258e647290bcd2.js:1
 [INFO] [BENCH.Startup]    [UI] [UI][AUDI_FPK] UI_FIRST_SCREEN_INITIALIZED
 [INFO] [BENCH.Startup]    [UI] [UI][AUDI_FPK] UI_LANGUAGE_AVAILABLE (en_US)
 [INFO] [BENCH.Startup]    [UI] [UI][AUDI_FPK] UI_LANGUAGE_LOADING via ngx-translate (en_US)
 [Startup] first screen rendered: 388.156982421875 ms
 [INFO] [BENCH.Startup]    [UI] [UI][AUDI_FPK] UI_FIRST_SCREEN_RENDERED
 [INFO] [BENCH.Startup]    [UI] [UI][AUDI_FPK] UI_SYSTEM_COMPONENTS_AVAILABLE
 [WARN] [main.NotificationsService]    [UI] main.NotificationsService#removeAllNotificationsForType: removed notification types were not active:  (8) ['NAV_LADESAULEN_MONITOR_RECOM', 'NAV_ETRON_LOW_ENERGY_WARNING', 'NAV_NPR_RESTRICTION_AVOIDED', 'NAV_ASIAN_CN_REGULATION_NPR', 'RADIO_SXM_ALERT', 'ETC_TOLL_FEE', 'ETC_TOLL_REFUND', 'CAR_CLEAN_AIR']
console.<computed> @ (index):77
append @ main.17a1455….js:27518
(anonymous) @ main.17a1455….js:130386
prepareMessageAndLoopOverAppenders @ main.17a1455….js:130385
log2appenders @ main.17a1455….js:130369
warn @ main.17a1455….js:130315
removeAllNotificationsForTypes @ main.17a1455….js:76025
(anonymous) @ main.17a1455….js:75855
__tryOrUnsub @ vendor.34f22af….js:28924
next @ vendor.34f22af….js:28889
_next @ vendor.34f22af….js:28844
next @ vendor.34f22af….js:28832
_next @ vendor.34f22af….js:163301
next @ vendor.34f22af….js:28832
_next @ vendor.34f22af….js:41542
next @ vendor.34f22af….js:28832
next @ vendor.34f22af….js:165464
next @ vendor.34f22af….js:50188
(anonymous) @ main.17a1455….js:139085
__tryOrUnsub @ vendor.34f22af….js:28924
next @ vendor.34f22af….js:28889
_next @ vendor.34f22af….js:28844
next @ vendor.34f22af….js:28832
_next @ vendor.34f22af….js:41542
next @ vendor.34f22af….js:28832
notifyNext @ vendor.34f22af….js:127729
_next @ vendor.34f22af….js:254948
next @ vendor.34f22af….js:28832
_next @ vendor.34f22af….js:89739
next @ vendor.34f22af….js:28832
notifyNext @ vendor.34f22af….js:81190
_next @ vendor.34f22af….js:254948
next @ vendor.34f22af….js:28832
_next @ vendor.34f22af….js:163301
next @ vendor.34f22af….js:28832
_next @ vendor.34f22af….js:41542
next @ vendor.34f22af….js:28832
(anonymous) @ vendor.34f22af….js:188873
_trySubscribe @ vendor.34f22af….js:89315
subscribe @ vendor.34f22af….js:89304
call @ vendor.34f22af….js:41515
subscribe @ vendor.34f22af….js:89299
call @ vendor.34f22af….js:163284
subscribe @ vendor.34f22af….js:89299
s @ vendor.34f22af….js:239576
_complete @ vendor.34f22af….js:81172
complete @ vendor.34f22af….js:28838
(anonymous) @ vendor.34f22af….js:188874
_trySubscribe @ vendor.34f22af….js:89315
subscribe @ vendor.34f22af….js:89304
call @ vendor.34f22af….js:81150
subscribe @ vendor.34f22af….js:89299
call @ vendor.34f22af….js:89728
subscribe @ vendor.34f22af….js:89299
s @ vendor.34f22af….js:239576
_innerSub @ vendor.34f22af….js:127713
_next @ vendor.34f22af….js:127705
next @ vendor.34f22af….js:28832
_next @ vendor.34f22af….js:28844
next @ vendor.34f22af….js:28832
notifyNext @ vendor.34f22af….js:127729
_next @ vendor.34f22af….js:254948
next @ vendor.34f22af….js:28832
_next @ vendor.34f22af….js:163301
next @ vendor.34f22af….js:28832
_next @ vendor.34f22af….js:28844
next @ vendor.34f22af….js:28832
notifyNext @ vendor.34f22af….js:81190
_next @ vendor.34f22af….js:254948
next @ vendor.34f22af….js:28832
_next @ vendor.34f22af….js:41542
next @ vendor.34f22af….js:28832
_next @ vendor.34f22af….js:163301
next @ vendor.34f22af….js:28832
notifyNext @ vendor.34f22af….js:14840
_next @ vendor.34f22af….js:254948
next @ vendor.34f22af….js:28832
_next @ vendor.34f22af….js:163301
next @ vendor.34f22af….js:28832
_next @ vendor.34f22af….js:28844
next @ vendor.34f22af….js:28832
next @ vendor.34f22af….js:141879
_next @ vendor.34f22af….js:28844
next @ vendor.34f22af….js:28832
notifyNext @ vendor.34f22af….js:185249
_next @ vendor.34f22af….js:254948
next @ vendor.34f22af….js:28832
_next @ vendor.34f22af….js:163301
next @ vendor.34f22af….js:28832
next @ vendor.34f22af….js:50795
actionResponse @ vendor.34f22af….js:50605
msgReceiver @ vendor.34f22af….js:44366
_receive @ vendor.34f22af….js:44344
onWsEvent @ vendor.34f22af….js:44282
onWsEvent @ vendor.34f22af….js:44158
(anonymous) @ vendor.34f22af….js:44138
_ @ polyfills.01277dd….js:2469
invokeTask @ polyfills.01277dd….js:1824
onInvokeTask @ vendor.34f22af….js:227933
invokeTask @ polyfills.01277dd….js:1816
runTask @ polyfills.01277dd….js:1585
invokeTask @ polyfills.01277dd….js:1896
h @ polyfills.01277dd….js:2715
p @ polyfills.01277dd….js:2732
 [ERROR] [mcp.PopupManagementService]    [UI] mcp.PopupManagementService#updatePopupState: Error while performing update {"requested":false} popup alle_Notifications on display Driver_Display:  
console.<computed> @ (index):77
append @ main.17a1455….js:27518
(anonymous) @ main.17a1455….js:130386
prepareMessageAndLoopOverAppenders @ main.17a1455….js:130385
log2appenders @ main.17a1455….js:130369
error @ main.17a1455….js:130318
(anonymous) @ main.17a1455….js:163557
_error @ vendor.34f22af….js:41546
error @ vendor.34f22af….js:28835
notifyError @ vendor.34f22af….js:247301
_error @ vendor.34f22af….js:254957
error @ vendor.34f22af….js:28835
_next @ vendor.34f22af….js:163299
next @ vendor.34f22af….js:28832
next @ vendor.34f22af….js:50795
actionResponse @ vendor.34f22af….js:50605
msgReceiver @ vendor.34f22af….js:44366
_receive @ vendor.34f22af….js:44344
onWsEvent @ vendor.34f22af….js:44282
onWsEvent @ vendor.34f22af….js:44158
(anonymous) @ vendor.34f22af….js:44138
_ @ polyfills.01277dd….js:2469
invokeTask @ polyfills.01277dd….js:1824
onInvokeTask @ vendor.34f22af….js:227933
invokeTask @ polyfills.01277dd….js:1816
runTask @ polyfills.01277dd….js:1585
invokeTask @ polyfills.01277dd….js:1896
h @ polyfills.01277dd….js:2715
p @ polyfills.01277dd….js:2732
 [ERROR] [rootZone]    [UI] main.ts#UI-Exception: Error: Uncaught (in promise): Error: Serialization Error: Expected type 'string' but got 'undefined' for property 'name'
Error: Serialization Error: Expected type 'string' but got 'undefined' for property 'name'
    at Object.deserialize (vendor.34f22af….js:108463:21)
    at Object.deserialize (vendor.34f22af….js:118612:15)
    at s.project (vendor.34f22af….js:26098:19)
    at s._next (vendor.34f22af….js:163297:30)
    at s.next (vendor.34f22af….js:28832:34)
    at h.next (vendor.34f22af….js:50795:31)
    at f.actionResponse (vendor.34f22af….js:50605:15)
    at Object.msgReceiver (vendor.34f22af….js:44366:27)
    at Object._receive (vendor.34f22af….js:44344:18)
    at Object.onWsEvent (vendor.34f22af….js:44282:22)
    at _ (polyfills.01277dd26c…4e28071d.js:2155:35)
    at polyfills.01277dd26c…4e28071d.js:2079:23
    at u._error (vendor.34f22af….js:89353:24)
    at u.__tryOrUnsub (vendor.34f22af….js:28924:15)
    at u.error (vendor.34f22af….js:28899:25)
    at c._error (vendor.34f22af….js:28847:29)
    at c.error (vendor.34f22af….js:28835:58)
    at l._error (vendor.34f22af….js:28847:29)
    at l.error (vendor.34f22af….js:28835:58)
    at l._error (vendor.34f22af….js:41550:28)
console.<computed> @ (index):77
append @ main.17a1455….js:27518
(anonymous) @ main.17a1455….js:130386
prepareMessageAndLoopOverAppenders @ main.17a1455….js:130385
log2appenders @ main.17a1455….js:130369
error @ main.17a1455….js:130318
handleError @ main.17a1455….js:39563
L @ main.17a1455….js:191517
handleError @ polyfills.01277dd….js:1786
onHandleError @ vendor.34f22af….js:227956
handleError @ polyfills.01277dd….js:1786
runGuarded @ polyfills.01277dd….js:1559
(anonymous) @ polyfills.01277dd….js:2046
v @ polyfills.01277dd….js:1960
invokeTask @ polyfills.01277dd….js:1898
h @ polyfills.01277dd….js:2715
p @ polyfills.01277dd….js:2732
 [WARN] [rootZone]    [UI] main.ts#Rejected Promise with error:  
console.<computed> @ (index):77
append @ main.17a1455….js:27518
(anonymous) @ main.17a1455….js:130386
prepareMessageAndLoopOverAppenders @ main.17a1455….js:130385
log2appenders @ main.17a1455….js:130369
warn @ main.17a1455….js:130315
handleError @ main.17a1455….js:39574
L @ main.17a1455….js:191517
handleError @ polyfills.01277dd….js:1786
onHandleError @ vendor.34f22af….js:227956
handleError @ polyfills.01277dd….js:1786
runGuarded @ polyfills.01277dd….js:1559
(anonymous) @ polyfills.01277dd….js:2046
v @ polyfills.01277dd….js:1960
invokeTask @ polyfills.01277dd….js:1898
h @ polyfills.01277dd….js:2715
p @ polyfills.01277dd….js:2732
 [ERROR] [GlobalErrorHandler]    [UI] GlobalErrorHandler#UI-Exception: Error: Uncaught (in promise): Error: Serialization Error: Expected type 'string' but got 'undefined' for property 'name'
Error: Serialization Error: Expected type 'string' but got 'undefined' for property 'name'
    at Object.deserialize (vendor.34f22af….js:108463:21)
    at Object.deserialize (vendor.34f22af….js:118612:15)
    at s.project (vendor.34f22af….js:26098:19)
    at s._next (vendor.34f22af….js:163297:30)
    at s.next (vendor.34f22af….js:28832:34)
    at h.next (vendor.34f22af….js:50795:31)
    at f.actionResponse (vendor.34f22af….js:50605:15)
    at Object.msgReceiver (vendor.34f22af….js:44366:27)
    at Object._receive (vendor.34f22af….js:44344:18)
    at Object.onWsEvent (vendor.34f22af….js:44282:22)
    at _ (polyfills.01277dd26c…4e28071d.js:2155:35)
    at polyfills.01277dd26c…4e28071d.js:2079:23
    at u._error (vendor.34f22af….js:89353:24)
    at u.__tryOrUnsub (vendor.34f22af….js:28924:15)
    at u.error (vendor.34f22af….js:28899:25)
    at c._error (vendor.34f22af….js:28847:29)
    at c.error (vendor.34f22af….js:28835:58)
    at l._error (vendor.34f22af….js:28847:29)
    at l.error (vendor.34f22af….js:28835:58)
    at l._error (vendor.34f22af….js:41550:28)
console.<computed> @ (index):77
append @ main.17a1455….js:27518
(anonymous) @ main.17a1455….js:130386
prepareMessageAndLoopOverAppenders @ main.17a1455….js:130385
log2appenders @ main.17a1455….js:130369
error @ main.17a1455….js:130318
handleError @ main.17a1455….js:39563
handleError @ main.17a1455….js:39589
next @ vendor.34f22af….js:228273
(anonymous) @ vendor.34f22af….js:227685
__tryOrUnsub @ vendor.34f22af….js:28924
next @ vendor.34f22af….js:28889
_next @ vendor.34f22af….js:28844
next @ vendor.34f22af….js:28832
next @ vendor.34f22af….js:165464
emit @ vendor.34f22af….js:227673
(anonymous) @ vendor.34f22af….js:227957
invoke @ polyfills.01277dd….js:1781
run @ polyfills.01277dd….js:1548
runOutsideAngular @ vendor.34f22af….js:227990
onHandleError @ vendor.34f22af….js:227957
handleError @ polyfills.01277dd….js:1786
runGuarded @ polyfills.01277dd….js:1559
(anonymous) @ polyfills.01277dd….js:2046
v @ polyfills.01277dd….js:1960
invokeTask @ polyfills.01277dd….js:1898
h @ polyfills.01277dd….js:2715
p @ polyfills.01277dd….js:2732
 [WARN] [GlobalErrorHandler]    [UI] GlobalErrorHandler#Rejected Promise with error:  
console.<computed> @ (index):77
append @ main.17a1455….js:27518
(anonymous) @ main.17a1455….js:130386
prepareMessageAndLoopOverAppenders @ main.17a1455….js:130385
log2appenders @ main.17a1455….js:130369
warn @ main.17a1455….js:130315
handleError @ main.17a1455….js:39574
handleError @ main.17a1455….js:39589
next @ vendor.34f22af….js:228273
(anonymous) @ vendor.34f22af….js:227685
__tryOrUnsub @ vendor.34f22af….js:28924
next @ vendor.34f22af….js:28889
_next @ vendor.34f22af….js:28844
next @ vendor.34f22af….js:28832
next @ vendor.34f22af….js:165464
emit @ vendor.34f22af….js:227673
(anonymous) @ vendor.34f22af….js:227957
invoke @ polyfills.01277dd….js:1781
run @ polyfills.01277dd….js:1548
runOutsideAngular @ vendor.34f22af….js:227990
onHandleError @ vendor.34f22af….js:227957
handleError @ polyfills.01277dd….js:1786
runGuarded @ polyfills.01277dd….js:1559
(anonymous) @ polyfills.01277dd….js:2046
v @ polyfills.01277dd….js:1960
invokeTask @ polyfills.01277dd….js:1898
h @ polyfills.01277dd….js:2715
p @ polyfills.01277dd….js:2732
 [ERROR] [AppComponent]    [UI] AppComponent#UI-Exception: Error: Uncaught (in promise): Error: Serialization Error: Expected type 'string' but got 'undefined' for property 'name'
Error: Serialization Error: Expected type 'string' but got 'undefined' for property 'name'
    at Object.deserialize (vendor.34f22af….js:108463:21)
    at Object.deserialize (vendor.34f22af….js:118612:15)
    at s.project (vendor.34f22af….js:26098:19)
    at s._next (vendor.34f22af….js:163297:30)
    at s.next (vendor.34f22af….js:28832:34)
    at h.next (vendor.34f22af….js:50795:31)
    at f.actionResponse (vendor.34f22af….js:50605:15)
    at Object.msgReceiver (vendor.34f22af….js:44366:27)
    at Object._receive (vendor.34f22af….js:44344:18)
    at Object.onWsEvent (vendor.34f22af….js:44282:22)
    at _ (polyfills.01277dd26c…4e28071d.js:2155:35)
    at polyfills.01277dd26c…4e28071d.js:2079:23
    at u._error (vendor.34f22af….js:89353:24)
    at u.__tryOrUnsub (vendor.34f22af….js:28924:15)
    at u.error (vendor.34f22af….js:28899:25)
    at c._error (vendor.34f22af….js:28847:29)
    at c.error (vendor.34f22af….js:28835:58)
    at l._error (vendor.34f22af….js:28847:29)
    at l.error (vendor.34f22af….js:28835:58)
    at l._error (vendor.34f22af….js:41550:28)
console.<computed> @ (index):77
append @ main.17a1455….js:27518
(anonymous) @ main.17a1455….js:130386
prepareMessageAndLoopOverAppenders @ main.17a1455….js:130385
log2appenders @ main.17a1455….js:130369
error @ main.17a1455….js:130318
handleError @ main.17a1455….js:39563
(anonymous) @ main.17a1455….js:91599
(anonymous) @ vendor.34f22af….js:227708
__tryOrUnsub @ vendor.34f22af….js:28924
next @ vendor.34f22af….js:28889
_next @ vendor.34f22af….js:28844
next @ vendor.34f22af….js:28832
next @ vendor.34f22af….js:165464
emit @ vendor.34f22af….js:227673
(anonymous) @ vendor.34f22af….js:227957
invoke @ polyfills.01277dd….js:1781
run @ polyfills.01277dd….js:1548
runOutsideAngular @ vendor.34f22af….js:227990
onHandleError @ vendor.34f22af….js:227957
handleError @ polyfills.01277dd….js:1786
runGuarded @ polyfills.01277dd….js:1559
(anonymous) @ polyfills.01277dd….js:2046
v @ polyfills.01277dd….js:1960
invokeTask @ polyfills.01277dd….js:1898
h @ polyfills.01277dd….js:2715
p @ polyfills.01277dd….js:2732
 [WARN] [AppComponent]    [UI] AppComponent#Rejected Promise with error:  
console.<computed> @ (index):77
append @ main.17a1455….js:27518
(anonymous) @ main.17a1455….js:130386
prepareMessageAndLoopOverAppenders @ main.17a1455….js:130385
log2appenders @ main.17a1455….js:130369
warn @ main.17a1455….js:130315
handleError @ main.17a1455….js:39574
(anonymous) @ main.17a1455….js:91599
(anonymous) @ vendor.34f22af….js:227708
__tryOrUnsub @ vendor.34f22af….js:28924
next @ vendor.34f22af….js:28889
_next @ vendor.34f22af….js:28844
next @ vendor.34f22af….js:28832
next @ vendor.34f22af….js:165464
emit @ vendor.34f22af….js:227673
(anonymous) @ vendor.34f22af….js:227957
invoke @ polyfills.01277dd….js:1781
run @ polyfills.01277dd….js:1548
runOutsideAngular @ vendor.34f22af….js:227990
onHandleError @ vendor.34f22af….js:227957
handleError @ polyfills.01277dd….js:1786
runGuarded @ polyfills.01277dd….js:1559
(anonymous) @ polyfills.01277dd….js:2046
v @ polyfills.01277dd….js:1960
invokeTask @ polyfills.01277dd….js:1898
h @ polyfills.01277dd….js:2715
p @ polyfills.01277dd….js:2732
 [WARN] [main.NotificationsService]    [UI] main.NotificationsService#removeAllNotificationsForType: removed notification types were not active:  (8) ['NAV_LADESAULEN_MONITOR_RECOM', 'NAV_ETRON_LOW_ENERGY_WARNING', 'NAV_NPR_RESTRICTION_AVOIDED', 'NAV_ASIAN_CN_REGULATION_NPR', 'RADIO_SXM_ALERT', 'ETC_TOLL_FEE', 'ETC_TOLL_REFUND', 'CAR_CLEAN_AIR']
console.<computed> @ (index):77
append @ main.17a1455….js:27518
(anonymous) @ main.17a1455….js:130386
prepareMessageAndLoopOverAppenders @ main.17a1455….js:130385
log2appenders @ main.17a1455….js:130369
warn @ main.17a1455….js:130315
removeAllNotificationsForTypes @ main.17a1455….js:76025
(anonymous) @ main.17a1455….js:75855
__tryOrUnsub @ vendor.34f22af….js:28924
next @ vendor.34f22af….js:28889
_next @ vendor.34f22af….js:28844
next @ vendor.34f22af….js:28832
_next @ vendor.34f22af….js:163301
next @ vendor.34f22af….js:28832
_next @ vendor.34f22af….js:41542
next @ vendor.34f22af….js:28832
next @ vendor.34f22af….js:165464
next @ vendor.34f22af….js:50188
(anonymous) @ main.17a1455….js:139085
__tryOrUnsub @ vendor.34f22af….js:28924
next @ vendor.34f22af….js:28889
_next @ vendor.34f22af….js:28844
next @ vendor.34f22af….js:28832
_next @ vendor.34f22af….js:41542
next @ vendor.34f22af….js:28832
notifyNext @ vendor.34f22af….js:127729
_next @ vendor.34f22af….js:254948
next @ vendor.34f22af….js:28832
_next @ vendor.34f22af….js:89739
next @ vendor.34f22af….js:28832
notifyNext @ vendor.34f22af….js:81190
_next @ vendor.34f22af….js:254948
next @ vendor.34f22af….js:28832
_next @ vendor.34f22af….js:163301
next @ vendor.34f22af….js:28832
_next @ vendor.34f22af….js:41542
next @ vendor.34f22af….js:28832
(anonymous) @ vendor.34f22af….js:188873
_trySubscribe @ vendor.34f22af….js:89315
subscribe @ vendor.34f22af….js:89304
call @ vendor.34f22af….js:41515
subscribe @ vendor.34f22af….js:89299
call @ vendor.34f22af….js:163284
subscribe @ vendor.34f22af….js:89299
s @ vendor.34f22af….js:239576
_complete @ vendor.34f22af….js:81172
complete @ vendor.34f22af….js:28838
(anonymous) @ vendor.34f22af….js:188874
_trySubscribe @ vendor.34f22af….js:89315
subscribe @ vendor.34f22af….js:89304
call @ vendor.34f22af….js:81150
subscribe @ vendor.34f22af….js:89299
call @ vendor.34f22af….js:89728
subscribe @ vendor.34f22af….js:89299
s @ vendor.34f22af….js:239576
_innerSub @ vendor.34f22af….js:127713
_next @ vendor.34f22af….js:127705
next @ vendor.34f22af….js:28832
_next @ vendor.34f22af….js:28844
next @ vendor.34f22af….js:28832
notifyNext @ vendor.34f22af….js:127729
_next @ vendor.34f22af….js:254948
next @ vendor.34f22af….js:28832
_next @ vendor.34f22af….js:163301
next @ vendor.34f22af….js:28832
_next @ vendor.34f22af….js:28844
next @ vendor.34f22af….js:28832
notifyNext @ vendor.34f22af….js:81190
_next @ vendor.34f22af….js:254948
next @ vendor.34f22af….js:28832
_next @ vendor.34f22af….js:41542
next @ vendor.34f22af….js:28832
_next @ vendor.34f22af….js:163301
next @ vendor.34f22af….js:28832
notifyNext @ vendor.34f22af….js:14840
_next @ vendor.34f22af….js:254948
next @ vendor.34f22af….js:28832
_next @ vendor.34f22af….js:163301
next @ vendor.34f22af….js:28832
_next @ vendor.34f22af….js:28844
next @ vendor.34f22af….js:28832
next @ vendor.34f22af….js:141879
_next @ vendor.34f22af….js:28844
next @ vendor.34f22af….js:28832
notifyNext @ vendor.34f22af….js:185249
_next @ vendor.34f22af….js:254948
next @ vendor.34f22af….js:28832
_next @ vendor.34f22af….js:163301
next @ vendor.34f22af….js:28832
next @ vendor.34f22af….js:50795
actionResponse @ vendor.34f22af….js:50605
msgReceiver @ vendor.34f22af….js:44366
_receive @ vendor.34f22af….js:44344
onWsEvent @ vendor.34f22af….js:44282
onWsEvent @ vendor.34f22af….js:44158
(anonymous) @ vendor.34f22af….js:44138
_ @ polyfills.01277dd….js:2469
invokeTask @ polyfills.01277dd….js:1824
onInvokeTask @ vendor.34f22af….js:227933
invokeTask @ polyfills.01277dd….js:1816
runTask @ polyfills.01277dd….js:1585
invokeTask @ polyfills.01277dd….js:1896
h @ polyfills.01277dd….js:2715
p @ polyfills.01277dd….js:2732
 [WARN] [main.NotificationsService]    [UI] main.NotificationsService#removeAllNotificationsForType: removed notification types were not active:  (8) ['NAV_LADESAULEN_MONITOR_RECOM', 'NAV_ETRON_LOW_ENERGY_WARNING', 'NAV_NPR_RESTRICTION_AVOIDED', 'NAV_ASIAN_CN_REGULATION_NPR', 'RADIO_SXM_ALERT', 'ETC_TOLL_FEE', 'ETC_TOLL_REFUND', 'CAR_CLEAN_AIR']
console.<computed> @ (index):77
append @ main.17a1455….js:27518
(anonymous) @ main.17a1455….js:130386
prepareMessageAndLoopOverAppenders @ main.17a1455….js:130385
log2appenders @ main.17a1455….js:130369
warn @ main.17a1455….js:130315
removeAllNotificationsForTypes @ main.17a1455….js:76025
(anonymous) @ main.17a1455….js:75855
__tryOrUnsub @ vendor.34f22af….js:28924
next @ vendor.34f22af….js:28889
_next @ vendor.34f22af….js:28844
next @ vendor.34f22af….js:28832
_next @ vendor.34f22af….js:163301
next @ vendor.34f22af….js:28832
_next @ vendor.34f22af….js:41542
next @ vendor.34f22af….js:28832
next @ vendor.34f22af….js:165464
next @ vendor.34f22af….js:50188
(anonymous) @ main.17a1455….js:139085
__tryOrUnsub @ vendor.34f22af….js:28924
next @ vendor.34f22af….js:28889
_next @ vendor.34f22af….js:28844
next @ vendor.34f22af….js:28832
_next @ vendor.34f22af….js:41542
next @ vendor.34f22af….js:28832
notifyNext @ vendor.34f22af….js:127729
_next @ vendor.34f22af….js:254948
next @ vendor.34f22af….js:28832
_next @ vendor.34f22af….js:89739
next @ vendor.34f22af….js:28832
notifyNext @ vendor.34f22af….js:81190
_next @ vendor.34f22af….js:254948
next @ vendor.34f22af….js:28832
_next @ vendor.34f22af….js:163301
next @ vendor.34f22af….js:28832
_next @ vendor.34f22af….js:41542
next @ vendor.34f22af….js:28832
(anonymous) @ vendor.34f22af….js:188873
_trySubscribe @ vendor.34f22af….js:89315
subscribe @ vendor.34f22af….js:89304
call @ vendor.34f22af….js:41515
subscribe @ vendor.34f22af….js:89299
call @ vendor.34f22af….js:163284
subscribe @ vendor.34f22af….js:89299
s @ vendor.34f22af….js:239576
_complete @ vendor.34f22af….js:81172
complete @ vendor.34f22af….js:28838
(anonymous) @ vendor.34f22af….js:188874
_trySubscribe @ vendor.34f22af….js:89315
subscribe @ vendor.34f22af….js:89304
call @ vendor.34f22af….js:81150
subscribe @ vendor.34f22af….js:89299
call @ vendor.34f22af….js:89728
subscribe @ vendor.34f22af….js:89299
s @ vendor.34f22af….js:239576
_innerSub @ vendor.34f22af….js:127713
_next @ vendor.34f22af….js:127705
next @ vendor.34f22af….js:28832
_next @ vendor.34f22af….js:28844
next @ vendor.34f22af….js:28832
notifyNext @ vendor.34f22af….js:127729
_next @ vendor.34f22af….js:254948
next @ vendor.34f22af….js:28832
_next @ vendor.34f22af….js:163301
next @ vendor.34f22af….js:28832
_next @ vendor.34f22af….js:28844
next @ vendor.34f22af….js:28832
notifyNext @ vendor.34f22af….js:81190
_next @ vendor.34f22af….js:254948
next @ vendor.34f22af….js:28832
_next @ vendor.34f22af….js:41542
next @ vendor.34f22af….js:28832
_next @ vendor.34f22af….js:163301
next @ vendor.34f22af….js:28832
notifyNext @ vendor.34f22af….js:14840
_next @ vendor.34f22af….js:254948
next @ vendor.34f22af….js:28832
_next @ vendor.34f22af….js:163301
next @ vendor.34f22af….js:28832
_next @ vendor.34f22af….js:28844
next @ vendor.34f22af….js:28832
next @ vendor.34f22af….js:141879
_next @ vendor.34f22af….js:28844
next @ vendor.34f22af….js:28832
notifyNext @ vendor.34f22af….js:185249
_next @ vendor.34f22af….js:254948
next @ vendor.34f22af….js:28832
_next @ vendor.34f22af….js:163301
next @ vendor.34f22af….js:28832
next @ vendor.34f22af….js:50795
actionResponse @ vendor.34f22af….js:50605
msgReceiver @ vendor.34f22af….js:44366
_receive @ vendor.34f22af….js:44344
onWsEvent @ vendor.34f22af….js:44282
onWsEvent @ vendor.34f22af….js:44158
(anonymous) @ vendor.34f22af….js:44138
_ @ polyfills.01277dd….js:2469
invokeTask @ polyfills.01277dd….js:1824
onInvokeTask @ vendor.34f22af….js:227933
invokeTask @ polyfills.01277dd….js:1816
runTask @ polyfills.01277dd….js:1585
invokeTask @ polyfills.01277dd….js:1896
h @ polyfills.01277dd….js:2715
p @ polyfills.01277dd….js:2732
 [WARN] [main.NotificationsService]    [UI] main.NotificationsService#removeAllNotificationsForType: removed notification types were not active:  (8) ['NAV_LADESAULEN_MONITOR_RECOM', 'NAV_ETRON_LOW_ENERGY_WARNING', 'NAV_NPR_RESTRICTION_AVOIDED', 'NAV_ASIAN_CN_REGULATION_NPR', 'RADIO_SXM_ALERT', 'ETC_TOLL_FEE', 'ETC_TOLL_REFUND', 'CAR_CLEAN_AIR']
console.<computed> @ (index):77
append @ main.17a1455….js:27518
(anonymous) @ main.17a1455….js:130386
prepareMessageAndLoopOverAppenders @ main.17a1455….js:130385
log2appenders @ main.17a1455….js:130369
warn @ main.17a1455….js:130315
removeAllNotificationsForTypes @ main.17a1455….js:76025
(anonymous) @ main.17a1455….js:75855
__tryOrUnsub @ vendor.34f22af….js:28924
next @ vendor.34f22af….js:28889
_next @ vendor.34f22af….js:28844
next @ vendor.34f22af….js:28832
_next @ vendor.34f22af….js:163301
next @ vendor.34f22af….js:28832
_next @ vendor.34f22af….js:41542
next @ vendor.34f22af….js:28832
next @ vendor.34f22af….js:165464
next @ vendor.34f22af….js:50188
(anonymous) @ main.17a1455….js:139085
__tryOrUnsub @ vendor.34f22af….js:28924
next @ vendor.34f22af….js:28889
_next @ vendor.34f22af….js:28844
next @ vendor.34f22af….js:28832
_next @ vendor.34f22af….js:41542
next @ vendor.34f22af….js:28832
notifyNext @ vendor.34f22af….js:127729
_next @ vendor.34f22af….js:254948
next @ vendor.34f22af….js:28832
_next @ vendor.34f22af….js:89739
next @ vendor.34f22af….js:28832
notifyNext @ vendor.34f22af….js:81190
_next @ vendor.34f22af….js:254948
next @ vendor.34f22af….js:28832
_next @ vendor.34f22af….js:163301
next @ vendor.34f22af….js:28832
_next @ vendor.34f22af….js:41542
next @ vendor.34f22af….js:28832
(anonymous) @ vendor.34f22af….js:188873
_trySubscribe @ vendor.34f22af….js:89315
subscribe @ vendor.34f22af….js:89304
call @ vendor.34f22af….js:41515
subscribe @ vendor.34f22af….js:89299
call @ vendor.34f22af….js:163284
subscribe @ vendor.34f22af….js:89299
s @ vendor.34f22af….js:239576
_complete @ vendor.34f22af….js:81172
complete @ vendor.34f22af….js:28838
(anonymous) @ vendor.34f22af….js:188874
_trySubscribe @ vendor.34f22af….js:89315
subscribe @ vendor.34f22af….js:89304
call @ vendor.34f22af….js:81150
subscribe @ vendor.34f22af….js:89299
call @ vendor.34f22af….js:89728
subscribe @ vendor.34f22af….js:89299
s @ vendor.34f22af….js:239576
_innerSub @ vendor.34f22af….js:127713
_next @ vendor.34f22af….js:127705
next @ vendor.34f22af….js:28832
_next @ vendor.34f22af….js:28844
next @ vendor.34f22af….js:28832
notifyNext @ vendor.34f22af….js:127729
_next @ vendor.34f22af….js:254948
next @ vendor.34f22af….js:28832
_next @ vendor.34f22af….js:163301
next @ vendor.34f22af….js:28832
_next @ vendor.34f22af….js:28844
next @ vendor.34f22af….js:28832
notifyNext @ vendor.34f22af….js:81190
_next @ vendor.34f22af….js:254948
next @ vendor.34f22af….js:28832
_next @ vendor.34f22af….js:41542
next @ vendor.34f22af….js:28832
_next @ vendor.34f22af….js:163301
next @ vendor.34f22af….js:28832
notifyNext @ vendor.34f22af….js:14840
_next @ vendor.34f22af….js:254948
next @ vendor.34f22af….js:28832
_next @ vendor.34f22af….js:163301
next @ vendor.34f22af….js:28832
_next @ vendor.34f22af….js:28844
next @ vendor.34f22af….js:28832
next @ vendor.34f22af….js:141879
_next @ vendor.34f22af….js:28844
next @ vendor.34f22af….js:28832
notifyNext @ vendor.34f22af….js:185249
_next @ vendor.34f22af….js:254948
next @ vendor.34f22af….js:28832
_next @ vendor.34f22af….js:163301
next @ vendor.34f22af….js:28832
next @ vendor.34f22af….js:50795
actionResponse @ vendor.34f22af….js:50605
msgReceiver @ vendor.34f22af….js:44366
_receive @ vendor.34f22af….js:44344
onWsEvent @ vendor.34f22af….js:44282
onWsEvent @ vendor.34f22af….js:44158
(anonymous) @ vendor.34f22af….js:44138
_ @ polyfills.01277dd….js:2469
invokeTask @ polyfills.01277dd….js:1824
onInvokeTask @ vendor.34f22af….js:227933
invokeTask @ polyfills.01277dd….js:1816
runTask @ polyfills.01277dd….js:1585
invokeTask @ polyfills.01277dd….js:1896
h @ polyfills.01277dd….js:2715
p @ polyfills.01277dd….js:2732
 [WARN] [main.NotificationsService]    [UI] main.NotificationsService#removeAllNotificationsForType: removed notification types were not active:  (8) ['NAV_LADESAULEN_MONITOR_RECOM', 'NAV_ETRON_LOW_ENERGY_WARNING', 'NAV_NPR_RESTRICTION_AVOIDED', 'NAV_ASIAN_CN_REGULATION_NPR', 'RADIO_SXM_ALERT', 'ETC_TOLL_FEE', 'ETC_TOLL_REFUND', 'CAR_CLEAN_AIR']
console.<computed> @ (index):77
append @ main.17a1455….js:27518
(anonymous) @ main.17a1455….js:130386
prepareMessageAndLoopOverAppenders @ main.17a1455….js:130385
log2appenders @ main.17a1455….js:130369
warn @ main.17a1455….js:130315
removeAllNotificationsForTypes @ main.17a1455….js:76025
(anonymous) @ main.17a1455….js:75855
__tryOrUnsub @ vendor.34f22af….js:28924
next @ vendor.34f22af….js:28889
_next @ vendor.34f22af….js:28844
next @ vendor.34f22af….js:28832
_next @ vendor.34f22af….js:163301
next @ vendor.34f22af….js:28832
_next @ vendor.34f22af….js:41542
next @ vendor.34f22af….js:28832
next @ vendor.34f22af….js:165464
next @ vendor.34f22af….js:50188
(anonymous) @ main.17a1455….js:139085
__tryOrUnsub @ vendor.34f22af….js:28924
next @ vendor.34f22af….js:28889
_next @ vendor.34f22af….js:28844
next @ vendor.34f22af….js:28832
_next @ vendor.34f22af….js:41542
next @ vendor.34f22af….js:28832
notifyNext @ vendor.34f22af….js:127729
_next @ vendor.34f22af….js:254948
next @ vendor.34f22af….js:28832
_next @ vendor.34f22af….js:89739
next @ vendor.34f22af….js:28832
notifyNext @ vendor.34f22af….js:81190
_next @ vendor.34f22af….js:254948
next @ vendor.34f22af….js:28832
_next @ vendor.34f22af….js:163301
next @ vendor.34f22af….js:28832
_next @ vendor.34f22af….js:41542
next @ vendor.34f22af….js:28832
(anonymous) @ vendor.34f22af….js:188873
_trySubscribe @ vendor.34f22af….js:89315
subscribe @ vendor.34f22af….js:89304
call @ vendor.34f22af….js:41515
subscribe @ vendor.34f22af….js:89299
call @ vendor.34f22af….js:163284
subscribe @ vendor.34f22af….js:89299
s @ vendor.34f22af….js:239576
_complete @ vendor.34f22af….js:81172
complete @ vendor.34f22af….js:28838
(anonymous) @ vendor.34f22af….js:188874
_trySubscribe @ vendor.34f22af….js:89315
subscribe @ vendor.34f22af….js:89304
call @ vendor.34f22af….js:81150
subscribe @ vendor.34f22af….js:89299
call @ vendor.34f22af….js:89728
subscribe @ vendor.34f22af….js:89299
s @ vendor.34f22af….js:239576
_innerSub @ vendor.34f22af….js:127713
_next @ vendor.34f22af….js:127705
next @ vendor.34f22af….js:28832
_next @ vendor.34f22af….js:28844
next @ vendor.34f22af….js:28832
notifyNext @ vendor.34f22af….js:127729
_next @ vendor.34f22af….js:254948
next @ vendor.34f22af….js:28832
_next @ vendor.34f22af….js:163301
next @ vendor.34f22af….js:28832
_next @ vendor.34f22af….js:28844
next @ vendor.34f22af….js:28832
notifyNext @ vendor.34f22af….js:81190
_next @ vendor.34f22af….js:254948
next @ vendor.34f22af….js:28832
_next @ vendor.34f22af….js:41542
next @ vendor.34f22af….js:28832
_next @ vendor.34f22af….js:163301
next @ vendor.34f22af….js:28832
notifyNext @ vendor.34f22af….js:14840
_next @ vendor.34f22af….js:254948
next @ vendor.34f22af….js:28832
_next @ vendor.34f22af….js:163301
next @ vendor.34f22af….js:28832
_next @ vendor.34f22af….js:28844
next @ vendor.34f22af….js:28832
next @ vendor.34f22af….js:141879
_next @ vendor.34f22af….js:28844
next @ vendor.34f22af….js:28832
notifyNext @ vendor.34f22af….js:185249
_next @ vendor.34f22af….js:254948
next @ vendor.34f22af….js:28832
_next @ vendor.34f22af….js:163301
next @ vendor.34f22af….js:28832
next @ vendor.34f22af….js:50795
actionResponse @ vendor.34f22af….js:50605
msgReceiver @ vendor.34f22af….js:44366
_receive @ vendor.34f22af….js:44344
onWsEvent @ vendor.34f22af….js:44282
onWsEvent @ vendor.34f22af….js:44158
(anonymous) @ vendor.34f22af….js:44138
_ @ polyfills.01277dd….js:2469
invokeTask @ polyfills.01277dd….js:1824
onInvokeTask @ vendor.34f22af….js:227933
invokeTask @ polyfills.01277dd….js:1816
runTask @ polyfills.01277dd….js:1585
invokeTask @ polyfills.01277dd….js:1896
h @ polyfills.01277dd….js:2715
p @ polyfills.01277dd….js:2732
 [WARN] [main.NotificationsService]    [UI] main.NotificationsService#removeAllNotificationsForType: removed notification types were not active:  (8) ['NAV_LADESAULEN_MONITOR_RECOM', 'NAV_ETRON_LOW_ENERGY_WARNING', 'NAV_NPR_RESTRICTION_AVOIDED', 'NAV_ASIAN_CN_REGULATION_NPR', 'RADIO_SXM_ALERT', 'ETC_TOLL_FEE', 'ETC_TOLL_REFUND', 'CAR_CLEAN_AIR']
console.<computed> @ (index):77
append @ main.17a1455….js:27518
(anonymous) @ main.17a1455….js:130386
prepareMessageAndLoopOverAppenders @ main.17a1455….js:130385
log2appenders @ main.17a1455….js:130369
warn @ main.17a1455….js:130315
removeAllNotificationsForTypes @ main.17a1455….js:76025
(anonymous) @ main.17a1455….js:75855
__tryOrUnsub @ vendor.34f22af….js:28924
next @ vendor.34f22af….js:28889
_next @ vendor.34f22af….js:28844
next @ vendor.34f22af….js:28832
_next @ vendor.34f22af….js:163301
next @ vendor.34f22af….js:28832
_next @ vendor.34f22af….js:41542
next @ vendor.34f22af….js:28832
next @ vendor.34f22af….js:165464
next @ vendor.34f22af….js:50188
(anonymous) @ main.17a1455….js:139085
__tryOrUnsub @ vendor.34f22af….js:28924
next @ vendor.34f22af….js:28889
_next @ vendor.34f22af….js:28844
next @ vendor.34f22af….js:28832
_next @ vendor.34f22af….js:41542
next @ vendor.34f22af….js:28832
notifyNext @ vendor.34f22af….js:127729
_next @ vendor.34f22af….js:254948
next @ vendor.34f22af….js:28832
_next @ vendor.34f22af….js:89739
next @ vendor.34f22af….js:28832
notifyNext @ vendor.34f22af….js:81190
_next @ vendor.34f22af….js:254948
next @ vendor.34f22af….js:28832
_next @ vendor.34f22af….js:163301
next @ vendor.34f22af….js:28832
_next @ vendor.34f22af….js:41542
next @ vendor.34f22af….js:28832
(anonymous) @ vendor.34f22af….js:188873
_trySubscribe @ vendor.34f22af….js:89315
subscribe @ vendor.34f22af….js:89304
call @ vendor.34f22af….js:41515
subscribe @ vendor.34f22af….js:89299
call @ vendor.34f22af….js:163284
subscribe @ vendor.34f22af….js:89299
s @ vendor.34f22af….js:239576
_complete @ vendor.34f22af….js:81172
complete @ vendor.34f22af….js:28838
(anonymous) @ vendor.34f22af….js:188874
_trySubscribe @ vendor.34f22af….js:89315
subscribe @ vendor.34f22af….js:89304
call @ vendor.34f22af….js:81150
subscribe @ vendor.34f22af….js:89299
call @ vendor.34f22af….js:89728
subscribe @ vendor.34f22af….js:89299
s @ vendor.34f22af….js:239576
_innerSub @ vendor.34f22af….js:127713
_next @ vendor.34f22af….js:127705
next @ vendor.34f22af….js:28832
_next @ vendor.34f22af….js:28844
next @ vendor.34f22af….js:28832
notifyNext @ vendor.34f22af….js:127729
_next @ vendor.34f22af….js:254948
next @ vendor.34f22af….js:28832
_next @ vendor.34f22af….js:163301
next @ vendor.34f22af….js:28832
_next @ vendor.34f22af….js:28844
next @ vendor.34f22af….js:28832
notifyNext @ vendor.34f22af….js:81190
_next @ vendor.34f22af….js:254948
next @ vendor.34f22af….js:28832
_next @ vendor.34f22af….js:41542
next @ vendor.34f22af….js:28832
_next @ vendor.34f22af….js:163301
next @ vendor.34f22af….js:28832
notifyNext @ vendor.34f22af….js:14840
_next @ vendor.34f22af….js:254948
next @ vendor.34f22af….js:28832
_next @ vendor.34f22af….js:163301
next @ vendor.34f22af….js:28832
_next @ vendor.34f22af….js:28844
next @ vendor.34f22af….js:28832
next @ vendor.34f22af….js:141879
_next @ vendor.34f22af….js:28844
next @ vendor.34f22af….js:28832
notifyNext @ vendor.34f22af….js:185249
_next @ vendor.34f22af….js:254948
next @ vendor.34f22af….js:28832
_next @ vendor.34f22af….js:163301
next @ vendor.34f22af….js:28832
next @ vendor.34f22af….js:50795
actionResponse @ vendor.34f22af….js:50605
msgReceiver @ vendor.34f22af….js:44366
_receive @ vendor.34f22af….js:44344
onWsEvent @ vendor.34f22af….js:44282
onWsEvent @ vendor.34f22af….js:44158
(anonymous) @ vendor.34f22af….js:44138
_ @ polyfills.01277dd….js:2469
invokeTask @ polyfills.01277dd….js:1824
onInvokeTask @ vendor.34f22af….js:227933
invokeTask @ polyfills.01277dd….js:1816
runTask @ polyfills.01277dd….js:1585
invokeTask @ polyfills.01277dd….js:1896
h @ polyfills.01277dd….js:2715
p @ polyfills.01277dd….js:2732
 [WARN] [main.NotificationsService]    [UI] main.NotificationsService#removeAllNotificationsForType: removed notification types were not active:  (8) ['NAV_LADESAULEN_MONITOR_RECOM', 'NAV_ETRON_LOW_ENERGY_WARNING', 'NAV_NPR_RESTRICTION_AVOIDED', 'NAV_ASIAN_CN_REGULATION_NPR', 'RADIO_SXM_ALERT', 'ETC_TOLL_FEE', 'ETC_TOLL_REFUND', 'CAR_CLEAN_AIR']
console.<computed> @ (index):77
append @ main.17a1455….js:27518
(anonymous) @ main.17a1455….js:130386
prepareMessageAndLoopOverAppenders @ main.17a1455….js:130385
log2appenders @ main.17a1455….js:130369
warn @ main.17a1455….js:130315
removeAllNotificationsForTypes @ main.17a1455….js:76025
(anonymous) @ main.17a1455….js:75855
__tryOrUnsub @ vendor.34f22af….js:28924
next @ vendor.34f22af….js:28889
_next @ vendor.34f22af….js:28844
next @ vendor.34f22af….js:28832
_next @ vendor.34f22af….js:163301
next @ vendor.34f22af….js:28832
_next @ vendor.34f22af….js:41542
next @ vendor.34f22af….js:28832
next @ vendor.34f22af….js:165464
next @ vendor.34f22af….js:50188
(anonymous) @ main.17a1455….js:139085
__tryOrUnsub @ vendor.34f22af….js:28924
next @ vendor.34f22af….js:28889
_next @ vendor.34f22af….js:28844
next @ vendor.34f22af….js:28832
_next @ vendor.34f22af….js:41542
next @ vendor.34f22af….js:28832
notifyNext @ vendor.34f22af….js:127729
_next @ vendor.34f22af….js:254948
next @ vendor.34f22af….js:28832
_next @ vendor.34f22af….js:89739
next @ vendor.34f22af….js:28832
notifyNext @ vendor.34f22af….js:81190
_next @ vendor.34f22af….js:254948
next @ vendor.34f22af….js:28832
_next @ vendor.34f22af….js:163301
next @ vendor.34f22af….js:28832
_next @ vendor.34f22af….js:41542
next @ vendor.34f22af….js:28832
(anonymous) @ vendor.34f22af….js:188873
_trySubscribe @ vendor.34f22af….js:89315
subscribe @ vendor.34f22af….js:89304
call @ vendor.34f22af….js:41515
subscribe @ vendor.34f22af….js:89299
call @ vendor.34f22af….js:163284
subscribe @ vendor.34f22af….js:89299
s @ vendor.34f22af….js:239576
_complete @ vendor.34f22af….js:81172
complete @ vendor.34f22af….js:28838
(anonymous) @ vendor.34f22af….js:188874
_trySubscribe @ vendor.34f22af….js:89315
subscribe @ vendor.34f22af….js:89304
call @ vendor.34f22af….js:81150
subscribe @ vendor.34f22af….js:89299
call @ vendor.34f22af….js:89728
subscribe @ vendor.34f22af….js:89299
s @ vendor.34f22af….js:239576
_innerSub @ vendor.34f22af….js:127713
_next @ vendor.34f22af….js:127705
next @ vendor.34f22af….js:28832
_next @ vendor.34f22af….js:28844
next @ vendor.34f22af….js:28832
notifyNext @ vendor.34f22af….js:127729
_next @ vendor.34f22af….js:254948
next @ vendor.34f22af….js:28832
_next @ vendor.34f22af….js:163301
next @ vendor.34f22af….js:28832
_next @ vendor.34f22af….js:28844
next @ vendor.34f22af….js:28832
notifyNext @ vendor.34f22af….js:81190
_next @ vendor.34f22af….js:254948
next @ vendor.34f22af….js:28832
_next @ vendor.34f22af….js:41542
next @ vendor.34f22af….js:28832
_next @ vendor.34f22af….js:163301
next @ vendor.34f22af….js:28832
notifyNext @ vendor.34f22af….js:14840
_next @ vendor.34f22af….js:254948
next @ vendor.34f22af….js:28832
_next @ vendor.34f22af….js:163301
next @ vendor.34f22af….js:28832
_next @ vendor.34f22af….js:28844
next @ vendor.34f22af….js:28832
next @ vendor.34f22af….js:141879
_next @ vendor.34f22af….js:28844
next @ vendor.34f22af….js:28832
notifyNext @ vendor.34f22af….js:185249
_next @ vendor.34f22af….js:254948
next @ vendor.34f22af….js:28832
_next @ vendor.34f22af….js:163301
next @ vendor.34f22af….js:28832
next @ vendor.34f22af….js:50795
actionResponse @ vendor.34f22af….js:50605
msgReceiver @ vendor.34f22af….js:44366
_receive @ vendor.34f22af….js:44344
onWsEvent @ vendor.34f22af….js:44282
onWsEvent @ vendor.34f22af….js:44158
(anonymous) @ vendor.34f22af….js:44138
_ @ polyfills.01277dd….js:2469
invokeTask @ polyfills.01277dd….js:1824
onInvokeTask @ vendor.34f22af….js:227933
invokeTask @ polyfills.01277dd….js:1816
runTask @ polyfills.01277dd….js:1585
invokeTask @ polyfills.01277dd….js:1896
h @ polyfills.01277dd….js:2715
p @ polyfills.01277dd….js:2732
 Exception caught and thrown {}
 Exception caught and thrown {}
 [WARN] [entertainment.EntertainmentService]    [UI] entertainment.EntertainmentService#setupMainTarget$: TargetSubscription returned no target for type MAIN
console.<computed> @ (index):77
append @ main.17a1455….js:27518
(anonymous) @ main.17a1455….js:130386
prepareMessageAndLoopOverAppenders @ main.17a1455….js:130385
log2appenders @ main.17a1455….js:130369
warn @ main.17a1455….js:130315
(anonymous) @ main.17a1455….js:114010
_next @ vendor.34f22af….js:163297
next @ vendor.34f22af….js:28832
_next @ vendor.34f22af….js:163301
next @ vendor.34f22af….js:28832
_next @ vendor.34f22af….js:41542
next @ vendor.34f22af….js:28832
_next @ vendor.34f22af….js:28844
next @ vendor.34f22af….js:28832
_next @ vendor.34f22af….js:41542
next @ vendor.34f22af….js:28832
_next @ vendor.34f22af….js:28844
next @ vendor.34f22af….js:28832
next @ vendor.34f22af….js:141879
notifyNext @ vendor.34f22af….js:247298
_next @ vendor.34f22af….js:254948
next @ vendor.34f22af….js:28832
notifyNext @ vendor.34f22af….js:185249
_next @ vendor.34f22af….js:254948
next @ vendor.34f22af….js:28832
(anonymous) @ vendor.34f22af….js:188873
_trySubscribe @ vendor.34f22af….js:89315
subscribe @ vendor.34f22af….js:89304
s @ vendor.34f22af….js:239576
_innerSub @ vendor.34f22af….js:185238
_tryNext @ vendor.34f22af….js:185232
_next @ vendor.34f22af….js:185221
next @ vendor.34f22af….js:28832
(anonymous) @ vendor.34f22af….js:188873
_trySubscribe @ vendor.34f22af….js:89315
subscribe @ vendor.34f22af….js:89304
call @ vendor.34f22af….js:185206
subscribe @ vendor.34f22af….js:89299
s @ vendor.34f22af….js:239576
error @ vendor.34f22af….js:25216
notifyError @ vendor.34f22af….js:247301
_error @ vendor.34f22af….js:254957
error @ vendor.34f22af….js:28835
_next @ vendor.34f22af….js:163299
next @ vendor.34f22af….js:28832
next @ vendor.34f22af….js:50795
actionResponse @ vendor.34f22af….js:50605
msgReceiver @ vendor.34f22af….js:44366
_receive @ vendor.34f22af….js:44344
onWsEvent @ vendor.34f22af….js:44282
onWsEvent @ vendor.34f22af….js:44158
(anonymous) @ vendor.34f22af….js:44138
_ @ polyfills.01277dd….js:2469
invokeTask @ polyfills.01277dd….js:1824
onInvokeTask @ vendor.34f22af….js:227933
invokeTask @ polyfills.01277dd….js:1816
runTask @ polyfills.01277dd….js:1585
invokeTask @ polyfills.01277dd….js:1896
h @ polyfills.01277dd….js:2715
p @ polyfills.01277dd….js:2732
 [WARN] [system.PowerService]    [UI] => system.PowerService#retrieveDisplayOnePowerState: no power state element for display one! => null
console.<computed> @ (index):77
append @ main.17a1455….js:27518
(anonymous) @ main.17a1455….js:130386
prepareMessageAndLoopOverAppenders @ main.17a1455….js:130385
log2appenders @ main.17a1455….js:130369
warn @ main.17a1455….js:130421
(anonymous) @ main.17a1455….js:85374
_next @ vendor.34f22af….js:163297
next @ vendor.34f22af….js:28832
_next @ vendor.34f22af….js:163301
next @ vendor.34f22af….js:28832
_next @ vendor.34f22af….js:163301
next @ vendor.34f22af….js:28832
_next @ vendor.34f22af….js:28844
next @ vendor.34f22af….js:28832
next @ vendor.34f22af….js:141879
_next @ vendor.34f22af….js:28844
next @ vendor.34f22af….js:28832
notifyNext @ vendor.34f22af….js:185249
_next @ vendor.34f22af….js:254948
next @ vendor.34f22af….js:28832
_next @ vendor.34f22af….js:163301
next @ vendor.34f22af….js:28832
next @ vendor.34f22af….js:50795
actionResponse @ vendor.34f22af….js:50605
msgReceiver @ vendor.34f22af….js:44366
_receive @ vendor.34f22af….js:44344
onWsEvent @ vendor.34f22af….js:44282
onWsEvent @ vendor.34f22af….js:44158
(anonymous) @ vendor.34f22af….js:44138
_ @ polyfills.01277dd….js:2469
invokeTask @ polyfills.01277dd….js:1824
onInvokeTask @ vendor.34f22af….js:227933
invokeTask @ polyfills.01277dd….js:1816
runTask @ polyfills.01277dd….js:1585
invokeTask @ polyfills.01277dd….js:1896
h @ polyfills.01277dd….js:2715
p @ polyfills.01277dd….js:2732
 [ERROR] [rootZone]    [UI] main.ts#UI-Exception: Error: Serialization Error: Expected type 'string' but got 'undefined' for property 'name'
    at Object.deserialize (vendor.34f22af….js:108463:21)
    at Object.deserialize (vendor.34f22af….js:118612:15)
    at s.project (vendor.34f22af….js:26028:19)
    at s._next (vendor.34f22af….js:163297:30)
    at s.next (vendor.34f22af….js:28832:34)
    at h.next (vendor.34f22af….js:50795:31)
    at f.actionResponse (vendor.34f22af….js:50605:15)
    at Object.msgReceiver (vendor.34f22af….js:44366:27)
    at Object._receive (vendor.34f22af….js:44344:18)
    at Object.onWsEvent (vendor.34f22af….js:44282:22)
console.<computed> @ (index):77
append @ main.17a1455….js:27518
(anonymous) @ main.17a1455….js:130386
prepareMessageAndLoopOverAppenders @ main.17a1455….js:130385
log2appenders @ main.17a1455….js:130369
error @ main.17a1455….js:130318
handleError @ main.17a1455….js:39563
L @ main.17a1455….js:191517
handleError @ polyfills.01277dd….js:1786
onHandleError @ vendor.34f22af….js:227956
handleError @ polyfills.01277dd….js:1786
runTask @ polyfills.01277dd….js:1587
invokeTask @ polyfills.01277dd….js:1896
(anonymous) @ polyfills.01277dd….js:1890
(anonymous) @ polyfills.01277dd….js:3459
setTimeout
a @ polyfills.01277dd….js:3467
scheduleTask @ polyfills.01277dd….js:1806
onScheduleTask @ polyfills.01277dd….js:1676
scheduleTask @ polyfills.01277dd….js:1799
scheduleTask @ polyfills.01277dd….js:1616
scheduleMacroTask @ polyfills.01277dd….js:1634
u @ polyfills.01277dd….js:2415
(anonymous) @ polyfills.01277dd….js:3480
(anonymous) @ polyfills.01277dd….js:2590
i @ vendor.34f22af….js:213488
error @ vendor.34f22af….js:28903
_error @ vendor.34f22af….js:28847
error @ vendor.34f22af….js:28835
_error @ vendor.34f22af….js:28847
error @ vendor.34f22af….js:28835
_error @ vendor.34f22af….js:28847
error @ vendor.34f22af….js:28835
error @ vendor.34f22af….js:141897
notifyError @ vendor.34f22af….js:247301
_error @ vendor.34f22af….js:254957
error @ vendor.34f22af….js:28835
_next @ vendor.34f22af….js:163299
next @ vendor.34f22af….js:28832
next @ vendor.34f22af….js:50795
actionResponse @ vendor.34f22af….js:50605
msgReceiver @ vendor.34f22af….js:44366
_receive @ vendor.34f22af….js:44344
onWsEvent @ vendor.34f22af….js:44282
onWsEvent @ vendor.34f22af….js:44158
(anonymous) @ vendor.34f22af….js:44138
_ @ polyfills.01277dd….js:2469
invokeTask @ polyfills.01277dd….js:1824
onInvokeTask @ vendor.34f22af….js:227933
invokeTask @ polyfills.01277dd….js:1816
runTask @ polyfills.01277dd….js:1585
invokeTask @ polyfills.01277dd….js:1896
h @ polyfills.01277dd….js:2715
p @ polyfills.01277dd….js:2732
 [ERROR] [GlobalErrorHandler]    [UI] GlobalErrorHandler#UI-Exception: Error: Serialization Error: Expected type 'string' but got 'undefined' for property 'name'
    at Object.deserialize (vendor.34f22af….js:108463:21)
    at Object.deserialize (vendor.34f22af….js:118612:15)
    at s.project (vendor.34f22af….js:26028:19)
    at s._next (vendor.34f22af….js:163297:30)
    at s.next (vendor.34f22af….js:28832:34)
    at h.next (vendor.34f22af….js:50795:31)
    at f.actionResponse (vendor.34f22af….js:50605:15)
    at Object.msgReceiver (vendor.34f22af….js:44366:27)
    at Object._receive (vendor.34f22af….js:44344:18)
    at Object.onWsEvent (vendor.34f22af….js:44282:22)
console.<computed> @ (index):77
append @ main.17a1455….js:27518
(anonymous) @ main.17a1455….js:130386
prepareMessageAndLoopOverAppenders @ main.17a1455….js:130385
log2appenders @ main.17a1455….js:130369
error @ main.17a1455….js:130318
handleError @ main.17a1455….js:39563
handleError @ main.17a1455….js:39589
next @ vendor.34f22af….js:228273
(anonymous) @ vendor.34f22af….js:227685
__tryOrUnsub @ vendor.34f22af….js:28924
next @ vendor.34f22af….js:28889
_next @ vendor.34f22af….js:28844
next @ vendor.34f22af….js:28832
next @ vendor.34f22af….js:165464
emit @ vendor.34f22af….js:227673
(anonymous) @ vendor.34f22af….js:227957
invoke @ polyfills.01277dd….js:1781
run @ polyfills.01277dd….js:1548
runOutsideAngular @ vendor.34f22af….js:227990
onHandleError @ vendor.34f22af….js:227957
handleError @ polyfills.01277dd….js:1786
runTask @ polyfills.01277dd….js:1587
invokeTask @ polyfills.01277dd….js:1896
(anonymous) @ polyfills.01277dd….js:1890
(anonymous) @ polyfills.01277dd….js:3459
setTimeout
a @ polyfills.01277dd….js:3467
scheduleTask @ polyfills.01277dd….js:1806
onScheduleTask @ polyfills.01277dd….js:1676
scheduleTask @ polyfills.01277dd….js:1799
scheduleTask @ polyfills.01277dd….js:1616
scheduleMacroTask @ polyfills.01277dd….js:1634
u @ polyfills.01277dd….js:2415
(anonymous) @ polyfills.01277dd….js:3480
(anonymous) @ polyfills.01277dd….js:2590
i @ vendor.34f22af….js:213488
error @ vendor.34f22af….js:28903
_error @ vendor.34f22af….js:28847
error @ vendor.34f22af….js:28835
_error @ vendor.34f22af….js:28847
error @ vendor.34f22af….js:28835
_error @ vendor.34f22af….js:28847
error @ vendor.34f22af….js:28835
error @ vendor.34f22af….js:141897
notifyError @ vendor.34f22af….js:247301
_error @ vendor.34f22af….js:254957
error @ vendor.34f22af….js:28835
_next @ vendor.34f22af….js:163299
next @ vendor.34f22af….js:28832
next @ vendor.34f22af….js:50795
actionResponse @ vendor.34f22af….js:50605
msgReceiver @ vendor.34f22af….js:44366
_receive @ vendor.34f22af….js:44344
onWsEvent @ vendor.34f22af….js:44282
onWsEvent @ vendor.34f22af….js:44158
(anonymous) @ vendor.34f22af….js:44138
_ @ polyfills.01277dd….js:2469
invokeTask @ polyfills.01277dd….js:1824
onInvokeTask @ vendor.34f22af….js:227933
invokeTask @ polyfills.01277dd….js:1816
runTask @ polyfills.01277dd….js:1585
invokeTask @ polyfills.01277dd….js:1896
h @ polyfills.01277dd….js:2715
p @ polyfills.01277dd….js:2732
 [ERROR] [AppComponent]    [UI] AppComponent#UI-Exception: Error: Serialization Error: Expected type 'string' but got 'undefined' for property 'name'
    at Object.deserialize (vendor.34f22af….js:108463:21)
    at Object.deserialize (vendor.34f22af….js:118612:15)
    at s.project (vendor.34f22af….js:26028:19)
    at s._next (vendor.34f22af….js:163297:30)
    at s.next (vendor.34f22af….js:28832:34)
    at h.next (vendor.34f22af….js:50795:31)
    at f.actionResponse (vendor.34f22af….js:50605:15)
    at Object.msgReceiver (vendor.34f22af….js:44366:27)
    at Object._receive (vendor.34f22af….js:44344:18)
    at Object.onWsEvent (vendor.34f22af….js:44282:22)
console.<computed> @ (index):77
append @ main.17a1455….js:27518
(anonymous) @ main.17a1455….js:130386
prepareMessageAndLoopOverAppenders @ main.17a1455….js:130385
log2appenders @ main.17a1455….js:130369
error @ main.17a1455….js:130318
handleError @ main.17a1455….js:39563
(anonymous) @ main.17a1455….js:91599
(anonymous) @ vendor.34f22af….js:227708
__tryOrUnsub @ vendor.34f22af….js:28924
next @ vendor.34f22af….js:28889
_next @ vendor.34f22af….js:28844
next @ vendor.34f22af….js:28832
next @ vendor.34f22af….js:165464
emit @ vendor.34f22af….js:227673
(anonymous) @ vendor.34f22af….js:227957
invoke @ polyfills.01277dd….js:1781
run @ polyfills.01277dd….js:1548
runOutsideAngular @ vendor.34f22af….js:227990
onHandleError @ vendor.34f22af….js:227957
handleError @ polyfills.01277dd….js:1786
runTask @ polyfills.01277dd….js:1587
invokeTask @ polyfills.01277dd….js:1896
(anonymous) @ polyfills.01277dd….js:1890
(anonymous) @ polyfills.01277dd….js:3459
setTimeout
a @ polyfills.01277dd….js:3467
scheduleTask @ polyfills.01277dd….js:1806
onScheduleTask @ polyfills.01277dd….js:1676
scheduleTask @ polyfills.01277dd….js:1799
scheduleTask @ polyfills.01277dd….js:1616
scheduleMacroTask @ polyfills.01277dd….js:1634
u @ polyfills.01277dd….js:2415
(anonymous) @ polyfills.01277dd….js:3480
(anonymous) @ polyfills.01277dd….js:2590
i @ vendor.34f22af….js:213488
error @ vendor.34f22af….js:28903
_error @ vendor.34f22af….js:28847
error @ vendor.34f22af….js:28835
_error @ vendor.34f22af….js:28847
error @ vendor.34f22af….js:28835
_error @ vendor.34f22af….js:28847
error @ vendor.34f22af….js:28835
error @ vendor.34f22af….js:141897
notifyError @ vendor.34f22af….js:247301
_error @ vendor.34f22af….js:254957
error @ vendor.34f22af….js:28835
_next @ vendor.34f22af….js:163299
next @ vendor.34f22af….js:28832
next @ vendor.34f22af….js:50795
actionResponse @ vendor.34f22af….js:50605
msgReceiver @ vendor.34f22af….js:44366
_receive @ vendor.34f22af….js:44344
onWsEvent @ vendor.34f22af….js:44282
onWsEvent @ vendor.34f22af….js:44158
(anonymous) @ vendor.34f22af….js:44138
_ @ polyfills.01277dd….js:2469
invokeTask @ polyfills.01277dd….js:1824
onInvokeTask @ vendor.34f22af….js:227933
invokeTask @ polyfills.01277dd….js:1816
runTask @ polyfills.01277dd….js:1585
invokeTask @ polyfills.01277dd….js:1896
h @ polyfills.01277dd….js:2715
p @ polyfills.01277dd….js:2732
 [ERROR] [rootZone]    [UI] main.ts#UI-Exception: Error: Serialization Error: Expected type 'string' but got 'undefined' for property 'name'
    at Object.deserialize (vendor.34f22af….js:108463:21)
    at Object.deserialize (vendor.34f22af….js:118612:15)
    at s.project (vendor.34f22af….js:26028:19)
    at s._next (vendor.34f22af….js:163297:30)
    at s.next (vendor.34f22af….js:28832:34)
    at h.next (vendor.34f22af….js:50795:31)
    at f.actionResponse (vendor.34f22af….js:50605:15)
    at Object.msgReceiver (vendor.34f22af….js:44366:27)
    at Object._receive (vendor.34f22af….js:44344:18)
    at Object.onWsEvent (vendor.34f22af….js:44282:22)
console.<computed> @ (index):77
append @ main.17a1455….js:27518
(anonymous) @ main.17a1455….js:130386
prepareMessageAndLoopOverAppenders @ main.17a1455….js:130385
log2appenders @ main.17a1455….js:130369
error @ main.17a1455….js:130318
handleError @ main.17a1455….js:39563
L @ main.17a1455….js:191517
handleError @ polyfills.01277dd….js:1786
onHandleError @ vendor.34f22af….js:227956
handleError @ polyfills.01277dd….js:1786
runTask @ polyfills.01277dd….js:1587
invokeTask @ polyfills.01277dd….js:1896
(anonymous) @ polyfills.01277dd….js:1890
(anonymous) @ polyfills.01277dd….js:3459
setTimeout
a @ polyfills.01277dd….js:3467
scheduleTask @ polyfills.01277dd….js:1806
onScheduleTask @ polyfills.01277dd….js:1676
scheduleTask @ polyfills.01277dd….js:1799
scheduleTask @ polyfills.01277dd….js:1616
scheduleMacroTask @ polyfills.01277dd….js:1634
u @ polyfills.01277dd….js:2415
(anonymous) @ polyfills.01277dd….js:3480
(anonymous) @ polyfills.01277dd….js:2590
i @ vendor.34f22af….js:213488
error @ vendor.34f22af….js:28903
_error @ vendor.34f22af….js:28847
error @ vendor.34f22af….js:28835
_error @ vendor.34f22af….js:28847
error @ vendor.34f22af….js:28835
_error @ vendor.34f22af….js:28847
error @ vendor.34f22af….js:28835
error @ vendor.34f22af….js:141897
notifyError @ vendor.34f22af….js:247301
_error @ vendor.34f22af….js:254957
error @ vendor.34f22af….js:28835
_next @ vendor.34f22af….js:163299
next @ vendor.34f22af….js:28832
next @ vendor.34f22af….js:50795
actionResponse @ vendor.34f22af….js:50605
msgReceiver @ vendor.34f22af….js:44366
_receive @ vendor.34f22af….js:44344
onWsEvent @ vendor.34f22af….js:44282
onWsEvent @ vendor.34f22af….js:44158
(anonymous) @ vendor.34f22af….js:44138
_ @ polyfills.01277dd….js:2469
invokeTask @ polyfills.01277dd….js:1824
onInvokeTask @ vendor.34f22af….js:227933
invokeTask @ polyfills.01277dd….js:1816
runTask @ polyfills.01277dd….js:1585
invokeTask @ polyfills.01277dd….js:1896
h @ polyfills.01277dd….js:2715
p @ polyfills.01277dd….js:2732
 [ERROR] [GlobalErrorHandler]    [UI] GlobalErrorHandler#UI-Exception: Error: Serialization Error: Expected type 'string' but got 'undefined' for property 'name'
    at Object.deserialize (vendor.34f22af….js:108463:21)
    at Object.deserialize (vendor.34f22af….js:118612:15)
    at s.project (vendor.34f22af….js:26028:19)
    at s._next (vendor.34f22af….js:163297:30)
    at s.next (vendor.34f22af….js:28832:34)
    at h.next (vendor.34f22af….js:50795:31)
    at f.actionResponse (vendor.34f22af….js:50605:15)
    at Object.msgReceiver (vendor.34f22af….js:44366:27)
    at Object._receive (vendor.34f22af….js:44344:18)
    at Object.onWsEvent (vendor.34f22af….js:44282:22)
console.<computed> @ (index):77
append @ main.17a1455….js:27518
(anonymous) @ main.17a1455….js:130386
prepareMessageAndLoopOverAppenders @ main.17a1455….js:130385
log2appenders @ main.17a1455….js:130369
error @ main.17a1455….js:130318
handleError @ main.17a1455….js:39563
handleError @ main.17a1455….js:39589
next @ vendor.34f22af….js:228273
(anonymous) @ vendor.34f22af….js:227685
__tryOrUnsub @ vendor.34f22af….js:28924
next @ vendor.34f22af….js:28889
_next @ vendor.34f22af….js:28844
next @ vendor.34f22af….js:28832
next @ vendor.34f22af….js:165464
emit @ vendor.34f22af….js:227673
(anonymous) @ vendor.34f22af….js:227957
invoke @ polyfills.01277dd….js:1781
run @ polyfills.01277dd….js:1548
runOutsideAngular @ vendor.34f22af….js:227990
onHandleError @ vendor.34f22af….js:227957
handleError @ polyfills.01277dd….js:1786
runTask @ polyfills.01277dd….js:1587
invokeTask @ polyfills.01277dd….js:1896
(anonymous) @ polyfills.01277dd….js:1890
(anonymous) @ polyfills.01277dd….js:3459
setTimeout
a @ polyfills.01277dd….js:3467
scheduleTask @ polyfills.01277dd….js:1806
onScheduleTask @ polyfills.01277dd….js:1676
scheduleTask @ polyfills.01277dd….js:1799
scheduleTask @ polyfills.01277dd….js:1616
scheduleMacroTask @ polyfills.01277dd….js:1634
u @ polyfills.01277dd….js:2415
(anonymous) @ polyfills.01277dd….js:3480
(anonymous) @ polyfills.01277dd….js:2590
i @ vendor.34f22af….js:213488
error @ vendor.34f22af….js:28903
_error @ vendor.34f22af….js:28847
error @ vendor.34f22af….js:28835
_error @ vendor.34f22af….js:28847
error @ vendor.34f22af….js:28835
_error @ vendor.34f22af….js:28847
error @ vendor.34f22af….js:28835
error @ vendor.34f22af….js:141897
notifyError @ vendor.34f22af….js:247301
_error @ vendor.34f22af….js:254957
error @ vendor.34f22af….js:28835
_next @ vendor.34f22af….js:163299
next @ vendor.34f22af….js:28832
next @ vendor.34f22af….js:50795
actionResponse @ vendor.34f22af….js:50605
msgReceiver @ vendor.34f22af….js:44366
_receive @ vendor.34f22af….js:44344
onWsEvent @ vendor.34f22af….js:44282
onWsEvent @ vendor.34f22af….js:44158
(anonymous) @ vendor.34f22af….js:44138
_ @ polyfills.01277dd….js:2469
invokeTask @ polyfills.01277dd….js:1824
onInvokeTask @ vendor.34f22af….js:227933
invokeTask @ polyfills.01277dd….js:1816
runTask @ polyfills.01277dd….js:1585
invokeTask @ polyfills.01277dd….js:1896
h @ polyfills.01277dd….js:2715
p @ polyfills.01277dd….js:2732
 [ERROR] [AppComponent]    [UI] AppComponent#UI-Exception: Error: Serialization Error: Expected type 'string' but got 'undefined' for property 'name'
    at Object.deserialize (vendor.34f22af….js:108463:21)
    at Object.deserialize (vendor.34f22af….js:118612:15)
    at s.project (vendor.34f22af….js:26028:19)
    at s._next (vendor.34f22af….js:163297:30)
    at s.next (vendor.34f22af….js:28832:34)
    at h.next (vendor.34f22af….js:50795:31)
    at f.actionResponse (vendor.34f22af….js:50605:15)
    at Object.msgReceiver (vendor.34f22af….js:44366:27)
    at Object._receive (vendor.34f22af….js:44344:18)
    at Object.onWsEvent (vendor.34f22af….js:44282:22)
console.<computed> @ (index):77
append @ main.17a1455….js:27518
(anonymous) @ main.17a1455….js:130386
prepareMessageAndLoopOverAppenders @ main.17a1455….js:130385
log2appenders @ main.17a1455….js:130369
error @ main.17a1455….js:130318
handleError @ main.17a1455….js:39563
(anonymous) @ main.17a1455….js:91599
(anonymous) @ vendor.34f22af….js:227708
__tryOrUnsub @ vendor.34f22af….js:28924
next @ vendor.34f22af….js:28889
_next @ vendor.34f22af….js:28844
next @ vendor.34f22af….js:28832
next @ vendor.34f22af….js:165464
emit @ vendor.34f22af….js:227673
(anonymous) @ vendor.34f22af….js:227957
invoke @ polyfills.01277dd….js:1781
run @ polyfills.01277dd….js:1548
runOutsideAngular @ vendor.34f22af….js:227990
onHandleError @ vendor.34f22af….js:227957
handleError @ polyfills.01277dd….js:1786
runTask @ polyfills.01277dd….js:1587
invokeTask @ polyfills.01277dd….js:1896
(anonymous) @ polyfills.01277dd….js:1890
(anonymous) @ polyfills.01277dd….js:3459
setTimeout
a @ polyfills.01277dd….js:3467
scheduleTask @ polyfills.01277dd….js:1806
onScheduleTask @ polyfills.01277dd….js:1676
scheduleTask @ polyfills.01277dd….js:1799
scheduleTask @ polyfills.01277dd….js:1616
scheduleMacroTask @ polyfills.01277dd….js:1634
u @ polyfills.01277dd….js:2415
(anonymous) @ polyfills.01277dd….js:3480
(anonymous) @ polyfills.01277dd….js:2590
i @ vendor.34f22af….js:213488
error @ vendor.34f22af….js:28903
_error @ vendor.34f22af….js:28847
error @ vendor.34f22af….js:28835
_error @ vendor.34f22af….js:28847
error @ vendor.34f22af….js:28835
_error @ vendor.34f22af….js:28847
error @ vendor.34f22af….js:28835
error @ vendor.34f22af….js:141897
notifyError @ vendor.34f22af….js:247301
_error @ vendor.34f22af….js:254957
error @ vendor.34f22af….js:28835
_next @ vendor.34f22af….js:163299
next @ vendor.34f22af….js:28832
next @ vendor.34f22af….js:50795
actionResponse @ vendor.34f22af….js:50605
msgReceiver @ vendor.34f22af….js:44366
_receive @ vendor.34f22af….js:44344
onWsEvent @ vendor.34f22af….js:44282
onWsEvent @ vendor.34f22af….js:44158
(anonymous) @ vendor.34f22af….js:44138
_ @ polyfills.01277dd….js:2469
invokeTask @ polyfills.01277dd….js:1824
onInvokeTask @ vendor.34f22af….js:227933
invokeTask @ polyfills.01277dd….js:1816
runTask @ polyfills.01277dd….js:1585
invokeTask @ polyfills.01277dd….js:1896
h @ polyfills.01277dd….js:2715
p @ polyfills.01277dd….js:2732
 Exception caught and thrown {}
  GET http://127.0.0.1:5501/i18n/ten-inch/en_US.json 404 (Not Found)
y @ polyfills.01277dd….js:3654
scheduleTask @ polyfills.01277dd….js:1806
onScheduleTask @ polyfills.01277dd….js:1676
scheduleTask @ polyfills.01277dd….js:1799
scheduleTask @ polyfills.01277dd….js:1616
scheduleMacroTask @ polyfills.01277dd….js:1634
u @ polyfills.01277dd….js:2415
(anonymous) @ polyfills.01277dd….js:3693
(anonymous) @ polyfills.01277dd….js:2590
(anonymous) @ vendor.34f22af….js:33786
_trySubscribe @ vendor.34f22af….js:89315
subscribe @ vendor.34f22af….js:89304
s @ vendor.34f22af….js:239576
_innerSub @ vendor.34f22af….js:185238
_tryNext @ vendor.34f22af….js:185232
_next @ vendor.34f22af….js:185221
next @ vendor.34f22af….js:28832
(anonymous) @ vendor.34f22af….js:188873
_trySubscribe @ vendor.34f22af….js:89315
subscribe @ vendor.34f22af….js:89304
call @ vendor.34f22af….js:185206
subscribe @ vendor.34f22af….js:89299
call @ vendor.34f22af….js:280940
subscribe @ vendor.34f22af….js:89299
call @ vendor.34f22af….js:163284
subscribe @ vendor.34f22af….js:89299
(anonymous) @ vendor.34f22af….js:280134
subscribe @ vendor.34f22af….js:89299
call @ vendor.34f22af….js:89728
subscribe @ vendor.34f22af….js:89299
call @ vendor.34f22af….js:163284
subscribe @ vendor.34f22af….js:89299
(anonymous) @ vendor.34f22af….js:280134
subscribe @ vendor.34f22af….js:89299
call @ vendor.34f22af….js:89728
subscribe @ vendor.34f22af….js:89299
getTranslation @ vendor.34f22af….js:172955
retrieveTranslations @ vendor.34f22af….js:172939
use @ vendor.34f22af….js:172925
changeLanguage @ main.17a1455….js:145916
(anonymous) @ main.17a1455….js:159109
__tryOrUnsub @ vendor.34f22af….js:28924
next @ vendor.34f22af….js:28889
_next @ vendor.34f22af….js:28844
next @ vendor.34f22af….js:28832
_next @ vendor.34f22af….js:108016
next @ vendor.34f22af….js:28832
_next @ vendor.34f22af….js:163301
next @ vendor.34f22af….js:28832
_next @ vendor.34f22af….js:280957
next @ vendor.34f22af….js:28832
next @ vendor.34f22af….js:165464
nextInfiniteTimeWindow @ vendor.34f22af….js:115231
(anonymous) @ main.17a1455….js:159030
__tryOrUnsub @ vendor.34f22af….js:28924
next @ vendor.34f22af….js:28889
_next @ vendor.34f22af….js:28844
next @ vendor.34f22af….js:28832
_next @ vendor.34f22af….js:28844
next @ vendor.34f22af….js:28832
notifyNext @ vendor.34f22af….js:127729
_next @ vendor.34f22af….js:254948
next @ vendor.34f22af….js:28832
_next @ vendor.34f22af….js:28844
next @ vendor.34f22af….js:28832
notifyNext @ vendor.34f22af….js:185249
_next @ vendor.34f22af….js:254948
next @ vendor.34f22af….js:28832
_next @ vendor.34f22af….js:163301
next @ vendor.34f22af….js:28832
next @ vendor.34f22af….js:50795
actionResponse @ vendor.34f22af….js:50605
msgReceiver @ vendor.34f22af….js:44366
_receive @ vendor.34f22af….js:44344
onWsEvent @ vendor.34f22af….js:44282
onWsEvent @ vendor.34f22af….js:44158
(anonymous) @ vendor.34f22af….js:44138
_ @ polyfills.01277dd….js:2469
invokeTask @ polyfills.01277dd….js:1824
onInvokeTask @ vendor.34f22af….js:227933
invokeTask @ polyfills.01277dd….js:1816
runTask @ polyfills.01277dd….js:1585
invokeTask @ polyfills.01277dd….js:1896
h @ polyfills.01277dd….js:2715
p @ polyfills.01277dd….js:2732
 Exception caught and thrown {}
 [WARN] [entertainment.EntertainmentService]    [UI] entertainment.EntertainmentService#setupMainTarget$: TargetSubscription returned no target for type MAIN
console.<computed> @ (index):77
append @ main.17a1455….js:27518
(anonymous) @ main.17a1455….js:130386
prepareMessageAndLoopOverAppenders @ main.17a1455….js:130385
log2appenders @ main.17a1455….js:130369
warn @ main.17a1455….js:130315
(anonymous) @ main.17a1455….js:114010
_next @ vendor.34f22af….js:163297
next @ vendor.34f22af….js:28832
_next @ vendor.34f22af….js:163301
next @ vendor.34f22af….js:28832
_next @ vendor.34f22af….js:41542
next @ vendor.34f22af….js:28832
_next @ vendor.34f22af….js:28844
next @ vendor.34f22af….js:28832
_next @ vendor.34f22af….js:41542
next @ vendor.34f22af….js:28832
_next @ vendor.34f22af….js:28844
next @ vendor.34f22af….js:28832
next @ vendor.34f22af….js:141879
notifyNext @ vendor.34f22af….js:247298
_next @ vendor.34f22af….js:254948
next @ vendor.34f22af….js:28832
notifyNext @ vendor.34f22af….js:185249
_next @ vendor.34f22af….js:254948
next @ vendor.34f22af….js:28832
(anonymous) @ vendor.34f22af….js:188873
_trySubscribe @ vendor.34f22af….js:89315
subscribe @ vendor.34f22af….js:89304
s @ vendor.34f22af….js:239576
_innerSub @ vendor.34f22af….js:185238
_tryNext @ vendor.34f22af….js:185232
_next @ vendor.34f22af….js:185221
next @ vendor.34f22af….js:28832
(anonymous) @ vendor.34f22af….js:188873
_trySubscribe @ vendor.34f22af….js:89315
subscribe @ vendor.34f22af….js:89304
call @ vendor.34f22af….js:185206
subscribe @ vendor.34f22af….js:89299
s @ vendor.34f22af….js:239576
error @ vendor.34f22af….js:25216
notifyError @ vendor.34f22af….js:247301
_error @ vendor.34f22af….js:254957
error @ vendor.34f22af….js:28835
_next @ vendor.34f22af….js:163299
next @ vendor.34f22af….js:28832
next @ vendor.34f22af….js:50795
actionResponse @ vendor.34f22af….js:50605
msgReceiver @ vendor.34f22af….js:44366
_receive @ vendor.34f22af….js:44344
onWsEvent @ vendor.34f22af….js:44282
onWsEvent @ vendor.34f22af….js:44158
(anonymous) @ vendor.34f22af….js:44138
_ @ polyfills.01277dd….js:2469
invokeTask @ polyfills.01277dd….js:1824
onInvokeTask @ vendor.34f22af….js:227933
invokeTask @ polyfills.01277dd….js:1816
runTask @ polyfills.01277dd….js:1585
invokeTask @ polyfills.01277dd….js:1896
h @ polyfills.01277dd….js:2715
p @ polyfills.01277dd….js:2732
 Exception caught and thrown {}
 Exception caught and thrown {}
 [WARN] [entertainment.EntertainmentService]    [UI] entertainment.EntertainmentService#setupMainTarget$: TargetSubscription returned no target for type MAIN
console.<computed> @ (index):77
append @ main.17a1455….js:27518
(anonymous) @ main.17a1455….js:130386
prepareMessageAndLoopOverAppenders @ main.17a1455….js:130385
log2appenders @ main.17a1455….js:130369
warn @ main.17a1455….js:130315
(anonymous) @ main.17a1455….js:114010
_next @ vendor.34f22af….js:163297
next @ vendor.34f22af….js:28832
_next @ vendor.34f22af….js:163301
next @ vendor.34f22af….js:28832
_next @ vendor.34f22af….js:41542
next @ vendor.34f22af….js:28832
_next @ vendor.34f22af….js:28844
next @ vendor.34f22af….js:28832
_next @ vendor.34f22af….js:41542
next @ vendor.34f22af….js:28832
_next @ vendor.34f22af….js:28844
next @ vendor.34f22af….js:28832
next @ vendor.34f22af….js:141879
notifyNext @ vendor.34f22af….js:247298
_next @ vendor.34f22af….js:254948
next @ vendor.34f22af….js:28832
notifyNext @ vendor.34f22af….js:185249
_next @ vendor.34f22af….js:254948
next @ vendor.34f22af….js:28832
(anonymous) @ vendor.34f22af….js:188873
_trySubscribe @ vendor.34f22af….js:89315
subscribe @ vendor.34f22af….js:89304
s @ vendor.34f22af….js:239576
_innerSub @ vendor.34f22af….js:185238
_tryNext @ vendor.34f22af….js:185232
_next @ vendor.34f22af….js:185221
next @ vendor.34f22af….js:28832
(anonymous) @ vendor.34f22af….js:188873
_trySubscribe @ vendor.34f22af….js:89315
subscribe @ vendor.34f22af….js:89304
call @ vendor.34f22af….js:185206
subscribe @ vendor.34f22af….js:89299
s @ vendor.34f22af….js:239576
error @ vendor.34f22af….js:25216
notifyError @ vendor.34f22af….js:247301
_error @ vendor.34f22af….js:254957
error @ vendor.34f22af….js:28835
_next @ vendor.34f22af….js:163299
next @ vendor.34f22af….js:28832
next @ vendor.34f22af….js:50795
actionResponse @ vendor.34f22af….js:50605
msgReceiver @ vendor.34f22af….js:44366
_receive @ vendor.34f22af….js:44344
onWsEvent @ vendor.34f22af….js:44282
onWsEvent @ vendor.34f22af….js:44158
(anonymous) @ vendor.34f22af….js:44138
_ @ polyfills.01277dd….js:2469
invokeTask @ polyfills.01277dd….js:1824
onInvokeTask @ vendor.34f22af….js:227933
invokeTask @ polyfills.01277dd….js:1816
runTask @ polyfills.01277dd….js:1585
invokeTask @ polyfills.01277dd….js:1896
h @ polyfills.01277dd….js:2715
p @ polyfills.01277dd….js:2732
 Exception caught and thrown {}
 Exception caught and thrown {}
 [WARN] [entertainment.EntertainmentService]    [UI] entertainment.EntertainmentService#setupMainTarget$: TargetSubscription returned no target for type MAIN
console.<computed> @ (index):77
append @ main.17a1455….js:27518
(anonymous) @ main.17a1455….js:130386
prepareMessageAndLoopOverAppenders @ main.17a1455….js:130385
log2appenders @ main.17a1455….js:130369
warn @ main.17a1455….js:130315
(anonymous) @ main.17a1455….js:114010
_next @ vendor.34f22af….js:163297
next @ vendor.34f22af….js:28832
_next @ vendor.34f22af….js:163301
next @ vendor.34f22af….js:28832
_next @ vendor.34f22af….js:41542
next @ vendor.34f22af….js:28832
_next @ vendor.34f22af….js:28844
next @ vendor.34f22af….js:28832
_next @ vendor.34f22af….js:41542
next @ vendor.34f22af….js:28832
_next @ vendor.34f22af….js:28844
next @ vendor.34f22af….js:28832
next @ vendor.34f22af….js:141879
notifyNext @ vendor.34f22af….js:247298
_next @ vendor.34f22af….js:254948
next @ vendor.34f22af….js:28832
notifyNext @ vendor.34f22af….js:185249
_next @ vendor.34f22af….js:254948
next @ vendor.34f22af….js:28832
(anonymous) @ vendor.34f22af….js:188873
_trySubscribe @ vendor.34f22af….js:89315
subscribe @ vendor.34f22af….js:89304
s @ vendor.34f22af….js:239576
_innerSub @ vendor.34f22af….js:185238
_tryNext @ vendor.34f22af….js:185232
_next @ vendor.34f22af….js:185221
next @ vendor.34f22af….js:28832
(anonymous) @ vendor.34f22af….js:188873
_trySubscribe @ vendor.34f22af….js:89315
subscribe @ vendor.34f22af….js:89304
call @ vendor.34f22af….js:185206
subscribe @ vendor.34f22af….js:89299
s @ vendor.34f22af….js:239576
error @ vendor.34f22af….js:25216
notifyError @ vendor.34f22af….js:247301
_error @ vendor.34f22af….js:254957
error @ vendor.34f22af….js:28835
_next @ vendor.34f22af….js:163299
next @ vendor.34f22af….js:28832
next @ vendor.34f22af….js:50795
actionResponse @ vendor.34f22af….js:50605
msgReceiver @ vendor.34f22af….js:44366
_receive @ vendor.34f22af….js:44344
onWsEvent @ vendor.34f22af….js:44282
onWsEvent @ vendor.34f22af….js:44158
(anonymous) @ vendor.34f22af….js:44138
_ @ polyfills.01277dd….js:2469
invokeTask @ polyfills.01277dd….js:1824
onInvokeTask @ vendor.34f22af….js:227933
invokeTask @ polyfills.01277dd….js:1816
runTask @ polyfills.01277dd….js:1585
invokeTask @ polyfills.01277dd….js:1896
h @ polyfills.01277dd….js:2715
p @ polyfills.01277dd….js:2732
 Exception caught and thrown {}
 Exception caught and thrown {}
 [WARN] [entertainment.EntertainmentService]    [UI] entertainment.EntertainmentService#setupMainTarget$: TargetSubscription returned no target for type MAIN
console.<computed> @ (index):77
append @ main.17a1455….js:27518
(anonymous) @ main.17a1455….js:130386
prepareMessageAndLoopOverAppenders @ main.17a1455….js:130385
log2appenders @ main.17a1455….js:130369
warn @ main.17a1455….js:130315
(anonymous) @ main.17a1455….js:114010
_next @ vendor.34f22af….js:163297
next @ vendor.34f22af….js:28832
_next @ vendor.34f22af….js:163301
next @ vendor.34f22af….js:28832
_next @ vendor.34f22af….js:41542
next @ vendor.34f22af….js:28832
_next @ vendor.34f22af….js:28844
next @ vendor.34f22af….js:28832
_next @ vendor.34f22af….js:41542
next @ vendor.34f22af….js:28832
_next @ vendor.34f22af….js:28844
next @ vendor.34f22af….js:28832
next @ vendor.34f22af….js:141879
notifyNext @ vendor.34f22af….js:247298
_next @ vendor.34f22af….js:254948
next @ vendor.34f22af….js:28832
notifyNext @ vendor.34f22af….js:185249
_next @ vendor.34f22af….js:254948
next @ vendor.34f22af….js:28832
(anonymous) @ vendor.34f22af….js:188873
_trySubscribe @ vendor.34f22af….js:89315
subscribe @ vendor.34f22af….js:89304
s @ vendor.34f22af….js:239576
_innerSub @ vendor.34f22af….js:185238
_tryNext @ vendor.34f22af….js:185232
_next @ vendor.34f22af….js:185221
next @ vendor.34f22af….js:28832
(anonymous) @ vendor.34f22af….js:188873
_trySubscribe @ vendor.34f22af….js:89315
subscribe @ vendor.34f22af….js:89304
call @ vendor.34f22af….js:185206
subscribe @ vendor.34f22af….js:89299
s @ vendor.34f22af….js:239576
error @ vendor.34f22af….js:25216
notifyError @ vendor.34f22af….js:247301
_error @ vendor.34f22af….js:254957
error @ vendor.34f22af….js:28835
_next @ vendor.34f22af….js:163299
next @ vendor.34f22af….js:28832
next @ vendor.34f22af….js:50795
actionResponse @ vendor.34f22af….js:50605
msgReceiver @ vendor.34f22af….js:44366
_receive @ vendor.34f22af….js:44344
onWsEvent @ vendor.34f22af….js:44282
onWsEvent @ vendor.34f22af….js:44158
(anonymous) @ vendor.34f22af….js:44138
_ @ polyfills.01277dd….js:2469
invokeTask @ polyfills.01277dd….js:1824
onInvokeTask @ vendor.34f22af….js:227933
invokeTask @ polyfills.01277dd….js:1816
runTask @ polyfills.01277dd….js:1585
invokeTask @ polyfills.01277dd….js:1896
h @ polyfills.01277dd….js:2715
p @ polyfills.01277dd….js:2732
 [ERROR] [BENCH.Startup]    [UI] [UI][AUDI_FPK] error loading language: Http failure response for http://127.0.0.1:5501/i18n/ten-inch/en_US.json: 404 Not Found
console.<computed> @ (index):77
append @ main.17a1455….js:27518
(anonymous) @ main.17a1455….js:130386
prepareMessageAndLoopOverAppenders @ main.17a1455….js:130385
log2appenders @ main.17a1455….js:130369
error @ main.17a1455….js:130318
doLog @ main.17a1455….js:13619
error @ main.17a1455….js:13613
(anonymous) @ main.17a1455….js:145933
_error @ vendor.34f22af….js:41546
error @ vendor.34f22af….js:28835
_error @ vendor.34f22af….js:28847
error @ vendor.34f22af….js:28835
_error @ vendor.34f22af….js:28847
error @ vendor.34f22af….js:28835
_error @ vendor.34f22af….js:28847
error @ vendor.34f22af….js:28835
_error @ vendor.34f22af….js:28847
error @ vendor.34f22af….js:28835
error @ vendor.34f22af….js:165475
error @ vendor.34f22af….js:280139
__tryOrUnsub @ vendor.34f22af….js:28924
error @ vendor.34f22af….js:28899
_error @ vendor.34f22af….js:28847
error @ vendor.34f22af….js:28835
_error @ vendor.34f22af….js:28847
error @ vendor.34f22af….js:28835
_error @ vendor.34f22af….js:28847
error @ vendor.34f22af….js:28835
notifyError @ vendor.34f22af….js:247301
_error @ vendor.34f22af….js:254957
error @ vendor.34f22af….js:28835
s @ vendor.34f22af….js:33744
invokeTask @ polyfills.01277dd….js:1824
onInvokeTask @ vendor.34f22af….js:227933
invokeTask @ polyfills.01277dd….js:1816
runTask @ polyfills.01277dd….js:1585
invokeTask @ polyfills.01277dd….js:1896
h @ polyfills.01277dd….js:2715
p @ polyfills.01277dd….js:2736
XMLHttpRequest.send
y @ polyfills.01277dd….js:3654
scheduleTask @ polyfills.01277dd….js:1806
onScheduleTask @ polyfills.01277dd….js:1676
scheduleTask @ polyfills.01277dd….js:1799
scheduleTask @ polyfills.01277dd….js:1616
scheduleMacroTask @ polyfills.01277dd….js:1634
u @ polyfills.01277dd….js:2415
(anonymous) @ polyfills.01277dd….js:3693
(anonymous) @ polyfills.01277dd….js:2590
(anonymous) @ vendor.34f22af….js:33786
_trySubscribe @ vendor.34f22af….js:89315
subscribe @ vendor.34f22af….js:89304
s @ vendor.34f22af….js:239576
_innerSub @ vendor.34f22af….js:185238
_tryNext @ vendor.34f22af….js:185232
_next @ vendor.34f22af….js:185221
next @ vendor.34f22af….js:28832
(anonymous) @ vendor.34f22af….js:188873
_trySubscribe @ vendor.34f22af….js:89315
subscribe @ vendor.34f22af….js:89304
call @ vendor.34f22af….js:185206
subscribe @ vendor.34f22af….js:89299
call @ vendor.34f22af….js:280940
subscribe @ vendor.34f22af….js:89299
call @ vendor.34f22af….js:163284
subscribe @ vendor.34f22af….js:89299
(anonymous) @ vendor.34f22af….js:280134
subscribe @ vendor.34f22af….js:89299
call @ vendor.34f22af….js:89728
subscribe @ vendor.34f22af….js:89299
call @ vendor.34f22af….js:163284
subscribe @ vendor.34f22af….js:89299
(anonymous) @ vendor.34f22af….js:280134
subscribe @ vendor.34f22af….js:89299
call @ vendor.34f22af….js:89728
subscribe @ vendor.34f22af….js:89299
getTranslation @ vendor.34f22af….js:172955
retrieveTranslations @ vendor.34f22af….js:172939
use @ vendor.34f22af….js:172925
changeLanguage @ main.17a1455….js:145916
(anonymous) @ main.17a1455….js:159109
__tryOrUnsub @ vendor.34f22af….js:28924
next @ vendor.34f22af….js:28889
_next @ vendor.34f22af….js:28844
next @ vendor.34f22af….js:28832
_next @ vendor.34f22af….js:108016
next @ vendor.34f22af….js:28832
_next @ vendor.34f22af….js:163301
next @ vendor.34f22af….js:28832
_next @ vendor.34f22af….js:280957
next @ vendor.34f22af….js:28832
next @ vendor.34f22af….js:165464
nextInfiniteTimeWindow @ vendor.34f22af….js:115231
(anonymous) @ main.17a1455….js:159030
__tryOrUnsub @ vendor.34f22af….js:28924
next @ vendor.34f22af….js:28889
_next @ vendor.34f22af….js:28844
next @ vendor.34f22af….js:28832
_next @ vendor.34f22af….js:28844
next @ vendor.34f22af….js:28832
notifyNext @ vendor.34f22af….js:127729
_next @ vendor.34f22af….js:254948
next @ vendor.34f22af….js:28832
_next @ vendor.34f22af….js:28844
next @ vendor.34f22af….js:28832
notifyNext @ vendor.34f22af….js:185249
_next @ vendor.34f22af….js:254948
next @ vendor.34f22af….js:28832
_next @ vendor.34f22af….js:163301
next @ vendor.34f22af….js:28832
next @ vendor.34f22af….js:50795
actionResponse @ vendor.34f22af….js:50605
msgReceiver @ vendor.34f22af….js:44366
_receive @ vendor.34f22af….js:44344
onWsEvent @ vendor.34f22af….js:44282
onWsEvent @ vendor.34f22af….js:44158
(anonymous) @ vendor.34f22af….js:44138
_ @ polyfills.01277dd….js:2469
invokeTask @ polyfills.01277dd….js:1824
onInvokeTask @ vendor.34f22af….js:227933
invokeTask @ polyfills.01277dd….js:1816
runTask @ polyfills.01277dd….js:1585
invokeTask @ polyfills.01277dd….js:1896
h @ polyfills.01277dd….js:2715
p @ polyfills.01277dd….js:2732
 [ERROR] [directives.i18nService]    [UI] directives.i18nService#ERROR: loading language file en_US.json T {headers: p, status: 404, statusText: 'Not Found', url: 'http://127.0.0.1:5501/i18n/ten-inch/en_US.json', ok: false, …}
console.<computed> @ (index):77
append @ main.17a1455….js:27518
(anonymous) @ main.17a1455….js:130386
prepareMessageAndLoopOverAppenders @ main.17a1455….js:130385
log2appenders @ main.17a1455….js:130369
error @ main.17a1455….js:130318
(anonymous) @ main.17a1455….js:145936
_error @ vendor.34f22af….js:41546
error @ vendor.34f22af….js:28835
_error @ vendor.34f22af….js:28847
error @ vendor.34f22af….js:28835
_error @ vendor.34f22af….js:28847
error @ vendor.34f22af….js:28835
_error @ vendor.34f22af….js:28847
error @ vendor.34f22af….js:28835
_error @ vendor.34f22af….js:28847
error @ vendor.34f22af….js:28835
error @ vendor.34f22af….js:165475
error @ vendor.34f22af….js:280139
__tryOrUnsub @ vendor.34f22af….js:28924
error @ vendor.34f22af….js:28899
_error @ vendor.34f22af….js:28847
error @ vendor.34f22af….js:28835
_error @ vendor.34f22af….js:28847
error @ vendor.34f22af….js:28835
_error @ vendor.34f22af….js:28847
error @ vendor.34f22af….js:28835
notifyError @ vendor.34f22af….js:247301
_error @ vendor.34f22af….js:254957
error @ vendor.34f22af….js:28835
s @ vendor.34f22af….js:33744
invokeTask @ polyfills.01277dd….js:1824
onInvokeTask @ vendor.34f22af….js:227933
invokeTask @ polyfills.01277dd….js:1816
runTask @ polyfills.01277dd….js:1585
invokeTask @ polyfills.01277dd….js:1896
h @ polyfills.01277dd….js:2715
p @ polyfills.01277dd….js:2736
XMLHttpRequest.send
y @ polyfills.01277dd….js:3654
scheduleTask @ polyfills.01277dd….js:1806
onScheduleTask @ polyfills.01277dd….js:1676
scheduleTask @ polyfills.01277dd….js:1799
scheduleTask @ polyfills.01277dd….js:1616
scheduleMacroTask @ polyfills.01277dd….js:1634
u @ polyfills.01277dd….js:2415
(anonymous) @ polyfills.01277dd….js:3693
(anonymous) @ polyfills.01277dd….js:2590
(anonymous) @ vendor.34f22af….js:33786
_trySubscribe @ vendor.34f22af….js:89315
subscribe @ vendor.34f22af….js:89304
s @ vendor.34f22af….js:239576
_innerSub @ vendor.34f22af….js:185238
_tryNext @ vendor.34f22af….js:185232
_next @ vendor.34f22af….js:185221
next @ vendor.34f22af….js:28832
(anonymous) @ vendor.34f22af….js:188873
_trySubscribe @ vendor.34f22af….js:89315
subscribe @ vendor.34f22af….js:89304
call @ vendor.34f22af….js:185206
subscribe @ vendor.34f22af….js:89299
call @ vendor.34f22af….js:280940
subscribe @ vendor.34f22af….js:89299
call @ vendor.34f22af….js:163284
subscribe @ vendor.34f22af….js:89299
(anonymous) @ vendor.34f22af….js:280134
subscribe @ vendor.34f22af….js:89299
call @ vendor.34f22af….js:89728
subscribe @ vendor.34f22af….js:89299
call @ vendor.34f22af….js:163284
subscribe @ vendor.34f22af….js:89299
(anonymous) @ vendor.34f22af….js:280134
subscribe @ vendor.34f22af….js:89299
call @ vendor.34f22af….js:89728
subscribe @ vendor.34f22af….js:89299
getTranslation @ vendor.34f22af….js:172955
retrieveTranslations @ vendor.34f22af….js:172939
use @ vendor.34f22af….js:172925
changeLanguage @ main.17a1455….js:145916
(anonymous) @ main.17a1455….js:159109
__tryOrUnsub @ vendor.34f22af….js:28924
next @ vendor.34f22af….js:28889
_next @ vendor.34f22af….js:28844
next @ vendor.34f22af….js:28832
_next @ vendor.34f22af….js:108016
next @ vendor.34f22af….js:28832
_next @ vendor.34f22af….js:163301
next @ vendor.34f22af….js:28832
_next @ vendor.34f22af….js:280957
next @ vendor.34f22af….js:28832
next @ vendor.34f22af….js:165464
nextInfiniteTimeWindow @ vendor.34f22af….js:115231
(anonymous) @ main.17a1455….js:159030
__tryOrUnsub @ vendor.34f22af….js:28924
next @ vendor.34f22af….js:28889
_next @ vendor.34f22af….js:28844
next @ vendor.34f22af….js:28832
_next @ vendor.34f22af….js:28844
next @ vendor.34f22af….js:28832
notifyNext @ vendor.34f22af….js:127729
_next @ vendor.34f22af….js:254948
next @ vendor.34f22af….js:28832
_next @ vendor.34f22af….js:28844
next @ vendor.34f22af….js:28832
notifyNext @ vendor.34f22af….js:185249
_next @ vendor.34f22af….js:254948
next @ vendor.34f22af….js:28832
_next @ vendor.34f22af….js:163301
next @ vendor.34f22af….js:28832
next @ vendor.34f22af….js:50795
actionResponse @ vendor.34f22af….js:50605
msgReceiver @ vendor.34f22af….js:44366
_receive @ vendor.34f22af….js:44344
onWsEvent @ vendor.34f22af….js:44282
onWsEvent @ vendor.34f22af….js:44158
(anonymous) @ vendor.34f22af….js:44138
_ @ polyfills.01277dd….js:2469
invokeTask @ polyfills.01277dd….js:1824
onInvokeTask @ vendor.34f22af….js:227933
invokeTask @ polyfills.01277dd….js:1816
runTask @ polyfills.01277dd….js:1585
invokeTask @ polyfills.01277dd….js:1896
h @ polyfills.01277dd….js:2715
p @ polyfills.01277dd….js:2732
 [ERROR] [translate.LanguageService]    [UI] translate.LanguageService#Could not change internal language:  T {headers: p, status: 404, statusText: 'Not Found', url: 'http://127.0.0.1:5501/i18n/ten-inch/en_US.json', ok: false, …}
console.<computed> @ (index):77
append @ main.17a1455….js:27518
(anonymous) @ main.17a1455….js:130386
prepareMessageAndLoopOverAppenders @ main.17a1455….js:130385
log2appenders @ main.17a1455….js:130369
error @ main.17a1455….js:130318
(anonymous) @ main.17a1455….js:159117
invoke @ polyfills.01277dd….js:1781
onInvoke @ vendor.34f22af….js:227940
invoke @ polyfills.01277dd….js:1772
run @ polyfills.01277dd….js:1548
(anonymous) @ polyfills.01277dd….js:2214
invokeTask @ polyfills.01277dd….js:1824
onInvokeTask @ vendor.34f22af….js:227933
invokeTask @ polyfills.01277dd….js:1816
runTask @ polyfills.01277dd….js:1585
v @ polyfills.01277dd….js:1954
invokeTask @ polyfills.01277dd….js:1898
h @ polyfills.01277dd….js:2715
p @ polyfills.01277dd….js:2736
XMLHttpRequest.send
y @ polyfills.01277dd….js:3654
scheduleTask @ polyfills.01277dd….js:1806
onScheduleTask @ polyfills.01277dd….js:1676
scheduleTask @ polyfills.01277dd….js:1799
scheduleTask @ polyfills.01277dd….js:1616
scheduleMacroTask @ polyfills.01277dd….js:1634
u @ polyfills.01277dd….js:2415
(anonymous) @ polyfills.01277dd….js:3693
(anonymous) @ polyfills.01277dd….js:2590
(anonymous) @ vendor.34f22af….js:33786
_trySubscribe @ vendor.34f22af….js:89315
subscribe @ vendor.34f22af….js:89304
s @ vendor.34f22af….js:239576
_innerSub @ vendor.34f22af….js:185238
_tryNext @ vendor.34f22af….js:185232
_next @ vendor.34f22af….js:185221
next @ vendor.34f22af….js:28832
(anonymous) @ vendor.34f22af….js:188873
_trySubscribe @ vendor.34f22af….js:89315
subscribe @ vendor.34f22af….js:89304
call @ vendor.34f22af….js:185206
subscribe @ vendor.34f22af….js:89299
call @ vendor.34f22af….js:280940
subscribe @ vendor.34f22af….js:89299
call @ vendor.34f22af….js:163284
subscribe @ vendor.34f22af….js:89299
(anonymous) @ vendor.34f22af….js:280134
subscribe @ vendor.34f22af….js:89299
call @ vendor.34f22af….js:89728
subscribe @ vendor.34f22af….js:89299
call @ vendor.34f22af….js:163284
subscribe @ vendor.34f22af….js:89299
(anonymous) @ vendor.34f22af….js:280134
subscribe @ vendor.34f22af….js:89299
call @ vendor.34f22af….js:89728
subscribe @ vendor.34f22af….js:89299
getTranslation @ vendor.34f22af….js:172955
retrieveTranslations @ vendor.34f22af….js:172939
use @ vendor.34f22af….js:172925
changeLanguage @ main.17a1455….js:145916
(anonymous) @ main.17a1455….js:159109
__tryOrUnsub @ vendor.34f22af….js:28924
next @ vendor.34f22af….js:28889
_next @ vendor.34f22af….js:28844
next @ vendor.34f22af….js:28832
_next @ vendor.34f22af….js:108016
next @ vendor.34f22af….js:28832
_next @ vendor.34f22af….js:163301
next @ vendor.34f22af….js:28832
_next @ vendor.34f22af….js:280957
next @ vendor.34f22af….js:28832
next @ vendor.34f22af….js:165464
nextInfiniteTimeWindow @ vendor.34f22af….js:115231
(anonymous) @ main.17a1455….js:159030
__tryOrUnsub @ vendor.34f22af….js:28924
next @ vendor.34f22af….js:28889
_next @ vendor.34f22af….js:28844
next @ vendor.34f22af….js:28832
_next @ vendor.34f22af….js:28844
next @ vendor.34f22af….js:28832
notifyNext @ vendor.34f22af….js:127729
_next @ vendor.34f22af….js:254948
next @ vendor.34f22af….js:28832
_next @ vendor.34f22af….js:28844
next @ vendor.34f22af….js:28832
notifyNext @ vendor.34f22af….js:185249
_next @ vendor.34f22af….js:254948
next @ vendor.34f22af….js:28832
_next @ vendor.34f22af….js:163301
next @ vendor.34f22af….js:28832
next @ vendor.34f22af….js:50795
actionResponse @ vendor.34f22af….js:50605
msgReceiver @ vendor.34f22af….js:44366
_receive @ vendor.34f22af….js:44344
onWsEvent @ vendor.34f22af….js:44282
onWsEvent @ vendor.34f22af….js:44158
(anonymous) @ vendor.34f22af….js:44138
_ @ polyfills.01277dd….js:2469
invokeTask @ polyfills.01277dd….js:1824
onInvokeTask @ vendor.34f22af….js:227933
invokeTask @ polyfills.01277dd….js:1816
runTask @ polyfills.01277dd….js:1585
invokeTask @ polyfills.01277dd….js:1896
h @ polyfills.01277dd….js:2715
p @ polyfills.01277dd….js:2732
 Exception caught and thrown {}
 [ERROR] [rootZone]    [UI] main.ts#UI-Exception: HttpErrorResponse: Http failure response for http://127.0.0.1:5501/i18n/ten-inch/en_US.json: 404 Not Found
console.<computed> @ (index):77
append @ main.17a1455….js:27518
(anonymous) @ main.17a1455….js:130386
prepareMessageAndLoopOverAppenders @ main.17a1455….js:130385
log2appenders @ main.17a1455….js:130369
error @ main.17a1455….js:130318
handleError @ main.17a1455….js:39567
L @ main.17a1455….js:191517
handleError @ polyfills.01277dd….js:1786
onHandleError @ vendor.34f22af….js:227956
handleError @ polyfills.01277dd….js:1786
runTask @ polyfills.01277dd….js:1587
invokeTask @ polyfills.01277dd….js:1896
(anonymous) @ polyfills.01277dd….js:1890
(anonymous) @ polyfills.01277dd….js:3459
setTimeout
a @ polyfills.01277dd….js:3467
scheduleTask @ polyfills.01277dd….js:1806
onScheduleTask @ polyfills.01277dd….js:1676
scheduleTask @ polyfills.01277dd….js:1799
scheduleTask @ polyfills.01277dd….js:1616
scheduleMacroTask @ polyfills.01277dd….js:1634
u @ polyfills.01277dd….js:2415
(anonymous) @ polyfills.01277dd….js:3480
(anonymous) @ polyfills.01277dd….js:2590
i @ vendor.34f22af….js:213488
error @ vendor.34f22af….js:28903
_error @ vendor.34f22af….js:28847
error @ vendor.34f22af….js:28835
_error @ vendor.34f22af….js:28847
error @ vendor.34f22af….js:28835
_error @ vendor.34f22af….js:28847
error @ vendor.34f22af….js:28835
error @ vendor.34f22af….js:165475
error @ vendor.34f22af….js:280139
__tryOrUnsub @ vendor.34f22af….js:28924
error @ vendor.34f22af….js:28899
_error @ vendor.34f22af….js:28847
error @ vendor.34f22af….js:28835
_error @ vendor.34f22af….js:28847
error @ vendor.34f22af….js:28835
_error @ vendor.34f22af….js:28847
error @ vendor.34f22af….js:28835
notifyError @ vendor.34f22af….js:247301
_error @ vendor.34f22af….js:254957
error @ vendor.34f22af….js:28835
s @ vendor.34f22af….js:33744
invokeTask @ polyfills.01277dd….js:1824
onInvokeTask @ vendor.34f22af….js:227933
invokeTask @ polyfills.01277dd….js:1816
runTask @ polyfills.01277dd….js:1585
invokeTask @ polyfills.01277dd….js:1896
h @ polyfills.01277dd….js:2715
p @ polyfills.01277dd….js:2736
XMLHttpRequest.send
y @ polyfills.01277dd….js:3654
scheduleTask @ polyfills.01277dd….js:1806
onScheduleTask @ polyfills.01277dd….js:1676
scheduleTask @ polyfills.01277dd….js:1799
scheduleTask @ polyfills.01277dd….js:1616
scheduleMacroTask @ polyfills.01277dd….js:1634
u @ polyfills.01277dd….js:2415
(anonymous) @ polyfills.01277dd….js:3693
(anonymous) @ polyfills.01277dd….js:2590
(anonymous) @ vendor.34f22af….js:33786
_trySubscribe @ vendor.34f22af….js:89315
subscribe @ vendor.34f22af….js:89304
s @ vendor.34f22af….js:239576
_innerSub @ vendor.34f22af….js:185238
_tryNext @ vendor.34f22af….js:185232
_next @ vendor.34f22af….js:185221
next @ vendor.34f22af….js:28832
(anonymous) @ vendor.34f22af….js:188873
_trySubscribe @ vendor.34f22af….js:89315
subscribe @ vendor.34f22af….js:89304
call @ vendor.34f22af….js:185206
subscribe @ vendor.34f22af….js:89299
call @ vendor.34f22af….js:280940
subscribe @ vendor.34f22af….js:89299
call @ vendor.34f22af….js:163284
subscribe @ vendor.34f22af….js:89299
(anonymous) @ vendor.34f22af….js:280134
subscribe @ vendor.34f22af….js:89299
call @ vendor.34f22af….js:89728
subscribe @ vendor.34f22af….js:89299
call @ vendor.34f22af….js:163284
subscribe @ vendor.34f22af….js:89299
(anonymous) @ vendor.34f22af….js:280134
subscribe @ vendor.34f22af….js:89299
call @ vendor.34f22af….js:89728
subscribe @ vendor.34f22af….js:89299
getTranslation @ vendor.34f22af….js:172955
retrieveTranslations @ vendor.34f22af….js:172939
use @ vendor.34f22af….js:172925
changeLanguage @ main.17a1455….js:145916
(anonymous) @ main.17a1455….js:159109
__tryOrUnsub @ vendor.34f22af….js:28924
next @ vendor.34f22af….js:28889
_next @ vendor.34f22af….js:28844
next @ vendor.34f22af….js:28832
_next @ vendor.34f22af….js:108016
next @ vendor.34f22af….js:28832
_next @ vendor.34f22af….js:163301
next @ vendor.34f22af….js:28832
_next @ vendor.34f22af….js:280957
next @ vendor.34f22af….js:28832
next @ vendor.34f22af….js:165464
nextInfiniteTimeWindow @ vendor.34f22af….js:115231
(anonymous) @ main.17a1455….js:159030
__tryOrUnsub @ vendor.34f22af….js:28924
next @ vendor.34f22af….js:28889
_next @ vendor.34f22af….js:28844
next @ vendor.34f22af….js:28832
_next @ vendor.34f22af….js:28844
next @ vendor.34f22af….js:28832
notifyNext @ vendor.34f22af….js:127729
_next @ vendor.34f22af….js:254948
next @ vendor.34f22af….js:28832
_next @ vendor.34f22af….js:28844
next @ vendor.34f22af….js:28832
notifyNext @ vendor.34f22af….js:185249
_next @ vendor.34f22af….js:254948
next @ vendor.34f22af….js:28832
_next @ vendor.34f22af….js:163301
next @ vendor.34f22af….js:28832
next @ vendor.34f22af….js:50795
actionResponse @ vendor.34f22af….js:50605
msgReceiver @ vendor.34f22af….js:44366
_receive @ vendor.34f22af….js:44344
onWsEvent @ vendor.34f22af….js:44282
onWsEvent @ vendor.34f22af….js:44158
(anonymous) @ vendor.34f22af….js:44138
_ @ polyfills.01277dd….js:2469
invokeTask @ polyfills.01277dd….js:1824
onInvokeTask @ vendor.34f22af….js:227933
invokeTask @ polyfills.01277dd….js:1816
runTask @ polyfills.01277dd….js:1585
invokeTask @ polyfills.01277dd….js:1896
h @ polyfills.01277dd….js:2715
p @ polyfills.01277dd….js:2732
 [ERROR] [GlobalErrorHandler]    [UI] GlobalErrorHandler#UI-Exception: HttpErrorResponse: Http failure response for http://127.0.0.1:5501/i18n/ten-inch/en_US.json: 404 Not Found
console.<computed> @ (index):77
append @ main.17a1455….js:27518
(anonymous) @ main.17a1455….js:130386
prepareMessageAndLoopOverAppenders @ main.17a1455….js:130385
log2appenders @ main.17a1455….js:130369
error @ main.17a1455….js:130318
handleError @ main.17a1455….js:39567
handleError @ main.17a1455….js:39589
next @ vendor.34f22af….js:228273
(anonymous) @ vendor.34f22af….js:227685
__tryOrUnsub @ vendor.34f22af….js:28924
next @ vendor.34f22af….js:28889
_next @ vendor.34f22af….js:28844
next @ vendor.34f22af….js:28832
next @ vendor.34f22af….js:165464
emit @ vendor.34f22af….js:227673
(anonymous) @ vendor.34f22af….js:227957
invoke @ polyfills.01277dd….js:1781
run @ polyfills.01277dd….js:1548
runOutsideAngular @ vendor.34f22af….js:227990
onHandleError @ vendor.34f22af….js:227957
handleError @ polyfills.01277dd….js:1786
runTask @ polyfills.01277dd….js:1587
invokeTask @ polyfills.01277dd….js:1896
(anonymous) @ polyfills.01277dd….js:1890
(anonymous) @ polyfills.01277dd….js:3459
setTimeout
a @ polyfills.01277dd….js:3467
scheduleTask @ polyfills.01277dd….js:1806
onScheduleTask @ polyfills.01277dd….js:1676
scheduleTask @ polyfills.01277dd….js:1799
scheduleTask @ polyfills.01277dd….js:1616
scheduleMacroTask @ polyfills.01277dd….js:1634
u @ polyfills.01277dd….js:2415
(anonymous) @ polyfills.01277dd….js:3480
(anonymous) @ polyfills.01277dd….js:2590
i @ vendor.34f22af….js:213488
error @ vendor.34f22af….js:28903
_error @ vendor.34f22af….js:28847
error @ vendor.34f22af….js:28835
_error @ vendor.34f22af….js:28847
error @ vendor.34f22af….js:28835
_error @ vendor.34f22af….js:28847
error @ vendor.34f22af….js:28835
error @ vendor.34f22af….js:165475
error @ vendor.34f22af….js:280139
__tryOrUnsub @ vendor.34f22af….js:28924
error @ vendor.34f22af….js:28899
_error @ vendor.34f22af….js:28847
error @ vendor.34f22af….js:28835
_error @ vendor.34f22af….js:28847
error @ vendor.34f22af….js:28835
_error @ vendor.34f22af….js:28847
error @ vendor.34f22af….js:28835
notifyError @ vendor.34f22af….js:247301
_error @ vendor.34f22af….js:254957
error @ vendor.34f22af….js:28835
s @ vendor.34f22af….js:33744
invokeTask @ polyfills.01277dd….js:1824
onInvokeTask @ vendor.34f22af….js:227933
invokeTask @ polyfills.01277dd….js:1816
runTask @ polyfills.01277dd….js:1585
invokeTask @ polyfills.01277dd….js:1896
h @ polyfills.01277dd….js:2715
p @ polyfills.01277dd….js:2736
XMLHttpRequest.send
y @ polyfills.01277dd….js:3654
scheduleTask @ polyfills.01277dd….js:1806
onScheduleTask @ polyfills.01277dd….js:1676
scheduleTask @ polyfills.01277dd….js:1799
scheduleTask @ polyfills.01277dd….js:1616
scheduleMacroTask @ polyfills.01277dd….js:1634
u @ polyfills.01277dd….js:2415
(anonymous) @ polyfills.01277dd….js:3693
(anonymous) @ polyfills.01277dd….js:2590
(anonymous) @ vendor.34f22af….js:33786
_trySubscribe @ vendor.34f22af….js:89315
subscribe @ vendor.34f22af….js:89304
s @ vendor.34f22af….js:239576
_innerSub @ vendor.34f22af….js:185238
_tryNext @ vendor.34f22af….js:185232
_next @ vendor.34f22af….js:185221
next @ vendor.34f22af….js:28832
(anonymous) @ vendor.34f22af….js:188873
_trySubscribe @ vendor.34f22af….js:89315
subscribe @ vendor.34f22af….js:89304
call @ vendor.34f22af….js:185206
subscribe @ vendor.34f22af….js:89299
call @ vendor.34f22af….js:280940
subscribe @ vendor.34f22af….js:89299
call @ vendor.34f22af….js:163284
subscribe @ vendor.34f22af….js:89299
(anonymous) @ vendor.34f22af….js:280134
subscribe @ vendor.34f22af….js:89299
call @ vendor.34f22af….js:89728
subscribe @ vendor.34f22af….js:89299
call @ vendor.34f22af….js:163284
subscribe @ vendor.34f22af….js:89299
(anonymous) @ vendor.34f22af….js:280134
subscribe @ vendor.34f22af….js:89299
call @ vendor.34f22af….js:89728
subscribe @ vendor.34f22af….js:89299
getTranslation @ vendor.34f22af….js:172955
retrieveTranslations @ vendor.34f22af….js:172939
use @ vendor.34f22af….js:172925
changeLanguage @ main.17a1455….js:145916
(anonymous) @ main.17a1455….js:159109
__tryOrUnsub @ vendor.34f22af….js:28924
next @ vendor.34f22af….js:28889
_next @ vendor.34f22af….js:28844
next @ vendor.34f22af….js:28832
_next @ vendor.34f22af….js:108016
next @ vendor.34f22af….js:28832
_next @ vendor.34f22af….js:163301
next @ vendor.34f22af….js:28832
_next @ vendor.34f22af….js:280957
next @ vendor.34f22af….js:28832
next @ vendor.34f22af….js:165464
nextInfiniteTimeWindow @ vendor.34f22af….js:115231
(anonymous) @ main.17a1455….js:159030
__tryOrUnsub @ vendor.34f22af….js:28924
next @ vendor.34f22af….js:28889
_next @ vendor.34f22af….js:28844
next @ vendor.34f22af….js:28832
_next @ vendor.34f22af….js:28844
next @ vendor.34f22af….js:28832
notifyNext @ vendor.34f22af….js:127729
_next @ vendor.34f22af….js:254948
next @ vendor.34f22af….js:28832
_next @ vendor.34f22af….js:28844
next @ vendor.34f22af….js:28832
notifyNext @ vendor.34f22af….js:185249
_next @ vendor.34f22af….js:254948
next @ vendor.34f22af….js:28832
_next @ vendor.34f22af….js:163301
next @ vendor.34f22af….js:28832
next @ vendor.34f22af….js:50795
actionResponse @ vendor.34f22af….js:50605
msgReceiver @ vendor.34f22af….js:44366
_receive @ vendor.34f22af….js:44344
onWsEvent @ vendor.34f22af….js:44282
onWsEvent @ vendor.34f22af….js:44158
(anonymous) @ vendor.34f22af….js:44138
_ @ polyfills.01277dd….js:2469
invokeTask @ polyfills.01277dd….js:1824
onInvokeTask @ vendor.34f22af….js:227933
invokeTask @ polyfills.01277dd….js:1816
runTask @ polyfills.01277dd….js:1585
invokeTask @ polyfills.01277dd….js:1896
h @ polyfills.01277dd….js:2715
p @ polyfills.01277dd….js:2732
 [ERROR] [AppComponent]    [UI] AppComponent#UI-Exception: HttpErrorResponse: Http failure response for http://127.0.0.1:5501/i18n/ten-inch/en_US.json: 404 Not Found
console.<computed> @ (index):77
append @ main.17a1455….js:27518
(anonymous) @ main.17a1455….js:130386
prepareMessageAndLoopOverAppenders @ main.17a1455….js:130385
log2appenders @ main.17a1455….js:130369
error @ main.17a1455….js:130318
handleError @ main.17a1455….js:39567
(anonymous) @ main.17a1455….js:91599
(anonymous) @ vendor.34f22af….js:227708
__tryOrUnsub @ vendor.34f22af….js:28924
next @ vendor.34f22af….js:28889
_next @ vendor.34f22af….js:28844
next @ vendor.34f22af….js:28832
next @ vendor.34f22af….js:165464
emit @ vendor.34f22af….js:227673
(anonymous) @ vendor.34f22af….js:227957
invoke @ polyfills.01277dd….js:1781
run @ polyfills.01277dd….js:1548
runOutsideAngular @ vendor.34f22af….js:227990
onHandleError @ vendor.34f22af….js:227957
handleError @ polyfills.01277dd….js:1786
runTask @ polyfills.01277dd….js:1587
invokeTask @ polyfills.01277dd….js:1896
(anonymous) @ polyfills.01277dd….js:1890
(anonymous) @ polyfills.01277dd….js:3459
setTimeout
a @ polyfills.01277dd….js:3467
scheduleTask @ polyfills.01277dd….js:1806
onScheduleTask @ polyfills.01277dd….js:1676
scheduleTask @ polyfills.01277dd….js:1799
scheduleTask @ polyfills.01277dd….js:1616
scheduleMacroTask @ polyfills.01277dd….js:1634
u @ polyfills.01277dd….js:2415
(anonymous) @ polyfills.01277dd….js:3480
(anonymous) @ polyfills.01277dd….js:2590
i @ vendor.34f22af….js:213488
error @ vendor.34f22af….js:28903
_error @ vendor.34f22af….js:28847
error @ vendor.34f22af….js:28835
_error @ vendor.34f22af….js:28847
error @ vendor.34f22af….js:28835
_error @ vendor.34f22af….js:28847
error @ vendor.34f22af….js:28835
error @ vendor.34f22af….js:165475
error @ vendor.34f22af….js:280139
__tryOrUnsub @ vendor.34f22af….js:28924
error @ vendor.34f22af….js:28899
_error @ vendor.34f22af….js:28847
error @ vendor.34f22af….js:28835
_error @ vendor.34f22af….js:28847
error @ vendor.34f22af….js:28835
_error @ vendor.34f22af….js:28847
error @ vendor.34f22af….js:28835
notifyError @ vendor.34f22af….js:247301
_error @ vendor.34f22af….js:254957
error @ vendor.34f22af….js:28835
s @ vendor.34f22af….js:33744
invokeTask @ polyfills.01277dd….js:1824
onInvokeTask @ vendor.34f22af….js:227933
invokeTask @ polyfills.01277dd….js:1816
runTask @ polyfills.01277dd….js:1585
invokeTask @ polyfills.01277dd….js:1896
h @ polyfills.01277dd….js:2715
p @ polyfills.01277dd….js:2736
XMLHttpRequest.send
y @ polyfills.01277dd….js:3654
scheduleTask @ polyfills.01277dd….js:1806
onScheduleTask @ polyfills.01277dd….js:1676
scheduleTask @ polyfills.01277dd….js:1799
scheduleTask @ polyfills.01277dd….js:1616
scheduleMacroTask @ polyfills.01277dd….js:1634
u @ polyfills.01277dd….js:2415
(anonymous) @ polyfills.01277dd….js:3693
(anonymous) @ polyfills.01277dd….js:2590
(anonymous) @ vendor.34f22af….js:33786
_trySubscribe @ vendor.34f22af….js:89315
subscribe @ vendor.34f22af….js:89304
s @ vendor.34f22af….js:239576
_innerSub @ vendor.34f22af….js:185238
_tryNext @ vendor.34f22af….js:185232
_next @ vendor.34f22af….js:185221
next @ vendor.34f22af….js:28832
(anonymous) @ vendor.34f22af….js:188873
_trySubscribe @ vendor.34f22af….js:89315
subscribe @ vendor.34f22af….js:89304
call @ vendor.34f22af….js:185206
subscribe @ vendor.34f22af….js:89299
call @ vendor.34f22af….js:280940
subscribe @ vendor.34f22af….js:89299
call @ vendor.34f22af….js:163284
subscribe @ vendor.34f22af….js:89299
(anonymous) @ vendor.34f22af….js:280134
subscribe @ vendor.34f22af….js:89299
call @ vendor.34f22af….js:89728
subscribe @ vendor.34f22af….js:89299
call @ vendor.34f22af….js:163284
subscribe @ vendor.34f22af….js:89299
(anonymous) @ vendor.34f22af….js:280134
subscribe @ vendor.34f22af….js:89299
call @ vendor.34f22af….js:89728
subscribe @ vendor.34f22af….js:89299
getTranslation @ vendor.34f22af….js:172955
retrieveTranslations @ vendor.34f22af….js:172939
use @ vendor.34f22af….js:172925
changeLanguage @ main.17a1455….js:145916
(anonymous) @ main.17a1455….js:159109
__tryOrUnsub @ vendor.34f22af….js:28924
next @ vendor.34f22af….js:28889
_next @ vendor.34f22af….js:28844
next @ vendor.34f22af….js:28832
_next @ vendor.34f22af….js:108016
next @ vendor.34f22af….js:28832
_next @ vendor.34f22af….js:163301
next @ vendor.34f22af….js:28832
_next @ vendor.34f22af….js:280957
next @ vendor.34f22af….js:28832
next @ vendor.34f22af….js:165464
nextInfiniteTimeWindow @ vendor.34f22af….js:115231
(anonymous) @ main.17a1455….js:159030
__tryOrUnsub @ vendor.34f22af….js:28924
next @ vendor.34f22af….js:28889
_next @ vendor.34f22af….js:28844
next @ vendor.34f22af….js:28832
_next @ vendor.34f22af….js:28844
next @ vendor.34f22af….js:28832
notifyNext @ vendor.34f22af….js:127729
_next @ vendor.34f22af….js:254948
next @ vendor.34f22af….js:28832
_next @ vendor.34f22af….js:28844
next @ vendor.34f22af….js:28832
notifyNext @ vendor.34f22af….js:185249
_next @ vendor.34f22af….js:254948
next @ vendor.34f22af….js:28832
_next @ vendor.34f22af….js:163301
next @ vendor.34f22af….js:28832
next @ vendor.34f22af….js:50795
actionResponse @ vendor.34f22af….js:50605
msgReceiver @ vendor.34f22af….js:44366
_receive @ vendor.34f22af….js:44344
onWsEvent @ vendor.34f22af….js:44282
onWsEvent @ vendor.34f22af….js:44158
(anonymous) @ vendor.34f22af….js:44138
_ @ polyfills.01277dd….js:2469
invokeTask @ polyfills.01277dd….js:1824
onInvokeTask @ vendor.34f22af….js:227933
invokeTask @ polyfills.01277dd….js:1816
runTask @ polyfills.01277dd….js:1585
invokeTask @ polyfills.01277dd….js:1896
h @ polyfills.01277dd….js:2715
p @ polyfills.01277dd….js:2732
 Exception caught and thrown {}
 [WARN] [entertainment.EntertainmentService]    [UI] entertainment.EntertainmentService#setupMainTarget$: TargetSubscription returned no target for type MAIN
console.<computed> @ (index):77
append @ main.17a1455….js:27518
(anonymous) @ main.17a1455….js:130386
prepareMessageAndLoopOverAppenders @ main.17a1455….js:130385
log2appenders @ main.17a1455….js:130369
warn @ main.17a1455….js:130315
(anonymous) @ main.17a1455….js:114010
_next @ vendor.34f22af….js:163297
next @ vendor.34f22af….js:28832
_next @ vendor.34f22af….js:163301
next @ vendor.34f22af….js:28832
_next @ vendor.34f22af….js:41542
next @ vendor.34f22af….js:28832
_next @ vendor.34f22af….js:28844
next @ vendor.34f22af….js:28832
_next @ vendor.34f22af….js:41542
next @ vendor.34f22af….js:28832
_next @ vendor.34f22af….js:28844
next @ vendor.34f22af….js:28832
next @ vendor.34f22af….js:141879
notifyNext @ vendor.34f22af….js:247298
_next @ vendor.34f22af….js:254948
next @ vendor.34f22af….js:28832
notifyNext @ vendor.34f22af….js:185249
_next @ vendor.34f22af….js:254948
next @ vendor.34f22af….js:28832
(anonymous) @ vendor.34f22af….js:188873
_trySubscribe @ vendor.34f22af….js:89315
subscribe @ vendor.34f22af….js:89304
s @ vendor.34f22af….js:239576
_innerSub @ vendor.34f22af….js:185238
_tryNext @ vendor.34f22af….js:185232
_next @ vendor.34f22af….js:185221
next @ vendor.34f22af….js:28832
(anonymous) @ vendor.34f22af….js:188873
_trySubscribe @ vendor.34f22af….js:89315
subscribe @ vendor.34f22af….js:89304
call @ vendor.34f22af….js:185206
subscribe @ vendor.34f22af….js:89299
s @ vendor.34f22af….js:239576
error @ vendor.34f22af….js:25216
notifyError @ vendor.34f22af….js:247301
_error @ vendor.34f22af….js:254957
error @ vendor.34f22af….js:28835
_next @ vendor.34f22af….js:163299
next @ vendor.34f22af….js:28832
next @ vendor.34f22af….js:50795
actionResponse @ vendor.34f22af….js:50605
msgReceiver @ vendor.34f22af….js:44366
_receive @ vendor.34f22af….js:44344
onWsEvent @ vendor.34f22af….js:44282
onWsEvent @ vendor.34f22af….js:44158
(anonymous) @ vendor.34f22af….js:44138
_ @ polyfills.01277dd….js:2469
invokeTask @ polyfills.01277dd….js:1824
onInvokeTask @ vendor.34f22af….js:227933
invokeTask @ polyfills.01277dd….js:1816
runTask @ polyfills.01277dd….js:1585
invokeTask @ polyfills.01277dd….js:1896
h @ polyfills.01277dd….js:2715
p @ polyfills.01277dd….js:2732
 Exception caught and thrown {}
 Exception caught and thrown {}
 [WARN] [entertainment.EntertainmentService]    [UI] entertainment.EntertainmentService#setupMainTarget$: TargetSubscription returned no target for type MAIN
console.<computed> @ (index):77
append @ main.17a1455….js:27518
(anonymous) @ main.17a1455….js:130386
prepareMessageAndLoopOverAppenders @ main.17a1455….js:130385
log2appenders @ main.17a1455….js:130369
warn @ main.17a1455….js:130315
(anonymous) @ main.17a1455….js:114010
_next @ vendor.34f22af….js:163297
next @ vendor.34f22af….js:28832
_next @ vendor.34f22af….js:163301
next @ vendor.34f22af….js:28832
_next @ vendor.34f22af….js:41542
next @ vendor.34f22af….js:28832
_next @ vendor.34f22af….js:28844
next @ vendor.34f22af….js:28832
_next @ vendor.34f22af….js:41542
next @ vendor.34f22af….js:28832
_next @ vendor.34f22af….js:28844
next @ vendor.34f22af….js:28832
next @ vendor.34f22af….js:141879
notifyNext @ vendor.34f22af….js:247298
_next @ vendor.34f22af….js:254948
next @ vendor.34f22af….js:28832
notifyNext @ vendor.34f22af….js:185249
_next @ vendor.34f22af….js:254948
next @ vendor.34f22af….js:28832
(anonymous) @ vendor.34f22af….js:188873
_trySubscribe @ vendor.34f22af….js:89315
subscribe @ vendor.34f22af….js:89304
s @ vendor.34f22af….js:239576
_innerSub @ vendor.34f22af….js:185238
_tryNext @ vendor.34f22af….js:185232
_next @ vendor.34f22af….js:185221
next @ vendor.34f22af….js:28832
(anonymous) @ vendor.34f22af….js:188873
_trySubscribe @ vendor.34f22af….js:89315
subscribe @ vendor.34f22af….js:89304
call @ vendor.34f22af….js:185206
subscribe @ vendor.34f22af….js:89299
s @ vendor.34f22af….js:239576
error @ vendor.34f22af….js:25216
notifyError @ vendor.34f22af….js:247301
_error @ vendor.34f22af….js:254957
error @ vendor.34f22af….js:28835
_next @ vendor.34f22af….js:163299
next @ vendor.34f22af….js:28832
next @ vendor.34f22af….js:50795
actionResponse @ vendor.34f22af….js:50605
msgReceiver @ vendor.34f22af….js:44366
_receive @ vendor.34f22af….js:44344
onWsEvent @ vendor.34f22af….js:44282
onWsEvent @ vendor.34f22af….js:44158
(anonymous) @ vendor.34f22af….js:44138
_ @ polyfills.01277dd….js:2469
invokeTask @ polyfills.01277dd….js:1824
onInvokeTask @ vendor.34f22af….js:227933
invokeTask @ polyfills.01277dd….js:1816
runTask @ polyfills.01277dd….js:1585
invokeTask @ polyfills.01277dd….js:1896
h @ polyfills.01277dd….js:2715
p @ polyfills.01277dd….js:2732
 Exception caught and thrown {}
 Exception caught and thrown {}
 XHR failed loading: GET "http://127.0.0.1:5501/i18n/ten-inch/en_US.json".
y @ polyfills.01277dd….js:3654
scheduleTask @ polyfills.01277dd….js:1806
onScheduleTask @ polyfills.01277dd….js:1676
scheduleTask @ polyfills.01277dd….js:1799
scheduleTask @ polyfills.01277dd….js:1616
scheduleMacroTask @ polyfills.01277dd….js:1634
u @ polyfills.01277dd….js:2415
(anonymous) @ polyfills.01277dd….js:3693
(anonymous) @ polyfills.01277dd….js:2590
(anonymous) @ vendor.34f22af….js:33786
_trySubscribe @ vendor.34f22af….js:89315
subscribe @ vendor.34f22af….js:89304
s @ vendor.34f22af….js:239576
_innerSub @ vendor.34f22af….js:185238
_tryNext @ vendor.34f22af….js:185232
_next @ vendor.34f22af….js:185221
next @ vendor.34f22af….js:28832
(anonymous) @ vendor.34f22af….js:188873
_trySubscribe @ vendor.34f22af….js:89315
subscribe @ vendor.34f22af….js:89304
call @ vendor.34f22af….js:185206
subscribe @ vendor.34f22af….js:89299
call @ vendor.34f22af….js:280940
subscribe @ vendor.34f22af….js:89299
call @ vendor.34f22af….js:163284
subscribe @ vendor.34f22af….js:89299
(anonymous) @ vendor.34f22af….js:280134
subscribe @ vendor.34f22af….js:89299
call @ vendor.34f22af….js:89728
subscribe @ vendor.34f22af….js:89299
call @ vendor.34f22af….js:163284
subscribe @ vendor.34f22af….js:89299
(anonymous) @ vendor.34f22af….js:280134
subscribe @ vendor.34f22af….js:89299
call @ vendor.34f22af….js:89728
subscribe @ vendor.34f22af….js:89299
getTranslation @ vendor.34f22af….js:172955
retrieveTranslations @ vendor.34f22af….js:172939
use @ vendor.34f22af….js:172925
changeLanguage @ main.17a1455….js:145916
(anonymous) @ main.17a1455….js:159109
__tryOrUnsub @ vendor.34f22af….js:28924
next @ vendor.34f22af….js:28889
_next @ vendor.34f22af….js:28844
next @ vendor.34f22af….js:28832
_next @ vendor.34f22af….js:108016
next @ vendor.34f22af….js:28832
_next @ vendor.34f22af….js:163301
next @ vendor.34f22af….js:28832
_next @ vendor.34f22af….js:280957
next @ vendor.34f22af….js:28832
next @ vendor.34f22af….js:165464
nextInfiniteTimeWindow @ vendor.34f22af….js:115231
(anonymous) @ main.17a1455….js:159030
__tryOrUnsub @ vendor.34f22af….js:28924
next @ vendor.34f22af….js:28889
_next @ vendor.34f22af….js:28844
next @ vendor.34f22af….js:28832
_next @ vendor.34f22af….js:28844
next @ vendor.34f22af….js:28832
notifyNext @ vendor.34f22af….js:127729
_next @ vendor.34f22af….js:254948
next @ vendor.34f22af….js:28832
_next @ vendor.34f22af….js:28844
next @ vendor.34f22af….js:28832
notifyNext @ vendor.34f22af….js:185249
_next @ vendor.34f22af….js:254948
next @ vendor.34f22af….js:28832
_next @ vendor.34f22af….js:163301
next @ vendor.34f22af….js:28832
next @ vendor.34f22af….js:50795
actionResponse @ vendor.34f22af….js:50605
msgReceiver @ vendor.34f22af….js:44366
_receive @ vendor.34f22af….js:44344
onWsEvent @ vendor.34f22af….js:44282
onWsEvent @ vendor.34f22af….js:44158
(anonymous) @ vendor.34f22af….js:44138
_ @ polyfills.01277dd….js:2469
invokeTask @ polyfills.01277dd….js:1824
onInvokeTask @ vendor.34f22af….js:227933
invokeTask @ polyfills.01277dd….js:1816
runTask @ polyfills.01277dd….js:1585
invokeTask @ polyfills.01277dd….js:1896
h @ polyfills.01277dd….js:2715
p @ polyfills.01277dd….js:2732
 [WARN] [entertainment.EntertainmentService]    [UI] entertainment.EntertainmentService#setupMainTarget$: TargetSubscription returned no target for type MAIN
console.<computed> @ (index):77
append @ main.17a1455….js:27518
(anonymous) @ main.17a1455….js:130386
prepareMessageAndLoopOverAppenders @ main.17a1455….js:130385
log2appenders @ main.17a1455….js:130369
warn @ main.17a1455….js:130315
(anonymous) @ main.17a1455….js:114010
_next @ vendor.34f22af….js:163297
next @ vendor.34f22af….js:28832
_next @ vendor.34f22af….js:163301
next @ vendor.34f22af….js:28832
_next @ vendor.34f22af….js:41542
next @ vendor.34f22af….js:28832
_next @ vendor.34f22af….js:28844
next @ vendor.34f22af….js:28832
_next @ vendor.34f22af….js:41542
next @ vendor.34f22af….js:28832
_next @ vendor.34f22af….js:28844
next @ vendor.34f22af….js:28832
next @ vendor.34f22af….js:141879
notifyNext @ vendor.34f22af….js:247298
_next @ vendor.34f22af….js:254948
next @ vendor.34f22af….js:28832
notifyNext @ vendor.34f22af….js:185249
_next @ vendor.34f22af….js:254948
next @ vendor.34f22af….js:28832
(anonymous) @ vendor.34f22af….js:188873
_trySubscribe @ vendor.34f22af….js:89315
subscribe @ vendor.34f22af….js:89304
s @ vendor.34f22af….js:239576
_innerSub @ vendor.34f22af….js:185238
_tryNext @ vendor.34f22af….js:185232
_next @ vendor.34f22af….js:185221
next @ vendor.34f22af….js:28832
(anonymous) @ vendor.34f22af….js:188873
_trySubscribe @ vendor.34f22af….js:89315
subscribe @ vendor.34f22af….js:89304
call @ vendor.34f22af….js:185206
subscribe @ vendor.34f22af….js:89299
s @ vendor.34f22af….js:239576
error @ vendor.34f22af….js:25216
notifyError @ vendor.34f22af….js:247301
_error @ vendor.34f22af….js:254957
error @ vendor.34f22af….js:28835
_next @ vendor.34f22af….js:163299
next @ vendor.34f22af….js:28832
next @ vendor.34f22af….js:50795
actionResponse @ vendor.34f22af….js:50605
msgReceiver @ vendor.34f22af….js:44366
_receive @ vendor.34f22af….js:44344
onWsEvent @ vendor.34f22af….js:44282
onWsEvent @ vendor.34f22af….js:44158
(anonymous) @ vendor.34f22af….js:44138
_ @ polyfills.01277dd….js:2469
invokeTask @ polyfills.01277dd….js:1824
onInvokeTask @ vendor.34f22af….js:227933
invokeTask @ polyfills.01277dd….js:1816
runTask @ polyfills.01277dd….js:1585
invokeTask @ polyfills.01277dd….js:1896
h @ polyfills.01277dd….js:2715
p @ polyfills.01277dd….js:2732
 Exception caught and thrown {}
 Exception caught and thrown {}
 [WARN] [entertainment.EntertainmentService]    [UI] entertainment.EntertainmentService#setupMainTarget$: TargetSubscription returned no target for type MAIN
console.<computed> @ (index):77
append @ main.17a1455….js:27518
(anonymous) @ main.17a1455….js:130386
prepareMessageAndLoopOverAppenders @ main.17a1455….js:130385
log2appenders @ main.17a1455….js:130369
warn @ main.17a1455….js:130315
(anonymous) @ main.17a1455….js:114010
_next @ vendor.34f22af….js:163297
next @ vendor.34f22af….js:28832
_next @ vendor.34f22af….js:163301
next @ vendor.34f22af….js:28832
_next @ vendor.34f22af….js:41542
next @ vendor.34f22af….js:28832
_next @ vendor.34f22af….js:28844
next @ vendor.34f22af….js:28832
_next @ vendor.34f22af….js:41542
next @ vendor.34f22af….js:28832
_next @ vendor.34f22af….js:28844
next @ vendor.34f22af….js:28832
next @ vendor.34f22af….js:141879
notifyNext @ vendor.34f22af….js:247298
_next @ vendor.34f22af….js:254948
next @ vendor.34f22af….js:28832
notifyNext @ vendor.34f22af….js:185249
_next @ vendor.34f22af….js:254948
next @ vendor.34f22af….js:28832
(anonymous) @ vendor.34f22af….js:188873
_trySubscribe @ vendor.34f22af….js:89315
subscribe @ vendor.34f22af….js:89304
s @ vendor.34f22af….js:239576
_innerSub @ vendor.34f22af….js:185238
_tryNext @ vendor.34f22af….js:185232
_next @ vendor.34f22af….js:185221
next @ vendor.34f22af….js:28832
(anonymous) @ vendor.34f22af….js:188873
_trySubscribe @ vendor.34f22af….js:89315
subscribe @ vendor.34f22af….js:89304
call @ vendor.34f22af….js:185206
subscribe @ vendor.34f22af….js:89299
s @ vendor.34f22af….js:239576
error @ vendor.34f22af….js:25216
notifyError @ vendor.34f22af….js:247301
_error @ vendor.34f22af….js:254957
error @ vendor.34f22af….js:28835
_next @ vendor.34f22af….js:163299
next @ vendor.34f22af….js:28832
next @ vendor.34f22af….js:50795
actionResponse @ vendor.34f22af….js:50605
msgReceiver @ vendor.34f22af….js:44366
_receive @ vendor.34f22af….js:44344
onWsEvent @ vendor.34f22af….js:44282
onWsEvent @ vendor.34f22af….js:44158
(anonymous) @ vendor.34f22af….js:44138
_ @ polyfills.01277dd….js:2469
invokeTask @ polyfills.01277dd….js:1824
onInvokeTask @ vendor.34f22af….js:227933
invokeTask @ polyfills.01277dd….js:1816
runTask @ polyfills.01277dd….js:1585
invokeTask @ polyfills.01277dd….js:1896
h @ polyfills.01277dd….js:2715
p @ polyfills.01277dd….js:2732
 Exception caught and thrown {}
 Exception caught and thrown {}
 [WARN] [entertainment.EntertainmentService]    [UI] entertainment.EntertainmentService#setupMainTarget$: TargetSubscription returned no target for type MAIN
console.<computed> @ (index):77
append @ main.17a1455….js:27518
(anonymous) @ main.17a1455….js:130386
prepareMessageAndLoopOverAppenders @ main.17a1455….js:130385
log2appenders @ main.17a1455….js:130369
warn @ main.17a1455….js:130315
(anonymous) @ main.17a1455….js:114010
_next @ vendor.34f22af….js:163297
next @ vendor.34f22af….js:28832
_next @ vendor.34f22af….js:163301
next @ vendor.34f22af….js:28832
_next @ vendor.34f22af….js:41542
next @ vendor.34f22af….js:28832
_next @ vendor.34f22af….js:28844
next @ vendor.34f22af….js:28832
_next @ vendor.34f22af….js:41542
next @ vendor.34f22af….js:28832
_next @ vendor.34f22af….js:28844
next @ vendor.34f22af….js:28832
next @ vendor.34f22af….js:141879
notifyNext @ vendor.34f22af….js:247298
_next @ vendor.34f22af….js:254948
next @ vendor.34f22af….js:28832
notifyNext @ vendor.34f22af….js:185249
_next @ vendor.34f22af….js:254948
next @ vendor.34f22af….js:28832
(anonymous) @ vendor.34f22af….js:188873
_trySubscribe @ vendor.34f22af….js:89315
subscribe @ vendor.34f22af….js:89304
s @ vendor.34f22af….js:239576
_innerSub @ vendor.34f22af….js:185238
_tryNext @ vendor.34f22af….js:185232
_next @ vendor.34f22af….js:185221
next @ vendor.34f22af….js:28832
(anonymous) @ vendor.34f22af….js:188873
_trySubscribe @ vendor.34f22af….js:89315
subscribe @ vendor.34f22af….js:89304
call @ vendor.34f22af….js:185206
subscribe @ vendor.34f22af….js:89299
s @ vendor.34f22af….js:239576
error @ vendor.34f22af….js:25216
notifyError @ vendor.34f22af….js:247301
_error @ vendor.34f22af….js:254957
error @ vendor.34f22af….js:28835
_next @ vendor.34f22af….js:163299
next @ vendor.34f22af….js:28832
next @ vendor.34f22af….js:50795
actionResponse @ vendor.34f22af….js:50605
msgReceiver @ vendor.34f22af….js:44366
_receive @ vendor.34f22af….js:44344
onWsEvent @ vendor.34f22af….js:44282
onWsEvent @ vendor.34f22af….js:44158
(anonymous) @ vendor.34f22af….js:44138
_ @ polyfills.01277dd….js:2469
invokeTask @ polyfills.01277dd….js:1824
onInvokeTask @ vendor.34f22af….js:227933
invokeTask @ polyfills.01277dd….js:1816
runTask @ polyfills.01277dd….js:1585
invokeTask @ polyfills.01277dd….js:1896
h @ polyfills.01277dd….js:2715
p @ polyfills.01277dd….js:2732
 Exception caught and thrown {}
 Exception caught and thrown {}
 [WARN] [entertainment.EntertainmentService]    [UI] entertainment.EntertainmentService#setupMainTarget$: TargetSubscription returned no target for type MAIN
console.<computed> @ (index):77
append @ main.17a1455….js:27518
(anonymous) @ main.17a1455….js:130386
prepareMessageAndLoopOverAppenders @ main.17a1455….js:130385
log2appenders @ main.17a1455….js:130369
warn @ main.17a1455….js:130315
(anonymous) @ main.17a1455….js:114010
_next @ vendor.34f22af….js:163297
next @ vendor.34f22af….js:28832
_next @ vendor.34f22af….js:163301
next @ vendor.34f22af….js:28832
_next @ vendor.34f22af….js:41542
next @ vendor.34f22af….js:28832
_next @ vendor.34f22af….js:28844
next @ vendor.34f22af….js:28832
_next @ vendor.34f22af….js:41542
next @ vendor.34f22af….js:28832
_next @ vendor.34f22af….js:28844
next @ vendor.34f22af….js:28832
next @ vendor.34f22af….js:141879
notifyNext @ vendor.34f22af….js:247298
_next @ vendor.34f22af….js:254948
next @ vendor.34f22af….js:28832
notifyNext @ vendor.34f22af….js:185249
_next @ vendor.34f22af….js:254948
next @ vendor.34f22af….js:28832
(anonymous) @ vendor.34f22af….js:188873
_trySubscribe @ vendor.34f22af….js:89315
subscribe @ vendor.34f22af….js:89304
s @ vendor.34f22af….js:239576
_innerSub @ vendor.34f22af….js:185238
_tryNext @ vendor.34f22af….js:185232
_next @ vendor.34f22af….js:185221
next @ vendor.34f22af….js:28832
(anonymous) @ vendor.34f22af….js:188873
_trySubscribe @ vendor.34f22af….js:89315
subscribe @ vendor.34f22af….js:89304
call @ vendor.34f22af….js:185206
subscribe @ vendor.34f22af….js:89299
s @ vendor.34f22af….js:239576
error @ vendor.34f22af….js:25216
notifyError @ vendor.34f22af….js:247301
_error @ vendor.34f22af….js:254957
error @ vendor.34f22af….js:28835
_next @ vendor.34f22af….js:163299
next @ vendor.34f22af….js:28832
next @ vendor.34f22af….js:50795
actionResponse @ vendor.34f22af….js:50605
msgReceiver @ vendor.34f22af….js:44366
_receive @ vendor.34f22af….js:44344
onWsEvent @ vendor.34f22af….js:44282
onWsEvent @ vendor.34f22af….js:44158
(anonymous) @ vendor.34f22af….js:44138
_ @ polyfills.01277dd….js:2469
invokeTask @ polyfills.01277dd….js:1824
onInvokeTask @ vendor.34f22af….js:227933
invokeTask @ polyfills.01277dd….js:1816
runTask @ polyfills.01277dd….js:1585
invokeTask @ polyfills.01277dd….js:1896
h @ polyfills.01277dd….js:2715
p @ polyfills.01277dd….js:2732
 [Startup] window.onload: 468.071044921875 ms
 [INFO] [BENCH.Startup]    [UI] [UI][AUDI_FPK] UI_LOADING_COMPLETE (window.onload event)
 Exception caught and thrown {}
 Exception caught and thrown {}
 [WARN] [entertainment.EntertainmentService]    [UI] entertainment.EntertainmentService#setupMainTarget$: TargetSubscription returned no target for type MAIN
console.<computed> @ (index):77
append @ main.17a1455….js:27518
(anonymous) @ main.17a1455….js:130386
prepareMessageAndLoopOverAppenders @ main.17a1455….js:130385
log2appenders @ main.17a1455….js:130369
warn @ main.17a1455….js:130315
(anonymous) @ main.17a1455….js:114010
_next @ vendor.34f22af….js:163297
next @ vendor.34f22af….js:28832
_next @ vendor.34f22af….js:163301
next @ vendor.34f22af….js:28832
_next @ vendor.34f22af….js:41542
next @ vendor.34f22af….js:28832
_next @ vendor.34f22af….js:28844
next @ vendor.34f22af….js:28832
_next @ vendor.34f22af….js:41542
next @ vendor.34f22af….js:28832
_next @ vendor.34f22af….js:28844
next @ vendor.34f22af….js:28832
next @ vendor.34f22af….js:141879
notifyNext @ vendor.34f22af….js:247298
_next @ vendor.34f22af….js:254948
next @ vendor.34f22af….js:28832
notifyNext @ vendor.34f22af….js:185249
_next @ vendor.34f22af….js:254948
next @ vendor.34f22af….js:28832
(anonymous) @ vendor.34f22af….js:188873
_trySubscribe @ vendor.34f22af….js:89315
subscribe @ vendor.34f22af….js:89304
s @ vendor.34f22af….js:239576
_innerSub @ vendor.34f22af….js:185238
_tryNext @ vendor.34f22af….js:185232
_next @ vendor.34f22af….js:185221
next @ vendor.34f22af….js:28832
(anonymous) @ vendor.34f22af….js:188873
_trySubscribe @ vendor.34f22af….js:89315
subscribe @ vendor.34f22af….js:89304
call @ vendor.34f22af….js:185206
subscribe @ vendor.34f22af….js:89299
s @ vendor.34f22af….js:239576
error @ vendor.34f22af….js:25216
notifyError @ vendor.34f22af….js:247301
_error @ vendor.34f22af….js:254957
error @ vendor.34f22af….js:28835
_next @ vendor.34f22af….js:163299
next @ vendor.34f22af….js:28832
next @ vendor.34f22af….js:50795
actionResponse @ vendor.34f22af….js:50605
msgReceiver @ vendor.34f22af….js:44366
_receive @ vendor.34f22af….js:44344
onWsEvent @ vendor.34f22af….js:44282
onWsEvent @ vendor.34f22af….js:44158
(anonymous) @ vendor.34f22af….js:44138
_ @ polyfills.01277dd….js:2469
invokeTask @ polyfills.01277dd….js:1824
onInvokeTask @ vendor.34f22af….js:227933
invokeTask @ polyfills.01277dd….js:1816
runTask @ polyfills.01277dd….js:1585
invokeTask @ polyfills.01277dd….js:1896
h @ polyfills.01277dd….js:2715
p @ polyfills.01277dd….js:2732
 Exception caught and thrown {}
 Exception caught and thrown {}
 [WARN] [entertainment.EntertainmentService]    [UI] entertainment.EntertainmentService#setupMainTarget$: TargetSubscription returned no target for type MAIN
console.<computed> @ (index):77
append @ main.17a1455….js:27518
(anonymous) @ main.17a1455….js:130386
prepareMessageAndLoopOverAppenders @ main.17a1455….js:130385
log2appenders @ main.17a1455….js:130369
warn @ main.17a1455….js:130315
(anonymous) @ main.17a1455….js:114010
_next @ vendor.34f22af….js:163297
next @ vendor.34f22af….js:28832
_next @ vendor.34f22af….js:163301
next @ vendor.34f22af….js:28832
_next @ vendor.34f22af….js:41542
next @ vendor.34f22af….js:28832
_next @ vendor.34f22af….js:28844
next @ vendor.34f22af….js:28832
_next @ vendor.34f22af….js:41542
next @ vendor.34f22af….js:28832
_next @ vendor.34f22af….js:28844
next @ vendor.34f22af….js:28832
next @ vendor.34f22af….js:141879
notifyNext @ vendor.34f22af….js:247298
_next @ vendor.34f22af….js:254948
next @ vendor.34f22af….js:28832
notifyNext @ vendor.34f22af….js:185249
_next @ vendor.34f22af….js:254948
next @ vendor.34f22af….js:28832
(anonymous) @ vendor.34f22af….js:188873
_trySubscribe @ vendor.34f22af….js:89315
subscribe @ vendor.34f22af….js:89304
s @ vendor.34f22af….js:239576
_innerSub @ vendor.34f22af….js:185238
_tryNext @ vendor.34f22af….js:185232
_next @ vendor.34f22af….js:185221
next @ vendor.34f22af….js:28832
(anonymous) @ vendor.34f22af….js:188873
_trySubscribe @ vendor.34f22af….js:89315
subscribe @ vendor.34f22af….js:89304
call @ vendor.34f22af….js:185206
subscribe @ vendor.34f22af….js:89299
s @ vendor.34f22af….js:239576
error @ vendor.34f22af….js:25216
notifyError @ vendor.34f22af….js:247301
_error @ vendor.34f22af….js:254957
error @ vendor.34f22af….js:28835
_next @ vendor.34f22af….js:163299
next @ vendor.34f22af….js:28832
next @ vendor.34f22af….js:50795
actionResponse @ vendor.34f22af….js:50605
msgReceiver @ vendor.34f22af….js:44366
_receive @ vendor.34f22af….js:44344
onWsEvent @ vendor.34f22af….js:44282
onWsEvent @ vendor.34f22af….js:44158
(anonymous) @ vendor.34f22af….js:44138
_ @ polyfills.01277dd….js:2469
invokeTask @ polyfills.01277dd….js:1824
onInvokeTask @ vendor.34f22af….js:227933
invokeTask @ polyfills.01277dd….js:1816
runTask @ polyfills.01277dd….js:1585
invokeTask @ polyfills.01277dd….js:1896
h @ polyfills.01277dd….js:2715
p @ polyfills.01277dd….js:2732
 Exception caught and thrown {}
 Exception caught and thrown {}
 [WARN] [entertainment.EntertainmentService]    [UI] entertainment.EntertainmentService#setupMainTarget$: TargetSubscription returned no target for type MAIN
console.<computed> @ (index):77
append @ main.17a1455….js:27518
(anonymous) @ main.17a1455….js:130386
prepareMessageAndLoopOverAppenders @ main.17a1455….js:130385
log2appenders @ main.17a1455….js:130369
warn @ main.17a1455….js:130315
(anonymous) @ main.17a1455….js:114010
_next @ vendor.34f22af….js:163297
next @ vendor.34f22af….js:28832
_next @ vendor.34f22af….js:163301
next @ vendor.34f22af….js:28832
_next @ vendor.34f22af….js:41542
next @ vendor.34f22af….js:28832
_next @ vendor.34f22af….js:28844
next @ vendor.34f22af….js:28832
_next @ vendor.34f22af….js:41542
next @ vendor.34f22af….js:28832
_next @ vendor.34f22af….js:28844
next @ vendor.34f22af….js:28832
next @ vendor.34f22af….js:141879
notifyNext @ vendor.34f22af….js:247298
_next @ vendor.34f22af….js:254948
next @ vendor.34f22af….js:28832
notifyNext @ vendor.34f22af….js:185249
_next @ vendor.34f22af….js:254948
next @ vendor.34f22af….js:28832
(anonymous) @ vendor.34f22af….js:188873
_trySubscribe @ vendor.34f22af….js:89315
subscribe @ vendor.34f22af….js:89304
s @ vendor.34f22af….js:239576
_innerSub @ vendor.34f22af….js:185238
_tryNext @ vendor.34f22af….js:185232
_next @ vendor.34f22af….js:185221
next @ vendor.34f22af….js:28832
(anonymous) @ vendor.34f22af….js:188873
_trySubscribe @ vendor.34f22af….js:89315
subscribe @ vendor.34f22af….js:89304
call @ vendor.34f22af….js:185206
subscribe @ vendor.34f22af….js:89299
s @ vendor.34f22af….js:239576
error @ vendor.34f22af….js:25216
notifyError @ vendor.34f22af….js:247301
_error @ vendor.34f22af….js:254957
error @ vendor.34f22af….js:28835
_next @ vendor.34f22af….js:163299
next @ vendor.34f22af….js:28832
next @ vendor.34f22af….js:50795
actionResponse @ vendor.34f22af….js:50605
msgReceiver @ vendor.34f22af….js:44366
_receive @ vendor.34f22af….js:44344
onWsEvent @ vendor.34f22af….js:44282
onWsEvent @ vendor.34f22af….js:44158
(anonymous) @ vendor.34f22af….js:44138
_ @ polyfills.01277dd….js:2469
invokeTask @ polyfills.01277dd….js:1824
onInvokeTask @ vendor.34f22af….js:227933
invokeTask @ polyfills.01277dd….js:1816
runTask @ polyfills.01277dd….js:1585
invokeTask @ polyfills.01277dd….js:1896
h @ polyfills.01277dd….js:2715
p @ polyfills.01277dd….js:2732
 Exception caught and thrown {}
 Exception caught and thrown {}
 [WARN] [entertainment.EntertainmentService]    [UI] entertainment.EntertainmentService#setupMainTarget$: TargetSubscription returned no target for type MAIN
console.<computed> @ (index):77
append @ main.17a1455….js:27518
(anonymous) @ main.17a1455….js:130386
prepareMessageAndLoopOverAppenders @ main.17a1455….js:130385
log2appenders @ main.17a1455….js:130369
warn @ main.17a1455….js:130315
(anonymous) @ main.17a1455….js:114010
_next @ vendor.34f22af….js:163297
next @ vendor.34f22af….js:28832
_next @ vendor.34f22af….js:163301
next @ vendor.34f22af….js:28832
_next @ vendor.34f22af….js:41542
next @ vendor.34f22af….js:28832
_next @ vendor.34f22af….js:28844
next @ vendor.34f22af….js:28832
_next @ vendor.34f22af….js:41542
next @ vendor.34f22af….js:28832
_next @ vendor.34f22af….js:28844
next @ vendor.34f22af….js:28832
next @ vendor.34f22af….js:141879
notifyNext @ vendor.34f22af….js:247298
_next @ vendor.34f22af….js:254948
next @ vendor.34f22af….js:28832
notifyNext @ vendor.34f22af….js:185249
_next @ vendor.34f22af….js:254948
next @ vendor.34f22af….js:28832
(anonymous) @ vendor.34f22af….js:188873
_trySubscribe @ vendor.34f22af….js:89315
subscribe @ vendor.34f22af….js:89304
s @ vendor.34f22af….js:239576
_innerSub @ vendor.34f22af….js:185238
_tryNext @ vendor.34f22af….js:185232
_next @ vendor.34f22af….js:185221
next @ vendor.34f22af….js:28832
(anonymous) @ vendor.34f22af….js:188873
_trySubscribe @ vendor.34f22af….js:89315
subscribe @ vendor.34f22af….js:89304
call @ vendor.34f22af….js:185206
subscribe @ vendor.34f22af….js:89299
s @ vendor.34f22af….js:239576
error @ vendor.34f22af….js:25216
notifyError @ vendor.34f22af….js:247301
_error @ vendor.34f22af….js:254957
error @ vendor.34f22af….js:28835
_next @ vendor.34f22af….js:163299
next @ vendor.34f22af….js:28832
next @ vendor.34f22af….js:50795
actionResponse @ vendor.34f22af….js:50605
msgReceiver @ vendor.34f22af….js:44366
_receive @ vendor.34f22af….js:44344
onWsEvent @ vendor.34f22af….js:44282
onWsEvent @ vendor.34f22af….js:44158
(anonymous) @ vendor.34f22af….js:44138
_ @ polyfills.01277dd….js:2469
invokeTask @ polyfills.01277dd….js:1824
onInvokeTask @ vendor.34f22af….js:227933
invokeTask @ polyfills.01277dd….js:1816
runTask @ polyfills.01277dd….js:1585
invokeTask @ polyfills.01277dd….js:1896
h @ polyfills.01277dd….js:2715
p @ polyfills.01277dd….js:2732
 Exception caught and thrown {}
 Exception caught and thrown {}
 [WARN] [entertainment.EntertainmentService]    [UI] entertainment.EntertainmentService#setupMainTarget$: TargetSubscription returned no target for type MAIN
console.<computed> @ (index):77
append @ main.17a1455….js:27518
(anonymous) @ main.17a1455….js:130386
prepareMessageAndLoopOverAppenders @ main.17a1455….js:130385
log2appenders @ main.17a1455….js:130369
warn @ main.17a1455….js:130315
(anonymous) @ main.17a1455….js:114010
_next @ vendor.34f22af….js:163297
next @ vendor.34f22af….js:28832
_next @ vendor.34f22af….js:163301
next @ vendor.34f22af….js:28832
_next @ vendor.34f22af….js:41542
next @ vendor.34f22af….js:28832
_next @ vendor.34f22af….js:28844
next @ vendor.34f22af….js:28832
_next @ vendor.34f22af….js:41542
next @ vendor.34f22af….js:28832
_next @ vendor.34f22af….js:28844
next @ vendor.34f22af….js:28832
next @ vendor.34f22af….js:141879
notifyNext @ vendor.34f22af….js:247298
_next @ vendor.34f22af….js:254948
next @ vendor.34f22af….js:28832
notifyNext @ vendor.34f22af….js:185249
_next @ vendor.34f22af….js:254948
next @ vendor.34f22af….js:28832
(anonymous) @ vendor.34f22af….js:188873
_trySubscribe @ vendor.34f22af….js:89315
subscribe @ vendor.34f22af….js:89304
s @ vendor.34f22af….js:239576
_innerSub @ vendor.34f22af….js:185238
_tryNext @ vendor.34f22af….js:185232
_next @ vendor.34f22af….js:185221
next @ vendor.34f22af….js:28832
(anonymous) @ vendor.34f22af….js:188873
_trySubscribe @ vendor.34f22af….js:89315
subscribe @ vendor.34f22af….js:89304
call @ vendor.34f22af….js:185206
subscribe @ vendor.34f22af….js:89299
s @ vendor.34f22af….js:239576
error @ vendor.34f22af….js:25216
notifyError @ vendor.34f22af….js:247301
_error @ vendor.34f22af….js:254957
error @ vendor.34f22af….js:28835
_next @ vendor.34f22af….js:163299
next @ vendor.34f22af….js:28832
next @ vendor.34f22af….js:50795
actionResponse @ vendor.34f22af….js:50605
msgReceiver @ vendor.34f22af….js:44366
_receive @ vendor.34f22af….js:44344
onWsEvent @ vendor.34f22af….js:44282
onWsEvent @ vendor.34f22af….js:44158
(anonymous) @ vendor.34f22af….js:44138
_ @ polyfills.01277dd….js:2469
invokeTask @ polyfills.01277dd….js:1824
onInvokeTask @ vendor.34f22af….js:227933
invokeTask @ polyfills.01277dd….js:1816
runTask @ polyfills.01277dd….js:1585
invokeTask @ polyfills.01277dd….js:1896
h @ polyfills.01277dd….js:2715
p @ polyfills.01277dd….js:2732
 Exception caught and thrown {}
 Exception caught and thrown {}
 [WARN] [entertainment.EntertainmentService]    [UI] entertainment.EntertainmentService#setupMainTarget$: TargetSubscription returned no target for type MAIN
console.<computed> @ (index):77
append @ main.17a1455….js:27518
(anonymous) @ main.17a1455….js:130386
prepareMessageAndLoopOverAppenders @ main.17a1455….js:130385
log2appenders @ main.17a1455….js:130369
warn @ main.17a1455….js:130315
(anonymous) @ main.17a1455….js:114010
_next @ vendor.34f22af….js:163297
next @ vendor.34f22af….js:28832
_next @ vendor.34f22af….js:163301
next @ vendor.34f22af….js:28832
_next @ vendor.34f22af….js:41542
next @ vendor.34f22af….js:28832
_next @ vendor.34f22af….js:28844
next @ vendor.34f22af….js:28832
_next @ vendor.34f22af….js:41542
next @ vendor.34f22af….js:28832
_next @ vendor.34f22af….js:28844
next @ vendor.34f22af….js:28832
next @ vendor.34f22af….js:141879
notifyNext @ vendor.34f22af….js:247298
_next @ vendor.34f22af….js:254948
next @ vendor.34f22af….js:28832
notifyNext @ vendor.34f22af….js:185249
_next @ vendor.34f22af….js:254948
next @ vendor.34f22af….js:28832
(anonymous) @ vendor.34f22af….js:188873
_trySubscribe @ vendor.34f22af….js:89315
subscribe @ vendor.34f22af….js:89304
s @ vendor.34f22af….js:239576
_innerSub @ vendor.34f22af….js:185238
_tryNext @ vendor.34f22af….js:185232
_next @ vendor.34f22af….js:185221
next @ vendor.34f22af….js:28832
(anonymous) @ vendor.34f22af….js:188873
_trySubscribe @ vendor.34f22af….js:89315
subscribe @ vendor.34f22af….js:89304
call @ vendor.34f22af….js:185206
subscribe @ vendor.34f22af….js:89299
s @ vendor.34f22af….js:239576
error @ vendor.34f22af….js:25216
notifyError @ vendor.34f22af….js:247301
_error @ vendor.34f22af….js:254957
error @ vendor.34f22af….js:28835
_next @ vendor.34f22af….js:163299
next @ vendor.34f22af….js:28832
next @ vendor.34f22af….js:50795
actionResponse @ vendor.34f22af….js:50605
msgReceiver @ vendor.34f22af….js:44366
_receive @ vendor.34f22af….js:44344
onWsEvent @ vendor.34f22af….js:44282
onWsEvent @ vendor.34f22af….js:44158
(anonymous) @ vendor.34f22af….js:44138
_ @ polyfills.01277dd….js:2469
invokeTask @ polyfills.01277dd….js:1824
onInvokeTask @ vendor.34f22af….js:227933
invokeTask @ polyfills.01277dd….js:1816
runTask @ polyfills.01277dd….js:1585
invokeTask @ polyfills.01277dd….js:1896
h @ polyfills.01277dd….js:2715
p @ polyfills.01277dd….js:2732
 Exception caught and thrown {}
 Exception caught and thrown {}
 [WARN] [entertainment.EntertainmentService]    [UI] entertainment.EntertainmentService#setupMainTarget$: TargetSubscription returned no target for type MAIN
console.<computed> @ (index):77
append @ main.17a1455….js:27518
(anonymous) @ main.17a1455….js:130386
prepareMessageAndLoopOverAppenders @ main.17a1455….js:130385
log2appenders @ main.17a1455….js:130369
warn @ main.17a1455….js:130315
(anonymous) @ main.17a1455….js:114010
_next @ vendor.34f22af….js:163297
next @ vendor.34f22af….js:28832
_next @ vendor.34f22af….js:163301
next @ vendor.34f22af….js:28832
_next @ vendor.34f22af….js:41542
next @ vendor.34f22af….js:28832
_next @ vendor.34f22af….js:28844
next @ vendor.34f22af….js:28832
_next @ vendor.34f22af….js:41542
next @ vendor.34f22af….js:28832
_next @ vendor.34f22af….js:28844
next @ vendor.34f22af….js:28832
next @ vendor.34f22af….js:141879
notifyNext @ vendor.34f22af….js:247298
_next @ vendor.34f22af….js:254948
next @ vendor.34f22af….js:28832
notifyNext @ vendor.34f22af….js:185249
_next @ vendor.34f22af….js:254948
next @ vendor.34f22af….js:28832
(anonymous) @ vendor.34f22af….js:188873
_trySubscribe @ vendor.34f22af….js:89315
subscribe @ vendor.34f22af….js:89304
s @ vendor.34f22af….js:239576
_innerSub @ vendor.34f22af….js:185238
_tryNext @ vendor.34f22af….js:185232
_next @ vendor.34f22af….js:185221
next @ vendor.34f22af….js:28832
(anonymous) @ vendor.34f22af….js:188873
_trySubscribe @ vendor.34f22af….js:89315
subscribe @ vendor.34f22af….js:89304
call @ vendor.34f22af….js:185206
subscribe @ vendor.34f22af….js:89299
s @ vendor.34f22af….js:239576
error @ vendor.34f22af….js:25216
notifyError @ vendor.34f22af….js:247301
_error @ vendor.34f22af….js:254957
error @ vendor.34f22af….js:28835
_next @ vendor.34f22af….js:163299
next @ vendor.34f22af….js:28832
next @ vendor.34f22af….js:50795
actionResponse @ vendor.34f22af….js:50605
msgReceiver @ vendor.34f22af….js:44366
_receive @ vendor.34f22af….js:44344
onWsEvent @ vendor.34f22af….js:44282
onWsEvent @ vendor.34f22af….js:44158
(anonymous) @ vendor.34f22af….js:44138
_ @ polyfills.01277dd….js:2469
invokeTask @ polyfills.01277dd….js:1824
onInvokeTask @ vendor.34f22af….js:227933
invokeTask @ polyfills.01277dd….js:1816
runTask @ polyfills.01277dd….js:1585
invokeTask @ polyfills.01277dd….js:1896
h @ polyfills.01277dd….js:2715
p @ polyfills.01277dd….js:2732
 Exception caught and thrown {}
 Exception caught and thrown {}
 [WARN] [entertainment.EntertainmentService]    [UI] entertainment.EntertainmentService#setupMainTarget$: TargetSubscription returned no target for type MAIN
console.<computed> @ (index):77
append @ main.17a1455….js:27518
(anonymous) @ main.17a1455….js:130386
prepareMessageAndLoopOverAppenders @ main.17a1455….js:130385
log2appenders @ main.17a1455….js:130369
warn @ main.17a1455….js:130315
(anonymous) @ main.17a1455….js:114010
_next @ vendor.34f22af….js:163297
next @ vendor.34f22af….js:28832
_next @ vendor.34f22af….js:163301
next @ vendor.34f22af….js:28832
_next @ vendor.34f22af….js:41542
next @ vendor.34f22af….js:28832
_next @ vendor.34f22af….js:28844
next @ vendor.34f22af….js:28832
_next @ vendor.34f22af….js:41542
next @ vendor.34f22af….js:28832
_next @ vendor.34f22af….js:28844
next @ vendor.34f22af….js:28832
next @ vendor.34f22af….js:141879
notifyNext @ vendor.34f22af….js:247298
_next @ vendor.34f22af….js:254948
next @ vendor.34f22af….js:28832
notifyNext @ vendor.34f22af….js:185249
_next @ vendor.34f22af….js:254948
next @ vendor.34f22af….js:28832
(anonymous) @ vendor.34f22af….js:188873
_trySubscribe @ vendor.34f22af….js:89315
subscribe @ vendor.34f22af….js:89304
s @ vendor.34f22af….js:239576
_innerSub @ vendor.34f22af….js:185238
_tryNext @ vendor.34f22af….js:185232
_next @ vendor.34f22af….js:185221
next @ vendor.34f22af….js:28832
(anonymous) @ vendor.34f22af….js:188873
_trySubscribe @ vendor.34f22af….js:89315
subscribe @ vendor.34f22af….js:89304
call @ vendor.34f22af….js:185206
subscribe @ vendor.34f22af….js:89299
s @ vendor.34f22af….js:239576
error @ vendor.34f22af….js:25216
notifyError @ vendor.34f22af….js:247301
_error @ vendor.34f22af….js:254957
error @ vendor.34f22af….js:28835
_next @ vendor.34f22af….js:163299
next @ vendor.34f22af….js:28832
next @ vendor.34f22af….js:50795
actionResponse @ vendor.34f22af….js:50605
msgReceiver @ vendor.34f22af….js:44366
_receive @ vendor.34f22af….js:44344
onWsEvent @ vendor.34f22af….js:44282
onWsEvent @ vendor.34f22af….js:44158
(anonymous) @ vendor.34f22af….js:44138
_ @ polyfills.01277dd….js:2469
invokeTask @ polyfills.01277dd….js:1824
onInvokeTask @ vendor.34f22af….js:227933
invokeTask @ polyfills.01277dd….js:1816
runTask @ polyfills.01277dd….js:1585
invokeTask @ polyfills.01277dd….js:1896
h @ polyfills.01277dd….js:2715
p @ polyfills.01277dd….js:2732
 Exception caught and thrown {}
 Exception caught and thrown {}
 [WARN] [entertainment.EntertainmentService]    [UI] entertainment.EntertainmentService#setupMainTarget$: TargetSubscription returned no target for type MAIN
console.<computed> @ (index):77
append @ main.17a1455….js:27518
(anonymous) @ main.17a1455….js:130386
prepareMessageAndLoopOverAppenders @ main.17a1455….js:130385
log2appenders @ main.17a1455….js:130369
warn @ main.17a1455….js:130315
(anonymous) @ main.17a1455….js:114010
_next @ vendor.34f22af….js:163297
next @ vendor.34f22af….js:28832
_next @ vendor.34f22af….js:163301
next @ vendor.34f22af….js:28832
_next @ vendor.34f22af….js:41542
next @ vendor.34f22af….js:28832
_next @ vendor.34f22af….js:28844
next @ vendor.34f22af….js:28832
_next @ vendor.34f22af….js:41542
next @ vendor.34f22af….js:28832
_next @ vendor.34f22af….js:28844
next @ vendor.34f22af….js:28832
next @ vendor.34f22af….js:141879
notifyNext @ vendor.34f22af….js:247298
_next @ vendor.34f22af….js:254948
next @ vendor.34f22af….js:28832
notifyNext @ vendor.34f22af….js:185249
_next @ vendor.34f22af….js:254948
next @ vendor.34f22af….js:28832
(anonymous) @ vendor.34f22af….js:188873
_trySubscribe @ vendor.34f22af….js:89315
subscribe @ vendor.34f22af….js:89304
s @ vendor.34f22af….js:239576
_innerSub @ vendor.34f22af….js:185238
_tryNext @ vendor.34f22af….js:185232
_next @ vendor.34f22af….js:185221
next @ vendor.34f22af….js:28832
(anonymous) @ vendor.34f22af….js:188873
_trySubscribe @ vendor.34f22af….js:89315
subscribe @ vendor.34f22af….js:89304
call @ vendor.34f22af….js:185206
subscribe @ vendor.34f22af….js:89299
s @ vendor.34f22af….js:239576
error @ vendor.34f22af….js:25216
notifyError @ vendor.34f22af….js:247301
_error @ vendor.34f22af….js:254957
error @ vendor.34f22af….js:28835
_next @ vendor.34f22af….js:163299
next @ vendor.34f22af….js:28832
next @ vendor.34f22af….js:50795
actionResponse @ vendor.34f22af….js:50605
msgReceiver @ vendor.34f22af….js:44366
_receive @ vendor.34f22af….js:44344
onWsEvent @ vendor.34f22af….js:44282
onWsEvent @ vendor.34f22af….js:44158
(anonymous) @ vendor.34f22af….js:44138
_ @ polyfills.01277dd….js:2469
invokeTask @ polyfills.01277dd….js:1824
onInvokeTask @ vendor.34f22af….js:227933
invokeTask @ polyfills.01277dd….js:1816
runTask @ polyfills.01277dd….js:1585
invokeTask @ polyfills.01277dd….js:1896
h @ polyfills.01277dd….js:2715
p @ polyfills.01277dd….js:2732
 Exception caught and thrown {}
 Exception caught and thrown {}
 [WARN] [entertainment.EntertainmentService]    [UI] entertainment.EntertainmentService#setupMainTarget$: TargetSubscription returned no target for type MAIN
console.<computed> @ (index):77
append @ main.17a1455….js:27518
(anonymous) @ main.17a1455….js:130386
prepareMessageAndLoopOverAppenders @ main.17a1455….js:130385
log2appenders @ main.17a1455….js:130369
warn @ main.17a1455….js:130315
(anonymous) @ main.17a1455….js:114010
_next @ vendor.34f22af….js:163297
next @ vendor.34f22af….js:28832
_next @ vendor.34f22af….js:163301
next @ vendor.34f22af….js:28832
_next @ vendor.34f22af….js:41542
next @ vendor.34f22af….js:28832
_next @ vendor.34f22af….js:28844
next @ vendor.34f22af….js:28832
_next @ vendor.34f22af….js:41542
next @ vendor.34f22af….js:28832
_next @ vendor.34f22af….js:28844
next @ vendor.34f22af….js:28832
next @ vendor.34f22af….js:141879
notifyNext @ vendor.34f22af….js:247298
_next @ vendor.34f22af….js:254948
next @ vendor.34f22af….js:28832
notifyNext @ vendor.34f22af….js:185249
_next @ vendor.34f22af….js:254948
next @ vendor.34f22af….js:28832
(anonymous) @ vendor.34f22af….js:188873
_trySubscribe @ vendor.34f22af….js:89315
subscribe @ vendor.34f22af….js:89304
s @ vendor.34f22af….js:239576
_innerSub @ vendor.34f22af….js:185238
_tryNext @ vendor.34f22af….js:185232
_next @ vendor.34f22af….js:185221
next @ vendor.34f22af….js:28832
(anonymous) @ vendor.34f22af….js:188873
_trySubscribe @ vendor.34f22af….js:89315
subscribe @ vendor.34f22af….js:89304
call @ vendor.34f22af….js:185206
subscribe @ vendor.34f22af….js:89299
s @ vendor.34f22af….js:239576
error @ vendor.34f22af….js:25216
notifyError @ vendor.34f22af….js:247301
_error @ vendor.34f22af….js:254957
error @ vendor.34f22af….js:28835
_next @ vendor.34f22af….js:163299
next @ vendor.34f22af….js:28832
next @ vendor.34f22af….js:50795
actionResponse @ vendor.34f22af….js:50605
msgReceiver @ vendor.34f22af….js:44366
_receive @ vendor.34f22af….js:44344
onWsEvent @ vendor.34f22af….js:44282
onWsEvent @ vendor.34f22af….js:44158
(anonymous) @ vendor.34f22af….js:44138
_ @ polyfills.01277dd….js:2469
invokeTask @ polyfills.01277dd….js:1824
onInvokeTask @ vendor.34f22af….js:227933
invokeTask @ polyfills.01277dd….js:1816
runTask @ polyfills.01277dd….js:1585
invokeTask @ polyfills.01277dd….js:1896
h @ polyfills.01277dd….js:2715
p @ polyfills.01277dd….js:2732
 Exception caught and thrown {}
 Exception caught and thrown {}
 [WARN] [entertainment.EntertainmentService]    [UI] entertainment.EntertainmentService#setupMainTarget$: TargetSubscription returned no target for type MAIN
console.<computed> @ (index):77
append @ main.17a1455….js:27518
(anonymous) @ main.17a1455….js:130386
prepareMessageAndLoopOverAppenders @ main.17a1455….js:130385
log2appenders @ main.17a1455….js:130369
warn @ main.17a1455….js:130315
(anonymous) @ main.17a1455….js:114010
_next @ vendor.34f22af….js:163297
next @ vendor.34f22af….js:28832
_next @ vendor.34f22af….js:163301
next @ vendor.34f22af….js:28832
_next @ vendor.34f22af….js:41542
next @ vendor.34f22af….js:28832
_next @ vendor.34f22af….js:28844
next @ vendor.34f22af….js:28832
_next @ vendor.34f22af….js:41542
next @ vendor.34f22af….js:28832
_next @ vendor.34f22af….js:28844
next @ vendor.34f22af….js:28832
next @ vendor.34f22af….js:141879
notifyNext @ vendor.34f22af….js:247298
_next @ vendor.34f22af….js:254948
next @ vendor.34f22af….js:28832
notifyNext @ vendor.34f22af….js:185249
_next @ vendor.34f22af….js:254948
next @ vendor.34f22af….js:28832
(anonymous) @ vendor.34f22af….js:188873
_trySubscribe @ vendor.34f22af….js:89315
subscribe @ vendor.34f22af….js:89304
s @ vendor.34f22af….js:239576
_innerSub @ vendor.34f22af….js:185238
_tryNext @ vendor.34f22af….js:185232
_next @ vendor.34f22af….js:185221
next @ vendor.34f22af….js:28832
(anonymous) @ vendor.34f22af….js:188873
_trySubscribe @ vendor.34f22af….js:89315
subscribe @ vendor.34f22af….js:89304
call @ vendor.34f22af….js:185206
subscribe @ vendor.34f22af….js:89299
s @ vendor.34f22af….js:239576
error @ vendor.34f22af….js:25216
notifyError @ vendor.34f22af….js:247301
_error @ vendor.34f22af….js:254957
error @ vendor.34f22af….js:28835
_next @ vendor.34f22af….js:163299
next @ vendor.34f22af….js:28832
next @ vendor.34f22af….js:50795
actionResponse @ vendor.34f22af….js:50605
msgReceiver @ vendor.34f22af….js:44366
_receive @ vendor.34f22af….js:44344
onWsEvent @ vendor.34f22af….js:44282
onWsEvent @ vendor.34f22af….js:44158
(anonymous) @ vendor.34f22af….js:44138
_ @ polyfills.01277dd….js:2469
invokeTask @ polyfills.01277dd….js:1824
onInvokeTask @ vendor.34f22af….js:227933
invokeTask @ polyfills.01277dd….js:1816
runTask @ polyfills.01277dd….js:1585
invokeTask @ polyfills.01277dd….js:1896
h @ polyfills.01277dd….js:2715
p @ polyfills.01277dd….js:2732
 Exception caught and thrown {}
 Exception caught and thrown {}
 [WARN] [entertainment.EntertainmentService]    [UI] entertainment.EntertainmentService#setupMainTarget$: TargetSubscription returned no target for type MAIN
console.<computed> @ (index):77
append @ main.17a1455….js:27518
(anonymous) @ main.17a1455….js:130386
prepareMessageAndLoopOverAppenders @ main.17a1455….js:130385
log2appenders @ main.17a1455….js:130369
warn @ main.17a1455….js:130315
(anonymous) @ main.17a1455….js:114010
_next @ vendor.34f22af….js:163297
next @ vendor.34f22af….js:28832
_next @ vendor.34f22af….js:163301
next @ vendor.34f22af….js:28832
_next @ vendor.34f22af….js:41542
next @ vendor.34f22af….js:28832
_next @ vendor.34f22af….js:28844
next @ vendor.34f22af….js:28832
_next @ vendor.34f22af….js:41542
next @ vendor.34f22af….js:28832
_next @ vendor.34f22af….js:28844
next @ vendor.34f22af….js:28832
next @ vendor.34f22af….js:141879
notifyNext @ vendor.34f22af….js:247298
_next @ vendor.34f22af….js:254948
next @ vendor.34f22af….js:28832
notifyNext @ vendor.34f22af….js:185249
_next @ vendor.34f22af….js:254948
next @ vendor.34f22af….js:28832
(anonymous) @ vendor.34f22af….js:188873
_trySubscribe @ vendor.34f22af….js:89315
subscribe @ vendor.34f22af….js:89304
s @ vendor.34f22af….js:239576
_innerSub @ vendor.34f22af….js:185238
_tryNext @ vendor.34f22af….js:185232
_next @ vendor.34f22af….js:185221
next @ vendor.34f22af….js:28832
(anonymous) @ vendor.34f22af….js:188873
_trySubscribe @ vendor.34f22af….js:89315
subscribe @ vendor.34f22af….js:89304
call @ vendor.34f22af….js:185206
subscribe @ vendor.34f22af….js:89299
s @ vendor.34f22af….js:239576
error @ vendor.34f22af….js:25216
notifyError @ vendor.34f22af….js:247301
_error @ vendor.34f22af….js:254957
error @ vendor.34f22af….js:28835
_next @ vendor.34f22af….js:163299
next @ vendor.34f22af….js:28832
next @ vendor.34f22af….js:50795
actionResponse @ vendor.34f22af….js:50605
msgReceiver @ vendor.34f22af….js:44366
_receive @ vendor.34f22af….js:44344
onWsEvent @ vendor.34f22af….js:44282
onWsEvent @ vendor.34f22af….js:44158
(anonymous) @ vendor.34f22af….js:44138
_ @ polyfills.01277dd….js:2469
invokeTask @ polyfills.01277dd….js:1824
onInvokeTask @ vendor.34f22af….js:227933
invokeTask @ polyfills.01277dd….js:1816
runTask @ polyfills.01277dd….js:1585
invokeTask @ polyfills.01277dd….js:1896
h @ polyfills.01277dd….js:2715
p @ polyfills.01277dd….js:2732
 Exception caught and thrown {}
 Exception caught and thrown {}
 [WARN] [entertainment.EntertainmentService]    [UI] entertainment.EntertainmentService#setupMainTarget$: TargetSubscription returned no target for type MAIN
console.<computed> @ (index):77
append @ main.17a1455….js:27518
(anonymous) @ main.17a1455….js:130386
prepareMessageAndLoopOverAppenders @ main.17a1455….js:130385
log2appenders @ main.17a1455….js:130369
warn @ main.17a1455….js:130315
(anonymous) @ main.17a1455….js:114010
_next @ vendor.34f22af….js:163297
next @ vendor.34f22af….js:28832
_next @ vendor.34f22af….js:163301
next @ vendor.34f22af….js:28832
_next @ vendor.34f22af….js:41542
next @ vendor.34f22af….js:28832
_next @ vendor.34f22af….js:28844
next @ vendor.34f22af….js:28832
_next @ vendor.34f22af….js:41542
next @ vendor.34f22af….js:28832
_next @ vendor.34f22af….js:28844
next @ vendor.34f22af….js:28832
next @ vendor.34f22af….js:141879
notifyNext @ vendor.34f22af….js:247298
_next @ vendor.34f22af….js:254948
next @ vendor.34f22af….js:28832
notifyNext @ vendor.34f22af….js:185249
_next @ vendor.34f22af….js:254948
next @ vendor.34f22af….js:28832
(anonymous) @ vendor.34f22af….js:188873
_trySubscribe @ vendor.34f22af….js:89315
subscribe @ vendor.34f22af….js:89304
s @ vendor.34f22af….js:239576
_innerSub @ vendor.34f22af….js:185238
_tryNext @ vendor.34f22af….js:185232
_next @ vendor.34f22af….js:185221
next @ vendor.34f22af….js:28832
(anonymous) @ vendor.34f22af….js:188873
_trySubscribe @ vendor.34f22af….js:89315
subscribe @ vendor.34f22af….js:89304
call @ vendor.34f22af….js:185206
subscribe @ vendor.34f22af….js:89299
s @ vendor.34f22af….js:239576
error @ vendor.34f22af….js:25216
notifyError @ vendor.34f22af….js:247301
_error @ vendor.34f22af….js:254957
error @ vendor.34f22af….js:28835
_next @ vendor.34f22af….js:163299
next @ vendor.34f22af….js:28832
next @ vendor.34f22af….js:50795
actionResponse @ vendor.34f22af….js:50605
msgReceiver @ vendor.34f22af….js:44366
_receive @ vendor.34f22af….js:44344
onWsEvent @ vendor.34f22af….js:44282
onWsEvent @ vendor.34f22af….js:44158
(anonymous) @ vendor.34f22af….js:44138
_ @ polyfills.01277dd….js:2469
invokeTask @ polyfills.01277dd….js:1824
onInvokeTask @ vendor.34f22af….js:227933
invokeTask @ polyfills.01277dd….js:1816
runTask @ polyfills.01277dd….js:1585
invokeTask @ polyfills.01277dd….js:1896
h @ polyfills.01277dd….js:2715
p @ polyfills.01277dd….js:2732
 Exception caught and thrown {}
 Exception caught and thrown {}
 [WARN] [entertainment.EntertainmentService]    [UI] entertainment.EntertainmentService#setupMainTarget$: TargetSubscription returned no target for type MAIN
console.<computed> @ (index):77
append @ main.17a1455….js:27518
(anonymous) @ main.17a1455….js:130386
prepareMessageAndLoopOverAppenders @ main.17a1455….js:130385
log2appenders @ main.17a1455….js:130369
warn @ main.17a1455….js:130315
(anonymous) @ main.17a1455….js:114010
_next @ vendor.34f22af….js:163297
next @ vendor.34f22af….js:28832
_next @ vendor.34f22af….js:163301
next @ vendor.34f22af….js:28832
_next @ vendor.34f22af….js:41542
next @ vendor.34f22af….js:28832
_next @ vendor.34f22af….js:28844
next @ vendor.34f22af….js:28832
_next @ vendor.34f22af….js:41542
next @ vendor.34f22af….js:28832
_next @ vendor.34f22af….js:28844
next @ vendor.34f22af….js:28832
next @ vendor.34f22af….js:141879
notifyNext @ vendor.34f22af….js:247298
_next @ vendor.34f22af….js:254948
next @ vendor.34f22af….js:28832
notifyNext @ vendor.34f22af….js:185249
_next @ vendor.34f22af….js:254948
next @ vendor.34f22af….js:28832
(anonymous) @ vendor.34f22af….js:188873
_trySubscribe @ vendor.34f22af….js:89315
subscribe @ vendor.34f22af….js:89304
s @ vendor.34f22af….js:239576
_innerSub @ vendor.34f22af….js:185238
_tryNext @ vendor.34f22af….js:185232
_next @ vendor.34f22af….js:185221
next @ vendor.34f22af….js:28832
(anonymous) @ vendor.34f22af….js:188873
_trySubscribe @ vendor.34f22af….js:89315
subscribe @ vendor.34f22af….js:89304
call @ vendor.34f22af….js:185206
subscribe @ vendor.34f22af….js:89299
s @ vendor.34f22af….js:239576
error @ vendor.34f22af….js:25216
notifyError @ vendor.34f22af….js:247301
_error @ vendor.34f22af….js:254957
error @ vendor.34f22af….js:28835
_next @ vendor.34f22af….js:163299
next @ vendor.34f22af….js:28832
next @ vendor.34f22af….js:50795
actionResponse @ vendor.34f22af….js:50605
msgReceiver @ vendor.34f22af….js:44366
_receive @ vendor.34f22af….js:44344
onWsEvent @ vendor.34f22af….js:44282
onWsEvent @ vendor.34f22af….js:44158
(anonymous) @ vendor.34f22af….js:44138
_ @ polyfills.01277dd….js:2469
invokeTask @ polyfills.01277dd….js:1824
onInvokeTask @ vendor.34f22af….js:227933
invokeTask @ polyfills.01277dd….js:1816
runTask @ polyfills.01277dd….js:1585
invokeTask @ polyfills.01277dd….js:1896
h @ polyfills.01277dd….js:2715
p @ polyfills.01277dd….js:2732
 Exception caught and thrown {}
 Exception caught and thrown {}
 [WARN] [entertainment.EntertainmentService]    [UI] entertainment.EntertainmentService#setupMainTarget$: TargetSubscription returned no target for type MAIN
console.<computed> @ (index):77
append @ main.17a1455….js:27518
(anonymous) @ main.17a1455….js:130386
prepareMessageAndLoopOverAppenders @ main.17a1455….js:130385
log2appenders @ main.17a1455….js:130369
warn @ main.17a1455….js:130315
(anonymous) @ main.17a1455….js:114010
_next @ vendor.34f22af….js:163297
next @ vendor.34f22af….js:28832
_next @ vendor.34f22af….js:163301
next @ vendor.34f22af….js:28832
_next @ vendor.34f22af….js:41542
next @ vendor.34f22af….js:28832
_next @ vendor.34f22af….js:28844
next @ vendor.34f22af….js:28832
_next @ vendor.34f22af….js:41542
next @ vendor.34f22af….js:28832
_next @ vendor.34f22af….js:28844
next @ vendor.34f22af….js:28832
next @ vendor.34f22af….js:141879
notifyNext @ vendor.34f22af….js:247298
_next @ vendor.34f22af….js:254948
next @ vendor.34f22af….js:28832
notifyNext @ vendor.34f22af….js:185249
_next @ vendor.34f22af….js:254948
next @ vendor.34f22af….js:28832
(anonymous) @ vendor.34f22af….js:188873
_trySubscribe @ vendor.34f22af….js:89315
subscribe @ vendor.34f22af….js:89304
s @ vendor.34f22af….js:239576
_innerSub @ vendor.34f22af….js:185238
_tryNext @ vendor.34f22af….js:185232
_next @ vendor.34f22af….js:185221
next @ vendor.34f22af….js:28832
(anonymous) @ vendor.34f22af….js:188873
_trySubscribe @ vendor.34f22af….js:89315
subscribe @ vendor.34f22af….js:89304
call @ vendor.34f22af….js:185206
subscribe @ vendor.34f22af….js:89299
s @ vendor.34f22af….js:239576
error @ vendor.34f22af….js:25216
notifyError @ vendor.34f22af….js:247301
_error @ vendor.34f22af….js:254957
error @ vendor.34f22af….js:28835
_next @ vendor.34f22af….js:163299
next @ vendor.34f22af….js:28832
next @ vendor.34f22af….js:50795
actionResponse @ vendor.34f22af….js:50605
msgReceiver @ vendor.34f22af….js:44366
_receive @ vendor.34f22af….js:44344
onWsEvent @ vendor.34f22af….js:44282
onWsEvent @ vendor.34f22af….js:44158
(anonymous) @ vendor.34f22af….js:44138
_ @ polyfills.01277dd….js:2469
invokeTask @ polyfills.01277dd….js:1824
onInvokeTask @ vendor.34f22af….js:227933
invokeTask @ polyfills.01277dd….js:1816
runTask @ polyfills.01277dd….js:1585
invokeTask @ polyfills.01277dd….js:1896
h @ polyfills.01277dd….js:2715
p @ polyfills.01277dd….js:2732
 Exception caught and thrown {}
 Exception caught and thrown {}
 [WARN] [entertainment.EntertainmentService]    [UI] entertainment.EntertainmentService#setupMainTarget$: TargetSubscription returned no target for type MAIN
console.<computed> @ (index):77
append @ main.17a1455….js:27518
(anonymous) @ main.17a1455….js:130386
prepareMessageAndLoopOverAppenders @ main.17a1455….js:130385
log2appenders @ main.17a1455….js:130369
warn @ main.17a1455….js:130315
(anonymous) @ main.17a1455….js:114010
_next @ vendor.34f22af….js:163297
next @ vendor.34f22af….js:28832
_next @ vendor.34f22af….js:163301
next @ vendor.34f22af….js:28832
_next @ vendor.34f22af….js:41542
next @ vendor.34f22af….js:28832
_next @ vendor.34f22af….js:28844
next @ vendor.34f22af….js:28832
_next @ vendor.34f22af….js:41542
next @ vendor.34f22af….js:28832
_next @ vendor.34f22af….js:28844
next @ vendor.34f22af….js:28832
next @ vendor.34f22af….js:141879
notifyNext @ vendor.34f22af….js:247298
_next @ vendor.34f22af….js:254948
next @ vendor.34f22af….js:28832
notifyNext @ vendor.34f22af….js:185249
_next @ vendor.34f22af….js:254948
next @ vendor.34f22af….js:28832
(anonymous) @ vendor.34f22af….js:188873
_trySubscribe @ vendor.34f22af….js:89315
subscribe @ vendor.34f22af….js:89304
s @ vendor.34f22af….js:239576
_innerSub @ vendor.34f22af….js:185238
_tryNext @ vendor.34f22af….js:185232
_next @ vendor.34f22af….js:185221
next @ vendor.34f22af….js:28832
(anonymous) @ vendor.34f22af….js:188873
_trySubscribe @ vendor.34f22af….js:89315
subscribe @ vendor.34f22af….js:89304
call @ vendor.34f22af….js:185206
subscribe @ vendor.34f22af….js:89299
s @ vendor.34f22af….js:239576
error @ vendor.34f22af….js:25216
notifyError @ vendor.34f22af….js:247301
_error @ vendor.34f22af….js:254957
error @ vendor.34f22af….js:28835
_next @ vendor.34f22af….js:163299
next @ vendor.34f22af….js:28832
next @ vendor.34f22af….js:50795
actionResponse @ vendor.34f22af….js:50605
msgReceiver @ vendor.34f22af….js:44366
_receive @ vendor.34f22af….js:44344
onWsEvent @ vendor.34f22af….js:44282
onWsEvent @ vendor.34f22af….js:44158
(anonymous) @ vendor.34f22af….js:44138
_ @ polyfills.01277dd….js:2469
invokeTask @ polyfills.01277dd….js:1824
onInvokeTask @ vendor.34f22af….js:227933
invokeTask @ polyfills.01277dd….js:1816
runTask @ polyfills.01277dd….js:1585
invokeTask @ polyfills.01277dd….js:1896
h @ polyfills.01277dd….js:2715
p @ polyfills.01277dd….js:2732
 Exception caught and thrown {}
 Exception caught and thrown {}
 [WARN] [entertainment.EntertainmentService]    [UI] entertainment.EntertainmentService#setupMainTarget$: TargetSubscription returned no target for type MAIN
console.<computed> @ (index):77
append @ main.17a1455….js:27518
(anonymous) @ main.17a1455….js:130386
prepareMessageAndLoopOverAppenders @ main.17a1455….js:130385
log2appenders @ main.17a1455….js:130369
warn @ main.17a1455….js:130315
(anonymous) @ main.17a1455….js:114010
_next @ vendor.34f22af….js:163297
next @ vendor.34f22af….js:28832
_next @ vendor.34f22af….js:163301
next @ vendor.34f22af….js:28832
_next @ vendor.34f22af….js:41542
next @ vendor.34f22af….js:28832
_next @ vendor.34f22af….js:28844
next @ vendor.34f22af….js:28832
_next @ vendor.34f22af….js:41542
next @ vendor.34f22af….js:28832
_next @ vendor.34f22af….js:28844
next @ vendor.34f22af….js:28832
next @ vendor.34f22af….js:141879
notifyNext @ vendor.34f22af….js:247298
_next @ vendor.34f22af….js:254948
next @ vendor.34f22af….js:28832
notifyNext @ vendor.34f22af….js:185249
_next @ vendor.34f22af….js:254948
next @ vendor.34f22af….js:28832
(anonymous) @ vendor.34f22af….js:188873
_trySubscribe @ vendor.34f22af….js:89315
subscribe @ vendor.34f22af….js:89304
s @ vendor.34f22af….js:239576
_innerSub @ vendor.34f22af….js:185238
_tryNext @ vendor.34f22af….js:185232
_next @ vendor.34f22af….js:185221
next @ vendor.34f22af….js:28832
(anonymous) @ vendor.34f22af….js:188873
_trySubscribe @ vendor.34f22af….js:89315
subscribe @ vendor.34f22af….js:89304
call @ vendor.34f22af….js:185206
subscribe @ vendor.34f22af….js:89299
s @ vendor.34f22af….js:239576
error @ vendor.34f22af….js:25216
notifyError @ vendor.34f22af….js:247301
_error @ vendor.34f22af….js:254957
error @ vendor.34f22af….js:28835
_next @ vendor.34f22af….js:163299
next @ vendor.34f22af….js:28832
next @ vendor.34f22af….js:50795
actionResponse @ vendor.34f22af….js:50605
msgReceiver @ vendor.34f22af….js:44366
_receive @ vendor.34f22af….js:44344
onWsEvent @ vendor.34f22af….js:44282
onWsEvent @ vendor.34f22af….js:44158
(anonymous) @ vendor.34f22af….js:44138
_ @ polyfills.01277dd….js:2469
invokeTask @ polyfills.01277dd….js:1824
onInvokeTask @ vendor.34f22af….js:227933
invokeTask @ polyfills.01277dd….js:1816
runTask @ polyfills.01277dd….js:1585
invokeTask @ polyfills.01277dd….js:1896
h @ polyfills.01277dd….js:2715
p @ polyfills.01277dd….js:2732
 Exception caught and thrown {}
 Exception caught and thrown {}
 [WARN] [entertainment.EntertainmentService]    [UI] entertainment.EntertainmentService#setupMainTarget$: TargetSubscription returned no target for type MAIN
console.<computed> @ (index):77
append @ main.17a1455….js:27518
(anonymous) @ main.17a1455….js:130386
prepareMessageAndLoopOverAppenders @ main.17a1455….js:130385
log2appenders @ main.17a1455….js:130369
warn @ main.17a1455….js:130315
(anonymous) @ main.17a1455….js:114010
_next @ vendor.34f22af….js:163297
next @ vendor.34f22af….js:28832
_next @ vendor.34f22af….js:163301
next @ vendor.34f22af….js:28832
_next @ vendor.34f22af….js:41542
next @ vendor.34f22af….js:28832
_next @ vendor.34f22af….js:28844
next @ vendor.34f22af….js:28832
_next @ vendor.34f22af….js:41542
next @ vendor.34f22af….js:28832
_next @ vendor.34f22af….js:28844
next @ vendor.34f22af….js:28832
next @ vendor.34f22af….js:141879
notifyNext @ vendor.34f22af….js:247298
_next @ vendor.34f22af….js:254948
next @ vendor.34f22af….js:28832
notifyNext @ vendor.34f22af….js:185249
_next @ vendor.34f22af….js:254948
next @ vendor.34f22af….js:28832
(anonymous) @ vendor.34f22af….js:188873
_trySubscribe @ vendor.34f22af….js:89315
subscribe @ vendor.34f22af….js:89304
s @ vendor.34f22af….js:239576
_innerSub @ vendor.34f22af….js:185238
_tryNext @ vendor.34f22af….js:185232
_next @ vendor.34f22af….js:185221
next @ vendor.34f22af….js:28832
(anonymous) @ vendor.34f22af….js:188873
_trySubscribe @ vendor.34f22af….js:89315
subscribe @ vendor.34f22af….js:89304
call @ vendor.34f22af….js:185206
subscribe @ vendor.34f22af….js:89299
s @ vendor.34f22af….js:239576
error @ vendor.34f22af….js:25216
notifyError @ vendor.34f22af….js:247301
_error @ vendor.34f22af….js:254957
error @ vendor.34f22af….js:28835
_next @ vendor.34f22af….js:163299
next @ vendor.34f22af….js:28832
next @ vendor.34f22af….js:50795
actionResponse @ vendor.34f22af….js:50605
msgReceiver @ vendor.34f22af….js:44366
_receive @ vendor.34f22af….js:44344
onWsEvent @ vendor.34f22af….js:44282
onWsEvent @ vendor.34f22af….js:44158
(anonymous) @ vendor.34f22af….js:44138
_ @ polyfills.01277dd….js:2469
invokeTask @ polyfills.01277dd….js:1824
onInvokeTask @ vendor.34f22af….js:227933
invokeTask @ polyfills.01277dd….js:1816
runTask @ polyfills.01277dd….js:1585
invokeTask @ polyfills.01277dd….js:1896
h @ polyfills.01277dd….js:2715
p @ polyfills.01277dd….js:2732
 Exception caught and thrown {}
 Exception caught and thrown {}
 [WARN] [entertainment.EntertainmentService]    [UI] entertainment.EntertainmentService#setupMainTarget$: TargetSubscription returned no target for type MAIN
console.<computed> @ (index):77
append @ main.17a1455….js:27518
(anonymous) @ main.17a1455….js:130386
prepareMessageAndLoopOverAppenders @ main.17a1455….js:130385
log2appenders @ main.17a1455….js:130369
warn @ main.17a1455….js:130315
(anonymous) @ main.17a1455….js:114010
_next @ vendor.34f22af….js:163297
next @ vendor.34f22af….js:28832
_next @ vendor.34f22af….js:163301
next @ vendor.34f22af….js:28832
_next @ vendor.34f22af….js:41542
next @ vendor.34f22af….js:28832
_next @ vendor.34f22af….js:28844
next @ vendor.34f22af….js:28832
_next @ vendor.34f22af….js:41542
next @ vendor.34f22af….js:28832
_next @ vendor.34f22af….js:28844
next @ vendor.34f22af….js:28832
next @ vendor.34f22af….js:141879
notifyNext @ vendor.34f22af….js:247298
_next @ vendor.34f22af….js:254948
next @ vendor.34f22af….js:28832
notifyNext @ vendor.34f22af….js:185249
_next @ vendor.34f22af….js:254948
next @ vendor.34f22af….js:28832
(anonymous) @ vendor.34f22af….js:188873
_trySubscribe @ vendor.34f22af….js:89315
subscribe @ vendor.34f22af….js:89304
s @ vendor.34f22af….js:239576
_innerSub @ vendor.34f22af….js:185238
_tryNext @ vendor.34f22af….js:185232
_next @ vendor.34f22af….js:185221
next @ vendor.34f22af….js:28832
(anonymous) @ vendor.34f22af….js:188873
_trySubscribe @ vendor.34f22af….js:89315
subscribe @ vendor.34f22af….js:89304
call @ vendor.34f22af….js:185206
subscribe @ vendor.34f22af….js:89299
s @ vendor.34f22af….js:239576
error @ vendor.34f22af….js:25216
notifyError @ vendor.34f22af….js:247301
_error @ vendor.34f22af….js:254957
error @ vendor.34f22af….js:28835
_next @ vendor.34f22af….js:163299
next @ vendor.34f22af….js:28832
next @ vendor.34f22af….js:50795
actionResponse @ vendor.34f22af….js:50605
msgReceiver @ vendor.34f22af….js:44366
_receive @ vendor.34f22af….js:44344
onWsEvent @ vendor.34f22af….js:44282
onWsEvent @ vendor.34f22af….js:44158
(anonymous) @ vendor.34f22af….js:44138
_ @ polyfills.01277dd….js:2469
invokeTask @ polyfills.01277dd….js:1824
onInvokeTask @ vendor.34f22af….js:227933
invokeTask @ polyfills.01277dd….js:1816
runTask @ polyfills.01277dd….js:1585
invokeTask @ polyfills.01277dd….js:1896
h @ polyfills.01277dd….js:2715
p @ polyfills.01277dd….js:2732
 Exception caught and thrown {}
 Exception caught and thrown {}
 [WARN] [entertainment.EntertainmentService]    [UI] entertainment.EntertainmentService#setupMainTarget$: TargetSubscription returned no target for type MAIN
console.<computed> @ (index):77
append @ main.17a1455….js:27518
(anonymous) @ main.17a1455….js:130386
prepareMessageAndLoopOverAppenders @ main.17a1455….js:130385
log2appenders @ main.17a1455….js:130369
warn @ main.17a1455….js:130315
(anonymous) @ main.17a1455….js:114010
_next @ vendor.34f22af….js:163297
next @ vendor.34f22af….js:28832
_next @ vendor.34f22af….js:163301
next @ vendor.34f22af….js:28832
_next @ vendor.34f22af….js:41542
next @ vendor.34f22af….js:28832
_next @ vendor.34f22af….js:28844
next @ vendor.34f22af….js:28832
_next @ vendor.34f22af….js:41542
next @ vendor.34f22af….js:28832
_next @ vendor.34f22af….js:28844
next @ vendor.34f22af….js:28832
next @ vendor.34f22af….js:141879
notifyNext @ vendor.34f22af….js:247298
_next @ vendor.34f22af….js:254948
next @ vendor.34f22af….js:28832
notifyNext @ vendor.34f22af….js:185249
_next @ vendor.34f22af….js:254948
next @ vendor.34f22af….js:28832
(anonymous) @ vendor.34f22af….js:188873
_trySubscribe @ vendor.34f22af….js:89315
subscribe @ vendor.34f22af….js:89304
s @ vendor.34f22af….js:239576
_innerSub @ vendor.34f22af….js:185238
_tryNext @ vendor.34f22af….js:185232
_next @ vendor.34f22af….js:185221
next @ vendor.34f22af….js:28832
(anonymous) @ vendor.34f22af….js:188873
_trySubscribe @ vendor.34f22af….js:89315
subscribe @ vendor.34f22af….js:89304
call @ vendor.34f22af….js:185206
subscribe @ vendor.34f22af….js:89299
s @ vendor.34f22af….js:239576
error @ vendor.34f22af….js:25216
notifyError @ vendor.34f22af….js:247301
_error @ vendor.34f22af….js:254957
error @ vendor.34f22af….js:28835
_next @ vendor.34f22af….js:163299
next @ vendor.34f22af….js:28832
next @ vendor.34f22af….js:50795
actionResponse @ vendor.34f22af….js:50605
msgReceiver @ vendor.34f22af….js:44366
_receive @ vendor.34f22af….js:44344
onWsEvent @ vendor.34f22af….js:44282
onWsEvent @ vendor.34f22af….js:44158
(anonymous) @ vendor.34f22af….js:44138
_ @ polyfills.01277dd….js:2469
invokeTask @ polyfills.01277dd….js:1824
onInvokeTask @ vendor.34f22af….js:227933
invokeTask @ polyfills.01277dd….js:1816
runTask @ polyfills.01277dd….js:1585
invokeTask @ polyfills.01277dd….js:1896
h @ polyfills.01277dd….js:2715
p @ polyfills.01277dd….js:2732
 Exception caught and thrown {}
 Exception caught and thrown {}
 [WARN] [entertainment.EntertainmentService]    [UI] entertainment.EntertainmentService#setupMainTarget$: TargetSubscription returned no target for type MAIN
console.<computed> @ (index):77
append @ main.17a1455….js:27518
(anonymous) @ main.17a1455….js:130386
prepareMessageAndLoopOverAppenders @ main.17a1455….js:130385
log2appenders @ main.17a1455….js:130369
warn @ main.17a1455….js:130315
(anonymous) @ main.17a1455….js:114010
_next @ vendor.34f22af….js:163297
next @ vendor.34f22af….js:28832
_next @ vendor.34f22af….js:163301
next @ vendor.34f22af….js:28832
_next @ vendor.34f22af….js:41542
next @ vendor.34f22af….js:28832
_next @ vendor.34f22af….js:28844
next @ vendor.34f22af….js:28832
_next @ vendor.34f22af….js:41542
next @ vendor.34f22af….js:28832
_next @ vendor.34f22af….js:28844
next @ vendor.34f22af….js:28832
next @ vendor.34f22af….js:141879
notifyNext @ vendor.34f22af….js:247298
_next @ vendor.34f22af….js:254948
next @ vendor.34f22af….js:28832
notifyNext @ vendor.34f22af….js:185249
_next @ vendor.34f22af….js:254948
next @ vendor.34f22af….js:28832
(anonymous) @ vendor.34f22af….js:188873
_trySubscribe @ vendor.34f22af….js:89315
subscribe @ vendor.34f22af….js:89304
s @ vendor.34f22af….js:239576
_innerSub @ vendor.34f22af….js:185238
_tryNext @ vendor.34f22af….js:185232
_next @ vendor.34f22af….js:185221
next @ vendor.34f22af….js:28832
(anonymous) @ vendor.34f22af….js:188873
_trySubscribe @ vendor.34f22af….js:89315
subscribe @ vendor.34f22af….js:89304
call @ vendor.34f22af….js:185206
subscribe @ vendor.34f22af….js:89299
s @ vendor.34f22af….js:239576
error @ vendor.34f22af….js:25216
notifyError @ vendor.34f22af….js:247301
_error @ vendor.34f22af….js:254957
error @ vendor.34f22af….js:28835
_next @ vendor.34f22af….js:163299
next @ vendor.34f22af….js:28832
next @ vendor.34f22af….js:50795
actionResponse @ vendor.34f22af….js:50605
msgReceiver @ vendor.34f22af….js:44366
_receive @ vendor.34f22af….js:44344
onWsEvent @ vendor.34f22af….js:44282
onWsEvent @ vendor.34f22af….js:44158
(anonymous) @ vendor.34f22af….js:44138
_ @ polyfills.01277dd….js:2469
invokeTask @ polyfills.01277dd….js:1824
onInvokeTask @ vendor.34f22af….js:227933
invokeTask @ polyfills.01277dd….js:1816
runTask @ polyfills.01277dd….js:1585
invokeTask @ polyfills.01277dd….js:1896
h @ polyfills.01277dd….js:2715
p @ polyfills.01277dd….js:2732
 Exception caught and thrown {}
 Exception caught and thrown {}
 [WARN] [entertainment.EntertainmentService]    [UI] entertainment.EntertainmentService#setupMainTarget$: TargetSubscription returned no target for type MAIN
console.<computed> @ (index):77
append @ main.17a1455….js:27518
(anonymous) @ main.17a1455….js:130386
prepareMessageAndLoopOverAppenders @ main.17a1455….js:130385
log2appenders @ main.17a1455….js:130369
warn @ main.17a1455….js:130315
(anonymous) @ main.17a1455….js:114010
_next @ vendor.34f22af….js:163297
next @ vendor.34f22af….js:28832
_next @ vendor.34f22af….js:163301
next @ vendor.34f22af….js:28832
_next @ vendor.34f22af….js:41542
next @ vendor.34f22af….js:28832
_next @ vendor.34f22af….js:28844
next @ vendor.34f22af….js:28832
_next @ vendor.34f22af….js:41542
next @ vendor.34f22af….js:28832
_next @ vendor.34f22af….js:28844
next @ vendor.34f22af….js:28832
next @ vendor.34f22af….js:141879
notifyNext @ vendor.34f22af….js:247298
_next @ vendor.34f22af….js:254948
next @ vendor.34f22af….js:28832
notifyNext @ vendor.34f22af….js:185249
_next @ vendor.34f22af….js:254948
next @ vendor.34f22af….js:28832
(anonymous) @ vendor.34f22af….js:188873
_trySubscribe @ vendor.34f22af….js:89315
subscribe @ vendor.34f22af….js:89304
s @ vendor.34f22af….js:239576
_innerSub @ vendor.34f22af….js:185238
_tryNext @ vendor.34f22af….js:185232
_next @ vendor.34f22af….js:185221
next @ vendor.34f22af….js:28832
(anonymous) @ vendor.34f22af….js:188873
_trySubscribe @ vendor.34f22af….js:89315
subscribe @ vendor.34f22af….js:89304
call @ vendor.34f22af….js:185206
subscribe @ vendor.34f22af….js:89299
s @ vendor.34f22af….js:239576
error @ vendor.34f22af….js:25216
notifyError @ vendor.34f22af….js:247301
_error @ vendor.34f22af….js:254957
error @ vendor.34f22af….js:28835
_next @ vendor.34f22af….js:163299
next @ vendor.34f22af….js:28832
next @ vendor.34f22af….js:50795
actionResponse @ vendor.34f22af….js:50605
msgReceiver @ vendor.34f22af….js:44366
_receive @ vendor.34f22af….js:44344
onWsEvent @ vendor.34f22af….js:44282
onWsEvent @ vendor.34f22af….js:44158
(anonymous) @ vendor.34f22af….js:44138
_ @ polyfills.01277dd….js:2469
invokeTask @ polyfills.01277dd….js:1824
onInvokeTask @ vendor.34f22af….js:227933
invokeTask @ polyfills.01277dd….js:1816
runTask @ polyfills.01277dd….js:1585
invokeTask @ polyfills.01277dd….js:1896
h @ polyfills.01277dd….js:2715
p @ polyfills.01277dd….js:2732
 Exception caught and thrown {}
 Exception caught and thrown {}
 [WARN] [entertainment.EntertainmentService]    [UI] entertainment.EntertainmentService#setupMainTarget$: TargetSubscription returned no target for type MAIN
console.<computed> @ (index):77
append @ main.17a1455….js:27518
(anonymous) @ main.17a1455….js:130386
prepareMessageAndLoopOverAppenders @ main.17a1455….js:130385
log2appenders @ main.17a1455….js:130369
warn @ main.17a1455….js:130315
(anonymous) @ main.17a1455….js:114010
_next @ vendor.34f22af….js:163297
next @ vendor.34f22af….js:28832
_next @ vendor.34f22af….js:163301
next @ vendor.34f22af….js:28832
_next @ vendor.34f22af….js:41542
next @ vendor.34f22af….js:28832
_next @ vendor.34f22af….js:28844
next @ vendor.34f22af….js:28832
_next @ vendor.34f22af….js:41542
next @ vendor.34f22af….js:28832
_next @ vendor.34f22af….js:28844
next @ vendor.34f22af….js:28832
next @ vendor.34f22af….js:141879
notifyNext @ vendor.34f22af….js:247298
_next @ vendor.34f22af….js:254948
next @ vendor.34f22af….js:28832
notifyNext @ vendor.34f22af….js:185249
_next @ vendor.34f22af….js:254948
next @ vendor.34f22af….js:28832
(anonymous) @ vendor.34f22af….js:188873
_trySubscribe @ vendor.34f22af….js:89315
subscribe @ vendor.34f22af….js:89304
s @ vendor.34f22af….js:239576
_innerSub @ vendor.34f22af….js:185238
_tryNext @ vendor.34f22af….js:185232
_next @ vendor.34f22af….js:185221
next @ vendor.34f22af….js:28832
(anonymous) @ vendor.34f22af….js:188873
_trySubscribe @ vendor.34f22af….js:89315
subscribe @ vendor.34f22af….js:89304
call @ vendor.34f22af….js:185206
subscribe @ vendor.34f22af….js:89299
s @ vendor.34f22af….js:239576
error @ vendor.34f22af….js:25216
notifyError @ vendor.34f22af….js:247301
_error @ vendor.34f22af….js:254957
error @ vendor.34f22af….js:28835
_next @ vendor.34f22af….js:163299
next @ vendor.34f22af….js:28832
next @ vendor.34f22af….js:50795
actionResponse @ vendor.34f22af….js:50605
msgReceiver @ vendor.34f22af….js:44366
_receive @ vendor.34f22af….js:44344
onWsEvent @ vendor.34f22af….js:44282
onWsEvent @ vendor.34f22af….js:44158
(anonymous) @ vendor.34f22af….js:44138
_ @ polyfills.01277dd….js:2469
invokeTask @ polyfills.01277dd….js:1824
onInvokeTask @ vendor.34f22af….js:227933
invokeTask @ polyfills.01277dd….js:1816
runTask @ polyfills.01277dd….js:1585
invokeTask @ polyfills.01277dd….js:1896
h @ polyfills.01277dd….js:2715
p @ polyfills.01277dd….js:2732
 Exception caught and thrown {}
 Exception caught and thrown {}
 [WARN] [entertainment.EntertainmentService]    [UI] entertainment.EntertainmentService#setupMainTarget$: TargetSubscription returned no target for type MAIN
console.<computed> @ (index):77
append @ main.17a1455….js:27518
(anonymous) @ main.17a1455….js:130386
prepareMessageAndLoopOverAppenders @ main.17a1455….js:130385
log2appenders @ main.17a1455….js:130369
warn @ main.17a1455….js:130315
(anonymous) @ main.17a1455….js:114010
_next @ vendor.34f22af….js:163297
next @ vendor.34f22af….js:28832
_next @ vendor.34f22af….js:163301
next @ vendor.34f22af….js:28832
_next @ vendor.34f22af….js:41542
next @ vendor.34f22af….js:28832
_next @ vendor.34f22af….js:28844
next @ vendor.34f22af….js:28832
_next @ vendor.34f22af….js:41542
next @ vendor.34f22af….js:28832
_next @ vendor.34f22af….js:28844
next @ vendor.34f22af….js:28832
next @ vendor.34f22af….js:141879
notifyNext @ vendor.34f22af….js:247298
_next @ vendor.34f22af….js:254948
next @ vendor.34f22af….js:28832
notifyNext @ vendor.34f22af….js:185249
_next @ vendor.34f22af….js:254948
next @ vendor.34f22af….js:28832
(anonymous) @ vendor.34f22af….js:188873
_trySubscribe @ vendor.34f22af….js:89315
subscribe @ vendor.34f22af….js:89304
s @ vendor.34f22af….js:239576
_innerSub @ vendor.34f22af….js:185238
_tryNext @ vendor.34f22af….js:185232
_next @ vendor.34f22af….js:185221
next @ vendor.34f22af….js:28832
(anonymous) @ vendor.34f22af….js:188873
_trySubscribe @ vendor.34f22af….js:89315
subscribe @ vendor.34f22af….js:89304
call @ vendor.34f22af….js:185206
subscribe @ vendor.34f22af….js:89299
s @ vendor.34f22af….js:239576
error @ vendor.34f22af….js:25216
notifyError @ vendor.34f22af….js:247301
_error @ vendor.34f22af….js:254957
error @ vendor.34f22af….js:28835
_next @ vendor.34f22af….js:163299
next @ vendor.34f22af….js:28832
next @ vendor.34f22af….js:50795
actionResponse @ vendor.34f22af….js:50605
msgReceiver @ vendor.34f22af….js:44366
_receive @ vendor.34f22af….js:44344
onWsEvent @ vendor.34f22af….js:44282
onWsEvent @ vendor.34f22af….js:44158
(anonymous) @ vendor.34f22af….js:44138
_ @ polyfills.01277dd….js:2469
invokeTask @ polyfills.01277dd….js:1824
onInvokeTask @ vendor.34f22af….js:227933
invokeTask @ polyfills.01277dd….js:1816
runTask @ polyfills.01277dd….js:1585
invokeTask @ polyfills.01277dd….js:1896
h @ polyfills.01277dd….js:2715
p @ polyfills.01277dd….js:2732
 Exception caught and thrown {}
 Exception caught and thrown {}
 [WARN] [entertainment.EntertainmentService]    [UI] entertainment.EntertainmentService#setupMainTarget$: TargetSubscription returned no target for type MAIN
console.<computed> @ (index):77
append @ main.17a1455….js:27518
(anonymous) @ main.17a1455….js:130386
prepareMessageAndLoopOverAppenders @ main.17a1455….js:130385
log2appenders @ main.17a1455….js:130369
warn @ main.17a1455….js:130315
(anonymous) @ main.17a1455….js:114010
_next @ vendor.34f22af….js:163297
next @ vendor.34f22af….js:28832
_next @ vendor.34f22af….js:163301
next @ vendor.34f22af….js:28832
_next @ vendor.34f22af….js:41542
next @ vendor.34f22af….js:28832
_next @ vendor.34f22af….js:28844
next @ vendor.34f22af….js:28832
_next @ vendor.34f22af….js:41542
next @ vendor.34f22af….js:28832
_next @ vendor.34f22af….js:28844
next @ vendor.34f22af….js:28832
next @ vendor.34f22af….js:141879
notifyNext @ vendor.34f22af….js:247298
_next @ vendor.34f22af….js:254948
next @ vendor.34f22af….js:28832
notifyNext @ vendor.34f22af….js:185249
_next @ vendor.34f22af….js:254948
next @ vendor.34f22af….js:28832
(anonymous) @ vendor.34f22af….js:188873
_trySubscribe @ vendor.34f22af….js:89315
subscribe @ vendor.34f22af….js:89304
s @ vendor.34f22af….js:239576
_innerSub @ vendor.34f22af….js:185238
_tryNext @ vendor.34f22af….js:185232
_next @ vendor.34f22af….js:185221
next @ vendor.34f22af….js:28832
(anonymous) @ vendor.34f22af….js:188873
_trySubscribe @ vendor.34f22af….js:89315
subscribe @ vendor.34f22af….js:89304
call @ vendor.34f22af….js:185206
subscribe @ vendor.34f22af….js:89299
s @ vendor.34f22af….js:239576
error @ vendor.34f22af….js:25216
notifyError @ vendor.34f22af….js:247301
_error @ vendor.34f22af….js:254957
error @ vendor.34f22af….js:28835
_next @ vendor.34f22af….js:163299
next @ vendor.34f22af….js:28832
next @ vendor.34f22af….js:50795
actionResponse @ vendor.34f22af….js:50605
msgReceiver @ vendor.34f22af….js:44366
_receive @ vendor.34f22af….js:44344
onWsEvent @ vendor.34f22af….js:44282
onWsEvent @ vendor.34f22af….js:44158
(anonymous) @ vendor.34f22af….js:44138
_ @ polyfills.01277dd….js:2469
invokeTask @ polyfills.01277dd….js:1824
onInvokeTask @ vendor.34f22af….js:227933
invokeTask @ polyfills.01277dd….js:1816
runTask @ polyfills.01277dd….js:1585
invokeTask @ polyfills.01277dd….js:1896
h @ polyfills.01277dd….js:2715
p @ polyfills.01277dd….js:2732
 Exception caught and thrown {}
 Exception caught and thrown {}
 [WARN] [entertainment.EntertainmentService]    [UI] entertainment.EntertainmentService#setupMainTarget$: TargetSubscription returned no target for type MAIN
console.<computed> @ (index):77
append @ main.17a1455….js:27518
(anonymous) @ main.17a1455….js:130386
prepareMessageAndLoopOverAppenders @ main.17a1455….js:130385
log2appenders @ main.17a1455….js:130369
warn @ main.17a1455….js:130315
(anonymous) @ main.17a1455….js:114010
_next @ vendor.34f22af….js:163297
next @ vendor.34f22af….js:28832
_next @ vendor.34f22af….js:163301
next @ vendor.34f22af….js:28832
_next @ vendor.34f22af….js:41542
next @ vendor.34f22af….js:28832
_next @ vendor.34f22af….js:28844
next @ vendor.34f22af….js:28832
_next @ vendor.34f22af….js:41542
next @ vendor.34f22af….js:28832
_next @ vendor.34f22af….js:28844
next @ vendor.34f22af….js:28832
next @ vendor.34f22af….js:141879
notifyNext @ vendor.34f22af….js:247298
_next @ vendor.34f22af….js:254948
next @ vendor.34f22af….js:28832
notifyNext @ vendor.34f22af….js:185249
_next @ vendor.34f22af….js:254948
next @ vendor.34f22af….js:28832
(anonymous) @ vendor.34f22af….js:188873
_trySubscribe @ vendor.34f22af….js:89315
subscribe @ vendor.34f22af….js:89304
s @ vendor.34f22af….js:239576
_innerSub @ vendor.34f22af….js:185238
_tryNext @ vendor.34f22af….js:185232
_next @ vendor.34f22af….js:185221
next @ vendor.34f22af….js:28832
(anonymous) @ vendor.34f22af….js:188873
_trySubscribe @ vendor.34f22af….js:89315
subscribe @ vendor.34f22af….js:89304
call @ vendor.34f22af….js:185206
subscribe @ vendor.34f22af….js:89299
s @ vendor.34f22af….js:239576
error @ vendor.34f22af….js:25216
notifyError @ vendor.34f22af….js:247301
_error @ vendor.34f22af….js:254957
error @ vendor.34f22af….js:28835
_next @ vendor.34f22af….js:163299
next @ vendor.34f22af….js:28832
next @ vendor.34f22af….js:50795
actionResponse @ vendor.34f22af….js:50605
msgReceiver @ vendor.34f22af….js:44366
_receive @ vendor.34f22af….js:44344
onWsEvent @ vendor.34f22af….js:44282
onWsEvent @ vendor.34f22af….js:44158
(anonymous) @ vendor.34f22af….js:44138
_ @ polyfills.01277dd….js:2469
invokeTask @ polyfills.01277dd….js:1824
onInvokeTask @ vendor.34f22af….js:227933
invokeTask @ polyfills.01277dd….js:1816
runTask @ polyfills.01277dd….js:1585
invokeTask @ polyfills.01277dd….js:1896
h @ polyfills.01277dd….js:2715
p @ polyfills.01277dd….js:2732
 Exception caught and thrown {}
 Exception caught and thrown {}
 [WARN] [entertainment.EntertainmentService]    [UI] entertainment.EntertainmentService#setupMainTarget$: TargetSubscription returned no target for type MAIN
console.<computed> @ (index):77
append @ main.17a1455….js:27518
(anonymous) @ main.17a1455….js:130386
prepareMessageAndLoopOverAppenders @ main.17a1455….js:130385
log2appenders @ main.17a1455….js:130369
warn @ main.17a1455….js:130315
(anonymous) @ main.17a1455….js:114010
_next @ vendor.34f22af….js:163297
next @ vendor.34f22af….js:28832
_next @ vendor.34f22af….js:163301
next @ vendor.34f22af….js:28832
_next @ vendor.34f22af….js:41542
next @ vendor.34f22af….js:28832
_next @ vendor.34f22af….js:28844
next @ vendor.34f22af….js:28832
_next @ vendor.34f22af….js:41542
next @ vendor.34f22af….js:28832
_next @ vendor.34f22af….js:28844
next @ vendor.34f22af….js:28832
next @ vendor.34f22af….js:141879
notifyNext @ vendor.34f22af….js:247298
_next @ vendor.34f22af….js:254948
next @ vendor.34f22af….js:28832
notifyNext @ vendor.34f22af….js:185249
_next @ vendor.34f22af….js:254948
next @ vendor.34f22af….js:28832
(anonymous) @ vendor.34f22af….js:188873
_trySubscribe @ vendor.34f22af….js:89315
subscribe @ vendor.34f22af….js:89304
s @ vendor.34f22af….js:239576
_innerSub @ vendor.34f22af….js:185238
_tryNext @ vendor.34f22af….js:185232
_next @ vendor.34f22af….js:185221
next @ vendor.34f22af….js:28832
(anonymous) @ vendor.34f22af….js:188873
_trySubscribe @ vendor.34f22af….js:89315
subscribe @ vendor.34f22af….js:89304
call @ vendor.34f22af….js:185206
subscribe @ vendor.34f22af….js:89299
s @ vendor.34f22af….js:239576
error @ vendor.34f22af….js:25216
notifyError @ vendor.34f22af….js:247301
_error @ vendor.34f22af….js:254957
error @ vendor.34f22af….js:28835
_next @ vendor.34f22af….js:163299
next @ vendor.34f22af….js:28832
next @ vendor.34f22af….js:50795
actionResponse @ vendor.34f22af….js:50605
msgReceiver @ vendor.34f22af….js:44366
_receive @ vendor.34f22af….js:44344
onWsEvent @ vendor.34f22af….js:44282
onWsEvent @ vendor.34f22af….js:44158
(anonymous) @ vendor.34f22af….js:44138
_ @ polyfills.01277dd….js:2469
invokeTask @ polyfills.01277dd….js:1824
onInvokeTask @ vendor.34f22af….js:227933
invokeTask @ polyfills.01277dd….js:1816
runTask @ polyfills.01277dd….js:1585
invokeTask @ polyfills.01277dd….js:1896
h @ polyfills.01277dd….js:2715
p @ polyfills.01277dd….js:2732
 Exception caught and thrown {}
 Exception caught and thrown {}
 [WARN] [entertainment.EntertainmentService]    [UI] entertainment.EntertainmentService#setupMainTarget$: TargetSubscription returned no target for type MAIN
console.<computed> @ (index):77
append @ main.17a1455….js:27518
(anonymous) @ main.17a1455….js:130386
prepareMessageAndLoopOverAppenders @ main.17a1455….js:130385
log2appenders @ main.17a1455….js:130369
warn @ main.17a1455….js:130315
(anonymous) @ main.17a1455….js:114010
_next @ vendor.34f22af….js:163297
next @ vendor.34f22af….js:28832
_next @ vendor.34f22af….js:163301
next @ vendor.34f22af….js:28832
_next @ vendor.34f22af….js:41542
next @ vendor.34f22af….js:28832
_next @ vendor.34f22af….js:28844
next @ vendor.34f22af….js:28832
_next @ vendor.34f22af….js:41542
next @ vendor.34f22af….js:28832
_next @ vendor.34f22af….js:28844
next @ vendor.34f22af….js:28832
next @ vendor.34f22af….js:141879
notifyNext @ vendor.34f22af….js:247298
_next @ vendor.34f22af….js:254948
next @ vendor.34f22af….js:28832
notifyNext @ vendor.34f22af….js:185249
_next @ vendor.34f22af….js:254948
next @ vendor.34f22af….js:28832
(anonymous) @ vendor.34f22af….js:188873
_trySubscribe @ vendor.34f22af….js:89315
subscribe @ vendor.34f22af….js:89304
s @ vendor.34f22af….js:239576
_innerSub @ vendor.34f22af….js:185238
_tryNext @ vendor.34f22af….js:185232
_next @ vendor.34f22af….js:185221
next @ vendor.34f22af….js:28832
(anonymous) @ vendor.34f22af….js:188873
_trySubscribe @ vendor.34f22af….js:89315
subscribe @ vendor.34f22af….js:89304
call @ vendor.34f22af….js:185206
subscribe @ vendor.34f22af….js:89299
s @ vendor.34f22af….js:239576
error @ vendor.34f22af….js:25216
notifyError @ vendor.34f22af….js:247301
_error @ vendor.34f22af….js:254957
error @ vendor.34f22af….js:28835
_next @ vendor.34f22af….js:163299
next @ vendor.34f22af….js:28832
next @ vendor.34f22af….js:50795
actionResponse @ vendor.34f22af….js:50605
msgReceiver @ vendor.34f22af….js:44366
_receive @ vendor.34f22af….js:44344
onWsEvent @ vendor.34f22af….js:44282
onWsEvent @ vendor.34f22af….js:44158
(anonymous) @ vendor.34f22af….js:44138
_ @ polyfills.01277dd….js:2469
invokeTask @ polyfills.01277dd….js:1824
onInvokeTask @ vendor.34f22af….js:227933
invokeTask @ polyfills.01277dd….js:1816
runTask @ polyfills.01277dd….js:1585
invokeTask @ polyfills.01277dd….js:1896
h @ polyfills.01277dd….js:2715
p @ polyfills.01277dd….js:2732
 Exception caught and thrown {}
 Exception caught and thrown {}
 [WARN] [entertainment.EntertainmentService]    [UI] entertainment.EntertainmentService#setupMainTarget$: TargetSubscription returned no target for type MAIN
console.<computed> @ (index):77
append @ main.17a1455….js:27518
(anonymous) @ main.17a1455….js:130386
prepareMessageAndLoopOverAppenders @ main.17a1455….js:130385
log2appenders @ main.17a1455….js:130369
warn @ main.17a1455….js:130315
(anonymous) @ main.17a1455….js:114010
_next @ vendor.34f22af….js:163297
next @ vendor.34f22af….js:28832
_next @ vendor.34f22af….js:163301
next @ vendor.34f22af….js:28832
_next @ vendor.34f22af….js:41542
next @ vendor.34f22af….js:28832
_next @ vendor.34f22af….js:28844
next @ vendor.34f22af….js:28832
_next @ vendor.34f22af….js:41542
next @ vendor.34f22af….js:28832
_next @ vendor.34f22af….js:28844
next @ vendor.34f22af….js:28832
next @ vendor.34f22af….js:141879
notifyNext @ vendor.34f22af….js:247298
_next @ vendor.34f22af….js:254948
next @ vendor.34f22af….js:28832
notifyNext @ vendor.34f22af….js:185249
_next @ vendor.34f22af….js:254948
next @ vendor.34f22af….js:28832
(anonymous) @ vendor.34f22af….js:188873
_trySubscribe @ vendor.34f22af….js:89315
subscribe @ vendor.34f22af….js:89304
s @ vendor.34f22af….js:239576
_innerSub @ vendor.34f22af….js:185238
_tryNext @ vendor.34f22af….js:185232
_next @ vendor.34f22af….js:185221
next @ vendor.34f22af….js:28832
(anonymous) @ vendor.34f22af….js:188873
_trySubscribe @ vendor.34f22af….js:89315
subscribe @ vendor.34f22af….js:89304
call @ vendor.34f22af….js:185206
subscribe @ vendor.34f22af….js:89299
s @ vendor.34f22af….js:239576
error @ vendor.34f22af….js:25216
notifyError @ vendor.34f22af….js:247301
_error @ vendor.34f22af….js:254957
error @ vendor.34f22af….js:28835
_next @ vendor.34f22af….js:163299
next @ vendor.34f22af….js:28832
next @ vendor.34f22af….js:50795
actionResponse @ vendor.34f22af….js:50605
msgReceiver @ vendor.34f22af….js:44366
_receive @ vendor.34f22af….js:44344
onWsEvent @ vendor.34f22af….js:44282
onWsEvent @ vendor.34f22af….js:44158
(anonymous) @ vendor.34f22af….js:44138
_ @ polyfills.01277dd….js:2469
invokeTask @ polyfills.01277dd….js:1824
onInvokeTask @ vendor.34f22af….js:227933
invokeTask @ polyfills.01277dd….js:1816
runTask @ polyfills.01277dd….js:1585
invokeTask @ polyfills.01277dd….js:1896
h @ polyfills.01277dd….js:2715
p @ polyfills.01277dd….js:2732
 Exception caught and thrown {}
 Exception caught and thrown {}
 [WARN] [entertainment.EntertainmentService]    [UI] entertainment.EntertainmentService#setupMainTarget$: TargetSubscription returned no target for type MAIN
console.<computed> @ (index):77
append @ main.17a1455….js:27518
(anonymous) @ main.17a1455….js:130386
prepareMessageAndLoopOverAppenders @ main.17a1455….js:130385
log2appenders @ main.17a1455….js:130369
warn @ main.17a1455….js:130315
(anonymous) @ main.17a1455….js:114010
_next @ vendor.34f22af….js:163297
next @ vendor.34f22af….js:28832
_next @ vendor.34f22af….js:163301
next @ vendor.34f22af….js:28832
_next @ vendor.34f22af….js:41542
next @ vendor.34f22af….js:28832
_next @ vendor.34f22af….js:28844
next @ vendor.34f22af….js:28832
_next @ vendor.34f22af….js:41542
next @ vendor.34f22af….js:28832
_next @ vendor.34f22af….js:28844
next @ vendor.34f22af….js:28832
next @ vendor.34f22af….js:141879
notifyNext @ vendor.34f22af….js:247298
_next @ vendor.34f22af….js:254948
next @ vendor.34f22af….js:28832
notifyNext @ vendor.34f22af….js:185249
_next @ vendor.34f22af….js:254948
next @ vendor.34f22af….js:28832
(anonymous) @ vendor.34f22af….js:188873
_trySubscribe @ vendor.34f22af….js:89315
subscribe @ vendor.34f22af….js:89304
s @ vendor.34f22af….js:239576
_innerSub @ vendor.34f22af….js:185238
_tryNext @ vendor.34f22af….js:185232
_next @ vendor.34f22af….js:185221
next @ vendor.34f22af….js:28832
(anonymous) @ vendor.34f22af….js:188873
_trySubscribe @ vendor.34f22af….js:89315
subscribe @ vendor.34f22af….js:89304
call @ vendor.34f22af….js:185206
subscribe @ vendor.34f22af….js:89299
s @ vendor.34f22af….js:239576
error @ vendor.34f22af….js:25216
notifyError @ vendor.34f22af….js:247301
_error @ vendor.34f22af….js:254957
error @ vendor.34f22af….js:28835
_next @ vendor.34f22af….js:163299
next @ vendor.34f22af….js:28832
next @ vendor.34f22af….js:50795
actionResponse @ vendor.34f22af….js:50605
msgReceiver @ vendor.34f22af….js:44366
_receive @ vendor.34f22af….js:44344
onWsEvent @ vendor.34f22af….js:44282
onWsEvent @ vendor.34f22af….js:44158
(anonymous) @ vendor.34f22af….js:44138
_ @ polyfills.01277dd….js:2469
invokeTask @ polyfills.01277dd….js:1824
onInvokeTask @ vendor.34f22af….js:227933
invokeTask @ polyfills.01277dd….js:1816
runTask @ polyfills.01277dd….js:1585
invokeTask @ polyfills.01277dd….js:1896
h @ polyfills.01277dd….js:2715
p @ polyfills.01277dd….js:2732
 Exception caught and thrown {}
 Exception caught and thrown {}
 [WARN] [entertainment.EntertainmentService]    [UI] entertainment.EntertainmentService#setupMainTarget$: TargetSubscription returned no target for type MAIN
console.<computed> @ (index):77
append @ main.17a1455….js:27518
(anonymous) @ main.17a1455….js:130386
prepareMessageAndLoopOverAppenders @ main.17a1455….js:130385
log2appenders @ main.17a1455….js:130369
warn @ main.17a1455….js:130315
(anonymous) @ main.17a1455….js:114010
_next @ vendor.34f22af….js:163297
next @ vendor.34f22af….js:28832
_next @ vendor.34f22af….js:163301
next @ vendor.34f22af….js:28832
_next @ vendor.34f22af….js:41542
next @ vendor.34f22af….js:28832
_next @ vendor.34f22af….js:28844
next @ vendor.34f22af….js:28832
_next @ vendor.34f22af….js:41542
next @ vendor.34f22af….js:28832
_next @ vendor.34f22af….js:28844
next @ vendor.34f22af….js:28832
next @ vendor.34f22af….js:141879
notifyNext @ vendor.34f22af….js:247298
_next @ vendor.34f22af….js:254948
next @ vendor.34f22af….js:28832
notifyNext @ vendor.34f22af….js:185249
_next @ vendor.34f22af….js:254948
next @ vendor.34f22af….js:28832
(anonymous) @ vendor.34f22af….js:188873
_trySubscribe @ vendor.34f22af….js:89315
subscribe @ vendor.34f22af….js:89304
s @ vendor.34f22af….js:239576
_innerSub @ vendor.34f22af….js:185238
_tryNext @ vendor.34f22af….js:185232
_next @ vendor.34f22af….js:185221
next @ vendor.34f22af….js:28832
(anonymous) @ vendor.34f22af….js:188873
_trySubscribe @ vendor.34f22af….js:89315
subscribe @ vendor.34f22af….js:89304
call @ vendor.34f22af….js:185206
subscribe @ vendor.34f22af….js:89299
s @ vendor.34f22af….js:239576
error @ vendor.34f22af….js:25216
notifyError @ vendor.34f22af….js:247301
_error @ vendor.34f22af….js:254957
error @ vendor.34f22af….js:28835
_next @ vendor.34f22af….js:163299
next @ vendor.34f22af….js:28832
next @ vendor.34f22af….js:50795
actionResponse @ vendor.34f22af….js:50605
msgReceiver @ vendor.34f22af….js:44366
_receive @ vendor.34f22af….js:44344
onWsEvent @ vendor.34f22af….js:44282
onWsEvent @ vendor.34f22af….js:44158
(anonymous) @ vendor.34f22af….js:44138
_ @ polyfills.01277dd….js:2469
invokeTask @ polyfills.01277dd….js:1824
onInvokeTask @ vendor.34f22af….js:227933
invokeTask @ polyfills.01277dd….js:1816
runTask @ polyfills.01277dd….js:1585
invokeTask @ polyfills.01277dd….js:1896
h @ polyfills.01277dd….js:2715
p @ polyfills.01277dd….js:2732
 Exception caught and thrown {}
 Exception caught and thrown {}
 [WARN] [entertainment.EntertainmentService]    [UI] entertainment.EntertainmentService#setupMainTarget$: TargetSubscription returned no target for type MAIN
console.<computed> @ (index):77
append @ main.17a1455….js:27518
(anonymous) @ main.17a1455….js:130386
prepareMessageAndLoopOverAppenders @ main.17a1455….js:130385
log2appenders @ main.17a1455….js:130369
warn @ main.17a1455….js:130315
(anonymous) @ main.17a1455….js:114010
_next @ vendor.34f22af….js:163297
next @ vendor.34f22af….js:28832
_next @ vendor.34f22af….js:163301
next @ vendor.34f22af….js:28832
_next @ vendor.34f22af….js:41542
next @ vendor.34f22af….js:28832
_next @ vendor.34f22af….js:28844
next @ vendor.34f22af….js:28832
_next @ vendor.34f22af….js:41542
next @ vendor.34f22af….js:28832
_next @ vendor.34f22af….js:28844
next @ vendor.34f22af….js:28832
next @ vendor.34f22af….js:141879
notifyNext @ vendor.34f22af….js:247298
_next @ vendor.34f22af….js:254948
next @ vendor.34f22af….js:28832
notifyNext @ vendor.34f22af….js:185249
_next @ vendor.34f22af….js:254948
next @ vendor.34f22af….js:28832
(anonymous) @ vendor.34f22af….js:188873
_trySubscribe @ vendor.34f22af….js:89315
subscribe @ vendor.34f22af….js:89304
s @ vendor.34f22af….js:239576
_innerSub @ vendor.34f22af….js:185238
_tryNext @ vendor.34f22af….js:185232
_next @ vendor.34f22af….js:185221
next @ vendor.34f22af….js:28832
(anonymous) @ vendor.34f22af….js:188873
_trySubscribe @ vendor.34f22af….js:89315
subscribe @ vendor.34f22af….js:89304
call @ vendor.34f22af….js:185206
subscribe @ vendor.34f22af….js:89299
s @ vendor.34f22af….js:239576
error @ vendor.34f22af….js:25216
notifyError @ vendor.34f22af….js:247301
_error @ vendor.34f22af….js:254957
error @ vendor.34f22af….js:28835
_next @ vendor.34f22af….js:163299
next @ vendor.34f22af….js:28832
next @ vendor.34f22af….js:50795
actionResponse @ vendor.34f22af….js:50605
msgReceiver @ vendor.34f22af….js:44366
_receive @ vendor.34f22af….js:44344
onWsEvent @ vendor.34f22af….js:44282
onWsEvent @ vendor.34f22af….js:44158
(anonymous) @ vendor.34f22af….js:44138
_ @ polyfills.01277dd….js:2469
invokeTask @ polyfills.01277dd….js:1824
onInvokeTask @ vendor.34f22af….js:227933
invokeTask @ polyfills.01277dd….js:1816
runTask @ polyfills.01277dd….js:1585
invokeTask @ polyfills.01277dd….js:1896
h @ polyfills.01277dd….js:2715
p @ polyfills.01277dd….js:2732
 Exception caught and thrown {}
 Exception caught and thrown {}
 [WARN] [entertainment.EntertainmentService]    [UI] entertainment.EntertainmentService#setupMainTarget$: TargetSubscription returned no target for type MAIN
console.<computed> @ (index):77
append @ main.17a1455….js:27518
(anonymous) @ main.17a1455….js:130386
prepareMessageAndLoopOverAppenders @ main.17a1455….js:130385
log2appenders @ main.17a1455….js:130369
warn @ main.17a1455….js:130315
(anonymous) @ main.17a1455….js:114010
_next @ vendor.34f22af….js:163297
next @ vendor.34f22af….js:28832
_next @ vendor.34f22af….js:163301
next @ vendor.34f22af….js:28832
_next @ vendor.34f22af….js:41542
next @ vendor.34f22af….js:28832
_next @ vendor.34f22af….js:28844
next @ vendor.34f22af….js:28832
_next @ vendor.34f22af….js:41542
next @ vendor.34f22af….js:28832
_next @ vendor.34f22af….js:28844
next @ vendor.34f22af….js:28832
next @ vendor.34f22af….js:141879
notifyNext @ vendor.34f22af….js:247298
_next @ vendor.34f22af….js:254948
next @ vendor.34f22af….js:28832
notifyNext @ vendor.34f22af….js:185249
_next @ vendor.34f22af….js:254948
next @ vendor.34f22af….js:28832
(anonymous) @ vendor.34f22af….js:188873
_trySubscribe @ vendor.34f22af….js:89315
subscribe @ vendor.34f22af….js:89304
s @ vendor.34f22af….js:239576
_innerSub @ vendor.34f22af….js:185238
_tryNext @ vendor.34f22af….js:185232
_next @ vendor.34f22af….js:185221
next @ vendor.34f22af….js:28832
(anonymous) @ vendor.34f22af….js:188873
_trySubscribe @ vendor.34f22af….js:89315
subscribe @ vendor.34f22af….js:89304
call @ vendor.34f22af….js:185206
subscribe @ vendor.34f22af….js:89299
s @ vendor.34f22af….js:239576
error @ vendor.34f22af….js:25216
notifyError @ vendor.34f22af….js:247301
_error @ vendor.34f22af….js:254957
error @ vendor.34f22af….js:28835
_next @ vendor.34f22af….js:163299
next @ vendor.34f22af….js:28832
next @ vendor.34f22af….js:50795
actionResponse @ vendor.34f22af….js:50605
msgReceiver @ vendor.34f22af….js:44366
_receive @ vendor.34f22af….js:44344
onWsEvent @ vendor.34f22af….js:44282
onWsEvent @ vendor.34f22af….js:44158
(anonymous) @ vendor.34f22af….js:44138
_ @ polyfills.01277dd….js:2469
invokeTask @ polyfills.01277dd….js:1824
onInvokeTask @ vendor.34f22af….js:227933
invokeTask @ polyfills.01277dd….js:1816
runTask @ polyfills.01277dd….js:1585
invokeTask @ polyfills.01277dd….js:1896
h @ polyfills.01277dd….js:2715
p @ polyfills.01277dd….js:2732
 Exception caught and thrown {}
 Exception caught and thrown {}
 [WARN] [entertainment.EntertainmentService]    [UI] entertainment.EntertainmentService#setupMainTarget$: TargetSubscription returned no target for type MAIN
console.<computed> @ (index):77
append @ main.17a1455….js:27518
(anonymous) @ main.17a1455….js:130386
prepareMessageAndLoopOverAppenders @ main.17a1455….js:130385
log2appenders @ main.17a1455….js:130369
warn @ main.17a1455….js:130315
(anonymous) @ main.17a1455….js:114010
_next @ vendor.34f22af….js:163297
next @ vendor.34f22af….js:28832
_next @ vendor.34f22af….js:163301
next @ vendor.34f22af….js:28832
_next @ vendor.34f22af….js:41542
next @ vendor.34f22af….js:28832
_next @ vendor.34f22af….js:28844
next @ vendor.34f22af….js:28832
_next @ vendor.34f22af….js:41542
next @ vendor.34f22af….js:28832
_next @ vendor.34f22af….js:28844
next @ vendor.34f22af….js:28832
next @ vendor.34f22af….js:141879
notifyNext @ vendor.34f22af….js:247298
_next @ vendor.34f22af….js:254948
next @ vendor.34f22af….js:28832
notifyNext @ vendor.34f22af….js:185249
_next @ vendor.34f22af….js:254948
next @ vendor.34f22af….js:28832
(anonymous) @ vendor.34f22af….js:188873
_trySubscribe @ vendor.34f22af….js:89315
subscribe @ vendor.34f22af….js:89304
s @ vendor.34f22af….js:239576
_innerSub @ vendor.34f22af….js:185238
_tryNext @ vendor.34f22af….js:185232
_next @ vendor.34f22af….js:185221
next @ vendor.34f22af….js:28832
(anonymous) @ vendor.34f22af….js:188873
_trySubscribe @ vendor.34f22af….js:89315
subscribe @ vendor.34f22af….js:89304
call @ vendor.34f22af….js:185206
subscribe @ vendor.34f22af….js:89299
s @ vendor.34f22af….js:239576
error @ vendor.34f22af….js:25216
notifyError @ vendor.34f22af….js:247301
_error @ vendor.34f22af….js:254957
error @ vendor.34f22af….js:28835
_next @ vendor.34f22af….js:163299
next @ vendor.34f22af….js:28832
next @ vendor.34f22af….js:50795
actionResponse @ vendor.34f22af….js:50605
msgReceiver @ vendor.34f22af….js:44366
_receive @ vendor.34f22af….js:44344
onWsEvent @ vendor.34f22af….js:44282
onWsEvent @ vendor.34f22af….js:44158
(anonymous) @ vendor.34f22af….js:44138
_ @ polyfills.01277dd….js:2469
invokeTask @ polyfills.01277dd….js:1824
onInvokeTask @ vendor.34f22af….js:227933
invokeTask @ polyfills.01277dd….js:1816
runTask @ polyfills.01277dd….js:1585
invokeTask @ polyfills.01277dd….js:1896
h @ polyfills.01277dd….js:2715
p @ polyfills.01277dd….js:2732
 Exception caught and thrown {}
 Exception caught and thrown {}
 [WARN] [entertainment.EntertainmentService]    [UI] entertainment.EntertainmentService#setupMainTarget$: TargetSubscription returned no target for type MAIN
console.<computed> @ (index):77
append @ main.17a1455….js:27518
(anonymous) @ main.17a1455….js:130386
prepareMessageAndLoopOverAppenders @ main.17a1455….js:130385
log2appenders @ main.17a1455….js:130369
warn @ main.17a1455….js:130315
(anonymous) @ main.17a1455….js:114010
_next @ vendor.34f22af….js:163297
next @ vendor.34f22af….js:28832
_next @ vendor.34f22af….js:163301
next @ vendor.34f22af….js:28832
_next @ vendor.34f22af….js:41542
next @ vendor.34f22af….js:28832
_next @ vendor.34f22af….js:28844
next @ vendor.34f22af….js:28832
_next @ vendor.34f22af….js:41542
next @ vendor.34f22af….js:28832
_next @ vendor.34f22af….js:28844
next @ vendor.34f22af….js:28832
next @ vendor.34f22af….js:141879
notifyNext @ vendor.34f22af….js:247298
_next @ vendor.34f22af….js:254948
next @ vendor.34f22af….js:28832
notifyNext @ vendor.34f22af….js:185249
_next @ vendor.34f22af….js:254948
next @ vendor.34f22af….js:28832
(anonymous) @ vendor.34f22af….js:188873
_trySubscribe @ vendor.34f22af….js:89315
subscribe @ vendor.34f22af….js:89304
s @ vendor.34f22af….js:239576
_innerSub @ vendor.34f22af….js:185238
_tryNext @ vendor.34f22af….js:185232
_next @ vendor.34f22af….js:185221
next @ vendor.34f22af….js:28832
(anonymous) @ vendor.34f22af….js:188873
_trySubscribe @ vendor.34f22af….js:89315
subscribe @ vendor.34f22af….js:89304
call @ vendor.34f22af….js:185206
subscribe @ vendor.34f22af….js:89299
s @ vendor.34f22af….js:239576
error @ vendor.34f22af….js:25216
notifyError @ vendor.34f22af….js:247301
_error @ vendor.34f22af….js:254957
error @ vendor.34f22af….js:28835
_next @ vendor.34f22af….js:163299
next @ vendor.34f22af….js:28832
next @ vendor.34f22af….js:50795
actionResponse @ vendor.34f22af….js:50605
msgReceiver @ vendor.34f22af….js:44366
_receive @ vendor.34f22af….js:44344
onWsEvent @ vendor.34f22af….js:44282
onWsEvent @ vendor.34f22af….js:44158
(anonymous) @ vendor.34f22af….js:44138
_ @ polyfills.01277dd….js:2469
invokeTask @ polyfills.01277dd….js:1824
onInvokeTask @ vendor.34f22af….js:227933
invokeTask @ polyfills.01277dd….js:1816
runTask @ polyfills.01277dd….js:1585
invokeTask @ polyfills.01277dd….js:1896
h @ polyfills.01277dd….js:2715
p @ polyfills.01277dd….js:2732
 Exception caught and thrown {}
 Exception caught and thrown {}
 [WARN] [entertainment.EntertainmentService]    [UI] entertainment.EntertainmentService#setupMainTarget$: TargetSubscription returned no target for type MAIN
console.<computed> @ (index):77
append @ main.17a1455….js:27518
(anonymous) @ main.17a1455….js:130386
prepareMessageAndLoopOverAppenders @ main.17a1455….js:130385
log2appenders @ main.17a1455….js:130369
warn @ main.17a1455….js:130315
(anonymous) @ main.17a1455….js:114010
_next @ vendor.34f22af….js:163297
next @ vendor.34f22af….js:28832
_next @ vendor.34f22af….js:163301
next @ vendor.34f22af….js:28832
_next @ vendor.34f22af….js:41542
next @ vendor.34f22af….js:28832
_next @ vendor.34f22af….js:28844
next @ vendor.34f22af….js:28832
_next @ vendor.34f22af….js:41542
next @ vendor.34f22af….js:28832
_next @ vendor.34f22af….js:28844
next @ vendor.34f22af….js:28832
next @ vendor.34f22af….js:141879
notifyNext @ vendor.34f22af….js:247298
_next @ vendor.34f22af….js:254948
next @ vendor.34f22af….js:28832
notifyNext @ vendor.34f22af….js:185249
_next @ vendor.34f22af….js:254948
next @ vendor.34f22af….js:28832
(anonymous) @ vendor.34f22af….js:188873
_trySubscribe @ vendor.34f22af….js:89315
subscribe @ vendor.34f22af….js:89304
s @ vendor.34f22af….js:239576
_innerSub @ vendor.34f22af….js:185238
_tryNext @ vendor.34f22af….js:185232
_next @ vendor.34f22af….js:185221
next @ vendor.34f22af….js:28832
(anonymous) @ vendor.34f22af….js:188873
_trySubscribe @ vendor.34f22af….js:89315
subscribe @ vendor.34f22af….js:89304
call @ vendor.34f22af….js:185206
subscribe @ vendor.34f22af….js:89299
s @ vendor.34f22af….js:239576
error @ vendor.34f22af….js:25216
notifyError @ vendor.34f22af….js:247301
_error @ vendor.34f22af….js:254957
error @ vendor.34f22af….js:28835
_next @ vendor.34f22af….js:163299
next @ vendor.34f22af….js:28832
next @ vendor.34f22af….js:50795
actionResponse @ vendor.34f22af….js:50605
msgReceiver @ vendor.34f22af….js:44366
_receive @ vendor.34f22af….js:44344
onWsEvent @ vendor.34f22af….js:44282
onWsEvent @ vendor.34f22af….js:44158
(anonymous) @ vendor.34f22af….js:44138
_ @ polyfills.01277dd….js:2469
invokeTask @ polyfills.01277dd….js:1824
onInvokeTask @ vendor.34f22af….js:227933
invokeTask @ polyfills.01277dd….js:1816
runTask @ polyfills.01277dd….js:1585
invokeTask @ polyfills.01277dd….js:1896
h @ polyfills.01277dd….js:2715
p @ polyfills.01277dd….js:2732
 Exception caught and thrown {}
 Exception caught and thrown {}
 [WARN] [entertainment.EntertainmentService]    [UI] entertainment.EntertainmentService#setupMainTarget$: TargetSubscription returned no target for type MAIN
console.<computed> @ (index):77
append @ main.17a1455….js:27518
(anonymous) @ main.17a1455….js:130386
prepareMessageAndLoopOverAppenders @ main.17a1455….js:130385
log2appenders @ main.17a1455….js:130369
warn @ main.17a1455….js:130315
(anonymous) @ main.17a1455….js:114010
_next @ vendor.34f22af….js:163297
next @ vendor.34f22af….js:28832
_next @ vendor.34f22af….js:163301
next @ vendor.34f22af….js:28832
_next @ vendor.34f22af….js:41542
next @ vendor.34f22af….js:28832
_next @ vendor.34f22af….js:28844
next @ vendor.34f22af….js:28832
_next @ vendor.34f22af….js:41542
next @ vendor.34f22af….js:28832
_next @ vendor.34f22af….js:28844
next @ vendor.34f22af….js:28832
next @ vendor.34f22af….js:141879
notifyNext @ vendor.34f22af….js:247298
_next @ vendor.34f22af….js:254948
next @ vendor.34f22af….js:28832
notifyNext @ vendor.34f22af….js:185249
_next @ vendor.34f22af….js:254948
next @ vendor.34f22af….js:28832
(anonymous) @ vendor.34f22af….js:188873
_trySubscribe @ vendor.34f22af….js:89315
subscribe @ vendor.34f22af….js:89304
s @ vendor.34f22af….js:239576
_innerSub @ vendor.34f22af….js:185238
_tryNext @ vendor.34f22af….js:185232
_next @ vendor.34f22af….js:185221
next @ vendor.34f22af….js:28832
(anonymous) @ vendor.34f22af….js:188873
_trySubscribe @ vendor.34f22af….js:89315
subscribe @ vendor.34f22af….js:89304
call @ vendor.34f22af….js:185206
subscribe @ vendor.34f22af….js:89299
s @ vendor.34f22af….js:239576
error @ vendor.34f22af….js:25216
notifyError @ vendor.34f22af….js:247301
_error @ vendor.34f22af….js:254957
error @ vendor.34f22af….js:28835
_next @ vendor.34f22af….js:163299
next @ vendor.34f22af….js:28832
next @ vendor.34f22af….js:50795
actionResponse @ vendor.34f22af….js:50605
msgReceiver @ vendor.34f22af….js:44366
_receive @ vendor.34f22af….js:44344
onWsEvent @ vendor.34f22af….js:44282
onWsEvent @ vendor.34f22af….js:44158
(anonymous) @ vendor.34f22af….js:44138
_ @ polyfills.01277dd….js:2469
invokeTask @ polyfills.01277dd….js:1824
onInvokeTask @ vendor.34f22af….js:227933
invokeTask @ polyfills.01277dd….js:1816
runTask @ polyfills.01277dd….js:1585
invokeTask @ polyfills.01277dd….js:1896
h @ polyfills.01277dd….js:2715
p @ polyfills.01277dd….js:2732
 Exception caught and thrown {}
 Exception caught and thrown {}
 [WARN] [entertainment.EntertainmentService]    [UI] entertainment.EntertainmentService#setupMainTarget$: TargetSubscription returned no target for type MAIN
console.<computed> @ (index):77
append @ main.17a1455….js:27518
(anonymous) @ main.17a1455….js:130386
prepareMessageAndLoopOverAppenders @ main.17a1455….js:130385
log2appenders @ main.17a1455….js:130369
warn @ main.17a1455….js:130315
(anonymous) @ main.17a1455….js:114010
_next @ vendor.34f22af….js:163297
next @ vendor.34f22af….js:28832
_next @ vendor.34f22af….js:163301
next @ vendor.34f22af….js:28832
_next @ vendor.34f22af….js:41542
next @ vendor.34f22af….js:28832
_next @ vendor.34f22af….js:28844
next @ vendor.34f22af….js:28832
_next @ vendor.34f22af….js:41542
next @ vendor.34f22af….js:28832
_next @ vendor.34f22af….js:28844
next @ vendor.34f22af….js:28832
next @ vendor.34f22af….js:141879
notifyNext @ vendor.34f22af….js:247298
_next @ vendor.34f22af….js:254948
next @ vendor.34f22af….js:28832
notifyNext @ vendor.34f22af….js:185249
_next @ vendor.34f22af….js:254948
next @ vendor.34f22af….js:28832
(anonymous) @ vendor.34f22af….js:188873
_trySubscribe @ vendor.34f22af….js:89315
subscribe @ vendor.34f22af….js:89304
s @ vendor.34f22af….js:239576
_innerSub @ vendor.34f22af….js:185238
_tryNext @ vendor.34f22af….js:185232
_next @ vendor.34f22af….js:185221
next @ vendor.34f22af….js:28832
(anonymous) @ vendor.34f22af….js:188873
_trySubscribe @ vendor.34f22af….js:89315
subscribe @ vendor.34f22af….js:89304
call @ vendor.34f22af….js:185206
subscribe @ vendor.34f22af….js:89299
s @ vendor.34f22af….js:239576
error @ vendor.34f22af….js:25216
notifyError @ vendor.34f22af….js:247301
_error @ vendor.34f22af….js:254957
error @ vendor.34f22af….js:28835
_next @ vendor.34f22af….js:163299
next @ vendor.34f22af….js:28832
next @ vendor.34f22af….js:50795
actionResponse @ vendor.34f22af….js:50605
msgReceiver @ vendor.34f22af….js:44366
_receive @ vendor.34f22af….js:44344
onWsEvent @ vendor.34f22af….js:44282
onWsEvent @ vendor.34f22af….js:44158
(anonymous) @ vendor.34f22af….js:44138
_ @ polyfills.01277dd….js:2469
invokeTask @ polyfills.01277dd….js:1824
onInvokeTask @ vendor.34f22af….js:227933
invokeTask @ polyfills.01277dd….js:1816
runTask @ polyfills.01277dd….js:1585
invokeTask @ polyfills.01277dd….js:1896
h @ polyfills.01277dd….js:2715
p @ polyfills.01277dd….js:2732
 Exception caught and thrown {}
 Exception caught and thrown {}
 [WARN] [entertainment.EntertainmentService]    [UI] entertainment.EntertainmentService#setupMainTarget$: TargetSubscription returned no target for type MAIN
console.<computed> @ (index):77
append @ main.17a1455….js:27518
(anonymous) @ main.17a1455….js:130386
prepareMessageAndLoopOverAppenders @ main.17a1455….js:130385
log2appenders @ main.17a1455….js:130369
warn @ main.17a1455….js:130315
(anonymous) @ main.17a1455….js:114010
_next @ vendor.34f22af….js:163297
next @ vendor.34f22af….js:28832
_next @ vendor.34f22af….js:163301
next @ vendor.34f22af….js:28832
_next @ vendor.34f22af….js:41542
next @ vendor.34f22af….js:28832
_next @ vendor.34f22af….js:28844
next @ vendor.34f22af….js:28832
_next @ vendor.34f22af….js:41542
next @ vendor.34f22af….js:28832
_next @ vendor.34f22af….js:28844
next @ vendor.34f22af….js:28832
next @ vendor.34f22af….js:141879
notifyNext @ vendor.34f22af….js:247298
_next @ vendor.34f22af….js:254948
next @ vendor.34f22af….js:28832
notifyNext @ vendor.34f22af….js:185249
_next @ vendor.34f22af….js:254948
next @ vendor.34f22af….js:28832
(anonymous) @ vendor.34f22af….js:188873
_trySubscribe @ vendor.34f22af….js:89315
subscribe @ vendor.34f22af….js:89304
s @ vendor.34f22af….js:239576
_innerSub @ vendor.34f22af….js:185238
_tryNext @ vendor.34f22af….js:185232
_next @ vendor.34f22af….js:185221
next @ vendor.34f22af….js:28832
(anonymous) @ vendor.34f22af….js:188873
_trySubscribe @ vendor.34f22af….js:89315
subscribe @ vendor.34f22af….js:89304
call @ vendor.34f22af….js:185206
subscribe @ vendor.34f22af….js:89299
s @ vendor.34f22af….js:239576
error @ vendor.34f22af….js:25216
notifyError @ vendor.34f22af….js:247301
_error @ vendor.34f22af….js:254957
error @ vendor.34f22af….js:28835
_next @ vendor.34f22af….js:163299
next @ vendor.34f22af….js:28832
next @ vendor.34f22af….js:50795
actionResponse @ vendor.34f22af….js:50605
msgReceiver @ vendor.34f22af….js:44366
_receive @ vendor.34f22af….js:44344
onWsEvent @ vendor.34f22af….js:44282
onWsEvent @ vendor.34f22af….js:44158
(anonymous) @ vendor.34f22af….js:44138
_ @ polyfills.01277dd….js:2469
invokeTask @ polyfills.01277dd….js:1824
onInvokeTask @ vendor.34f22af….js:227933
invokeTask @ polyfills.01277dd….js:1816
runTask @ polyfills.01277dd….js:1585
invokeTask @ polyfills.01277dd….js:1896
h @ polyfills.01277dd….js:2715
p @ polyfills.01277dd….js:2732
 Exception caught and thrown {}
 Exception caught and thrown {}
 [WARN] [entertainment.EntertainmentService]    [UI] entertainment.EntertainmentService#setupMainTarget$: TargetSubscription returned no target for type MAIN
console.<computed> @ (index):77
append @ main.17a1455….js:27518
(anonymous) @ main.17a1455….js:130386
prepareMessageAndLoopOverAppenders @ main.17a1455….js:130385
log2appenders @ main.17a1455….js:130369
warn @ main.17a1455….js:130315
(anonymous) @ main.17a1455….js:114010
_next @ vendor.34f22af….js:163297
next @ vendor.34f22af….js:28832
_next @ vendor.34f22af….js:163301
next @ vendor.34f22af….js:28832
_next @ vendor.34f22af….js:41542
next @ vendor.34f22af….js:28832
_next @ vendor.34f22af….js:28844
next @ vendor.34f22af….js:28832
_next @ vendor.34f22af….js:41542
next @ vendor.34f22af….js:28832
_next @ vendor.34f22af….js:28844
next @ vendor.34f22af….js:28832
next @ vendor.34f22af….js:141879
notifyNext @ vendor.34f22af….js:247298
_next @ vendor.34f22af….js:254948
next @ vendor.34f22af….js:28832
notifyNext @ vendor.34f22af….js:185249
_next @ vendor.34f22af….js:254948
next @ vendor.34f22af….js:28832
(anonymous) @ vendor.34f22af….js:188873
_trySubscribe @ vendor.34f22af….js:89315
subscribe @ vendor.34f22af….js:89304
s @ vendor.34f22af….js:239576
_innerSub @ vendor.34f22af….js:185238
_tryNext @ vendor.34f22af….js:185232
_next @ vendor.34f22af….js:185221
next @ vendor.34f22af….js:28832
(anonymous) @ vendor.34f22af….js:188873
_trySubscribe @ vendor.34f22af….js:89315
subscribe @ vendor.34f22af….js:89304
call @ vendor.34f22af….js:185206
subscribe @ vendor.34f22af….js:89299
s @ vendor.34f22af….js:239576
error @ vendor.34f22af….js:25216
notifyError @ vendor.34f22af….js:247301
_error @ vendor.34f22af….js:254957
error @ vendor.34f22af….js:28835
_next @ vendor.34f22af….js:163299
next @ vendor.34f22af….js:28832
next @ vendor.34f22af….js:50795
actionResponse @ vendor.34f22af….js:50605
msgReceiver @ vendor.34f22af….js:44366
_receive @ vendor.34f22af….js:44344
onWsEvent @ vendor.34f22af….js:44282
onWsEvent @ vendor.34f22af….js:44158
(anonymous) @ vendor.34f22af….js:44138
_ @ polyfills.01277dd….js:2469
invokeTask @ polyfills.01277dd….js:1824
onInvokeTask @ vendor.34f22af….js:227933
invokeTask @ polyfills.01277dd….js:1816
runTask @ polyfills.01277dd….js:1585
invokeTask @ polyfills.01277dd….js:1896
h @ polyfills.01277dd….js:2715
p @ polyfills.01277dd….js:2732
 Exception caught and thrown {}
 Exception caught and thrown {}
 [WARN] [entertainment.EntertainmentService]    [UI] entertainment.EntertainmentService#setupMainTarget$: TargetSubscription returned no target for type MAIN
console.<computed> @ (index):77
append @ main.17a1455….js:27518
(anonymous) @ main.17a1455….js:130386
prepareMessageAndLoopOverAppenders @ main.17a1455….js:130385
log2appenders @ main.17a1455….js:130369
warn @ main.17a1455….js:130315
(anonymous) @ main.17a1455….js:114010
_next @ vendor.34f22af….js:163297
next @ vendor.34f22af….js:28832
_next @ vendor.34f22af….js:163301
next @ vendor.34f22af….js:28832
_next @ vendor.34f22af….js:41542
next @ vendor.34f22af….js:28832
_next @ vendor.34f22af….js:28844
next @ vendor.34f22af….js:28832
_next @ vendor.34f22af….js:41542
next @ vendor.34f22af….js:28832
_next @ vendor.34f22af….js:28844
next @ vendor.34f22af….js:28832
next @ vendor.34f22af….js:141879
notifyNext @ vendor.34f22af….js:247298
_next @ vendor.34f22af….js:254948
next @ vendor.34f22af….js:28832
notifyNext @ vendor.34f22af….js:185249
_next @ vendor.34f22af….js:254948
next @ vendor.34f22af….js:28832
(anonymous) @ vendor.34f22af….js:188873
_trySubscribe @ vendor.34f22af….js:89315
subscribe @ vendor.34f22af….js:89304
s @ vendor.34f22af….js:239576
_innerSub @ vendor.34f22af….js:185238
_tryNext @ vendor.34f22af….js:185232
_next @ vendor.34f22af….js:185221
next @ vendor.34f22af….js:28832
(anonymous) @ vendor.34f22af….js:188873
_trySubscribe @ vendor.34f22af….js:89315
subscribe @ vendor.34f22af….js:89304
call @ vendor.34f22af….js:185206
subscribe @ vendor.34f22af….js:89299
s @ vendor.34f22af….js:239576
error @ vendor.34f22af….js:25216
notifyError @ vendor.34f22af….js:247301
_error @ vendor.34f22af….js:254957
error @ vendor.34f22af….js:28835
_next @ vendor.34f22af….js:163299
next @ vendor.34f22af….js:28832
next @ vendor.34f22af….js:50795
actionResponse @ vendor.34f22af….js:50605
msgReceiver @ vendor.34f22af….js:44366
_receive @ vendor.34f22af….js:44344
onWsEvent @ vendor.34f22af….js:44282
onWsEvent @ vendor.34f22af….js:44158
(anonymous) @ vendor.34f22af….js:44138
_ @ polyfills.01277dd….js:2469
invokeTask @ polyfills.01277dd….js:1824
onInvokeTask @ vendor.34f22af….js:227933
invokeTask @ polyfills.01277dd….js:1816
runTask @ polyfills.01277dd….js:1585
invokeTask @ polyfills.01277dd….js:1896
h @ polyfills.01277dd….js:2715
p @ polyfills.01277dd….js:2732
 Exception caught and thrown {}
 Exception caught and thrown {}
 [WARN] [entertainment.EntertainmentService]    [UI] entertainment.EntertainmentService#setupMainTarget$: TargetSubscription returned no target for type MAIN
console.<computed> @ (index):77
append @ main.17a1455….js:27518
(anonymous) @ main.17a1455….js:130386
prepareMessageAndLoopOverAppenders @ main.17a1455….js:130385
log2appenders @ main.17a1455….js:130369
warn @ main.17a1455….js:130315
(anonymous) @ main.17a1455….js:114010
_next @ vendor.34f22af….js:163297
next @ vendor.34f22af….js:28832
_next @ vendor.34f22af….js:163301
next @ vendor.34f22af….js:28832
_next @ vendor.34f22af….js:41542
next @ vendor.34f22af….js:28832
_next @ vendor.34f22af….js:28844
next @ vendor.34f22af….js:28832
_next @ vendor.34f22af….js:41542
next @ vendor.34f22af….js:28832
_next @ vendor.34f22af….js:28844
next @ vendor.34f22af….js:28832
next @ vendor.34f22af….js:141879
notifyNext @ vendor.34f22af….js:247298
_next @ vendor.34f22af….js:254948
next @ vendor.34f22af….js:28832
notifyNext @ vendor.34f22af….js:185249
_next @ vendor.34f22af….js:254948
next @ vendor.34f22af….js:28832
(anonymous) @ vendor.34f22af….js:188873
_trySubscribe @ vendor.34f22af….js:89315
subscribe @ vendor.34f22af….js:89304
s @ vendor.34f22af….js:239576
_innerSub @ vendor.34f22af….js:185238
_tryNext @ vendor.34f22af….js:185232
_next @ vendor.34f22af….js:185221
next @ vendor.34f22af….js:28832
(anonymous) @ vendor.34f22af….js:188873
_trySubscribe @ vendor.34f22af….js:89315
subscribe @ vendor.34f22af….js:89304
call @ vendor.34f22af….js:185206
subscribe @ vendor.34f22af….js:89299
s @ vendor.34f22af….js:239576
error @ vendor.34f22af….js:25216
notifyError @ vendor.34f22af….js:247301
_error @ vendor.34f22af….js:254957
error @ vendor.34f22af….js:28835
_next @ vendor.34f22af….js:163299
next @ vendor.34f22af….js:28832
next @ vendor.34f22af….js:50795
actionResponse @ vendor.34f22af….js:50605
msgReceiver @ vendor.34f22af….js:44366
_receive @ vendor.34f22af….js:44344
onWsEvent @ vendor.34f22af….js:44282
onWsEvent @ vendor.34f22af….js:44158
(anonymous) @ vendor.34f22af….js:44138
_ @ polyfills.01277dd….js:2469
invokeTask @ polyfills.01277dd….js:1824
onInvokeTask @ vendor.34f22af….js:227933
invokeTask @ polyfills.01277dd….js:1816
runTask @ polyfills.01277dd….js:1585
invokeTask @ polyfills.01277dd….js:1896
h @ polyfills.01277dd….js:2715
p @ polyfills.01277dd….js:2732
 Exception caught and thrown {}
 Exception caught and thrown {}
 [WARN] [entertainment.EntertainmentService]    [UI] entertainment.EntertainmentService#setupMainTarget$: TargetSubscription returned no target for type MAIN
console.<computed> @ (index):77
append @ main.17a1455….js:27518
(anonymous) @ main.17a1455….js:130386
prepareMessageAndLoopOverAppenders @ main.17a1455….js:130385
log2appenders @ main.17a1455….js:130369
warn @ main.17a1455….js:130315
(anonymous) @ main.17a1455….js:114010
_next @ vendor.34f22af….js:163297
next @ vendor.34f22af….js:28832
_next @ vendor.34f22af….js:163301
next @ vendor.34f22af….js:28832
_next @ vendor.34f22af….js:41542
next @ vendor.34f22af….js:28832
_next @ vendor.34f22af….js:28844
next @ vendor.34f22af….js:28832
_next @ vendor.34f22af….js:41542
next @ vendor.34f22af….js:28832
_next @ vendor.34f22af….js:28844
next @ vendor.34f22af….js:28832
next @ vendor.34f22af….js:141879
notifyNext @ vendor.34f22af….js:247298
_next @ vendor.34f22af….js:254948
next @ vendor.34f22af….js:28832
notifyNext @ vendor.34f22af….js:185249
_next @ vendor.34f22af….js:254948
next @ vendor.34f22af….js:28832
(anonymous) @ vendor.34f22af….js:188873
_trySubscribe @ vendor.34f22af….js:89315
subscribe @ vendor.34f22af….js:89304
s @ vendor.34f22af….js:239576
_innerSub @ vendor.34f22af….js:185238
_tryNext @ vendor.34f22af….js:185232
_next @ vendor.34f22af….js:185221
next @ vendor.34f22af….js:28832
(anonymous) @ vendor.34f22af….js:188873
_trySubscribe @ vendor.34f22af….js:89315
subscribe @ vendor.34f22af….js:89304
call @ vendor.34f22af….js:185206
subscribe @ vendor.34f22af….js:89299
s @ vendor.34f22af….js:239576
error @ vendor.34f22af….js:25216
notifyError @ vendor.34f22af….js:247301
_error @ vendor.34f22af….js:254957
error @ vendor.34f22af….js:28835
_next @ vendor.34f22af….js:163299
next @ vendor.34f22af….js:28832
next @ vendor.34f22af….js:50795
actionResponse @ vendor.34f22af….js:50605
msgReceiver @ vendor.34f22af….js:44366
_receive @ vendor.34f22af….js:44344
onWsEvent @ vendor.34f22af….js:44282
onWsEvent @ vendor.34f22af….js:44158
(anonymous) @ vendor.34f22af….js:44138
_ @ polyfills.01277dd….js:2469
invokeTask @ polyfills.01277dd….js:1824
onInvokeTask @ vendor.34f22af….js:227933
invokeTask @ polyfills.01277dd….js:1816
runTask @ polyfills.01277dd….js:1585
invokeTask @ polyfills.01277dd….js:1896
h @ polyfills.01277dd….js:2715
p @ polyfills.01277dd….js:2732
 Exception caught and thrown {}
 Exception caught and thrown {}
 [WARN] [entertainment.EntertainmentService]    [UI] entertainment.EntertainmentService#setupMainTarget$: TargetSubscription returned no target for type MAIN
console.<computed> @ (index):77
append @ main.17a1455….js:27518
(anonymous) @ main.17a1455….js:130386
prepareMessageAndLoopOverAppenders @ main.17a1455….js:130385
log2appenders @ main.17a1455….js:130369
warn @ main.17a1455….js:130315
(anonymous) @ main.17a1455….js:114010
_next @ vendor.34f22af….js:163297
next @ vendor.34f22af….js:28832
_next @ vendor.34f22af….js:163301
next @ vendor.34f22af….js:28832
_next @ vendor.34f22af….js:41542
next @ vendor.34f22af….js:28832
_next @ vendor.34f22af….js:28844
next @ vendor.34f22af….js:28832
_next @ vendor.34f22af….js:41542
next @ vendor.34f22af….js:28832
_next @ vendor.34f22af….js:28844
next @ vendor.34f22af….js:28832
next @ vendor.34f22af….js:141879
notifyNext @ vendor.34f22af….js:247298
_next @ vendor.34f22af….js:254948
next @ vendor.34f22af….js:28832
notifyNext @ vendor.34f22af….js:185249
_next @ vendor.34f22af….js:254948
next @ vendor.34f22af….js:28832
(anonymous) @ vendor.34f22af….js:188873
_trySubscribe @ vendor.34f22af….js:89315
subscribe @ vendor.34f22af….js:89304
s @ vendor.34f22af….js:239576
_innerSub @ vendor.34f22af….js:185238
_tryNext @ vendor.34f22af….js:185232
_next @ vendor.34f22af….js:185221
next @ vendor.34f22af….js:28832
(anonymous) @ vendor.34f22af….js:188873
_trySubscribe @ vendor.34f22af….js:89315
subscribe @ vendor.34f22af….js:89304
call @ vendor.34f22af….js:185206
subscribe @ vendor.34f22af….js:89299
s @ vendor.34f22af….js:239576
error @ vendor.34f22af….js:25216
notifyError @ vendor.34f22af….js:247301
_error @ vendor.34f22af….js:254957
error @ vendor.34f22af….js:28835
_next @ vendor.34f22af….js:163299
next @ vendor.34f22af….js:28832
next @ vendor.34f22af….js:50795
actionResponse @ vendor.34f22af….js:50605
msgReceiver @ vendor.34f22af….js:44366
_receive @ vendor.34f22af….js:44344
onWsEvent @ vendor.34f22af….js:44282
onWsEvent @ vendor.34f22af….js:44158
(anonymous) @ vendor.34f22af….js:44138
_ @ polyfills.01277dd….js:2469
invokeTask @ polyfills.01277dd….js:1824
onInvokeTask @ vendor.34f22af….js:227933
invokeTask @ polyfills.01277dd….js:1816
runTask @ polyfills.01277dd….js:1585
invokeTask @ polyfills.01277dd….js:1896
h @ polyfills.01277dd….js:2715
p @ polyfills.01277dd….js:2732
 Exception caught and thrown {}
 Exception caught and thrown {}
 [WARN] [entertainment.EntertainmentService]    [UI] entertainment.EntertainmentService#setupMainTarget$: TargetSubscription returned no target for type MAIN
console.<computed> @ (index):77
append @ main.17a1455….js:27518
(anonymous) @ main.17a1455….js:130386
prepareMessageAndLoopOverAppenders @ main.17a1455….js:130385
log2appenders @ main.17a1455….js:130369
warn @ main.17a1455….js:130315
(anonymous) @ main.17a1455….js:114010
_next @ vendor.34f22af….js:163297
next @ vendor.34f22af….js:28832
_next @ vendor.34f22af….js:163301
next @ vendor.34f22af….js:28832
_next @ vendor.34f22af….js:41542
next @ vendor.34f22af….js:28832
_next @ vendor.34f22af….js:28844
next @ vendor.34f22af….js:28832
_next @ vendor.34f22af….js:41542
next @ vendor.34f22af….js:28832
_next @ vendor.34f22af….js:28844
next @ vendor.34f22af….js:28832
next @ vendor.34f22af….js:141879
notifyNext @ vendor.34f22af….js:247298
_next @ vendor.34f22af….js:254948
next @ vendor.34f22af….js:28832
notifyNext @ vendor.34f22af….js:185249
_next @ vendor.34f22af….js:254948
next @ vendor.34f22af….js:28832
(anonymous) @ vendor.34f22af….js:188873
_trySubscribe @ vendor.34f22af….js:89315
subscribe @ vendor.34f22af….js:89304
s @ vendor.34f22af….js:239576
_innerSub @ vendor.34f22af….js:185238
_tryNext @ vendor.34f22af….js:185232
_next @ vendor.34f22af….js:185221
next @ vendor.34f22af….js:28832
(anonymous) @ vendor.34f22af….js:188873
_trySubscribe @ vendor.34f22af….js:89315
subscribe @ vendor.34f22af….js:89304
call @ vendor.34f22af….js:185206
subscribe @ vendor.34f22af….js:89299
s @ vendor.34f22af….js:239576
error @ vendor.34f22af….js:25216
notifyError @ vendor.34f22af….js:247301
_error @ vendor.34f22af….js:254957
error @ vendor.34f22af….js:28835
_next @ vendor.34f22af….js:163299
next @ vendor.34f22af….js:28832
next @ vendor.34f22af….js:50795
actionResponse @ vendor.34f22af….js:50605
msgReceiver @ vendor.34f22af….js:44366
_receive @ vendor.34f22af….js:44344
onWsEvent @ vendor.34f22af….js:44282
onWsEvent @ vendor.34f22af….js:44158
(anonymous) @ vendor.34f22af….js:44138
_ @ polyfills.01277dd….js:2469
invokeTask @ polyfills.01277dd….js:1824
onInvokeTask @ vendor.34f22af….js:227933
invokeTask @ polyfills.01277dd….js:1816
runTask @ polyfills.01277dd….js:1585
invokeTask @ polyfills.01277dd….js:1896
h @ polyfills.01277dd….js:2715
p @ polyfills.01277dd….js:2732
 Exception caught and thrown {}
 Exception caught and thrown {}
 [WARN] [entertainment.EntertainmentService]    [UI] entertainment.EntertainmentService#setupMainTarget$: TargetSubscription returned no target for type MAIN
console.<computed> @ (index):77
append @ main.17a1455….js:27518
(anonymous) @ main.17a1455….js:130386
prepareMessageAndLoopOverAppenders @ main.17a1455….js:130385
log2appenders @ main.17a1455….js:130369
warn @ main.17a1455….js:130315
(anonymous) @ main.17a1455….js:114010
_next @ vendor.34f22af….js:163297
next @ vendor.34f22af….js:28832
_next @ vendor.34f22af….js:163301
next @ vendor.34f22af….js:28832
_next @ vendor.34f22af….js:41542
next @ vendor.34f22af….js:28832
_next @ vendor.34f22af….js:28844
next @ vendor.34f22af….js:28832
_next @ vendor.34f22af….js:41542
next @ vendor.34f22af….js:28832
_next @ vendor.34f22af….js:28844
next @ vendor.34f22af….js:28832
next @ vendor.34f22af….js:141879
notifyNext @ vendor.34f22af….js:247298
_next @ vendor.34f22af….js:254948
next @ vendor.34f22af….js:28832
notifyNext @ vendor.34f22af….js:185249
_next @ vendor.34f22af….js:254948
next @ vendor.34f22af….js:28832
(anonymous) @ vendor.34f22af….js:188873
_trySubscribe @ vendor.34f22af….js:89315
subscribe @ vendor.34f22af….js:89304
s @ vendor.34f22af….js:239576
_innerSub @ vendor.34f22af….js:185238
_tryNext @ vendor.34f22af….js:185232
_next @ vendor.34f22af….js:185221
next @ vendor.34f22af….js:28832
(anonymous) @ vendor.34f22af….js:188873
_trySubscribe @ vendor.34f22af….js:89315
subscribe @ vendor.34f22af….js:89304
call @ vendor.34f22af….js:185206
subscribe @ vendor.34f22af….js:89299
s @ vendor.34f22af….js:239576
error @ vendor.34f22af….js:25216
notifyError @ vendor.34f22af….js:247301
_error @ vendor.34f22af….js:254957
error @ vendor.34f22af….js:28835
_next @ vendor.34f22af….js:163299
next @ vendor.34f22af….js:28832
next @ vendor.34f22af….js:50795
actionResponse @ vendor.34f22af….js:50605
msgReceiver @ vendor.34f22af….js:44366
_receive @ vendor.34f22af….js:44344
onWsEvent @ vendor.34f22af….js:44282
onWsEvent @ vendor.34f22af….js:44158
(anonymous) @ vendor.34f22af….js:44138
_ @ polyfills.01277dd….js:2469
invokeTask @ polyfills.01277dd….js:1824
onInvokeTask @ vendor.34f22af….js:227933
invokeTask @ polyfills.01277dd….js:1816
runTask @ polyfills.01277dd….js:1585
invokeTask @ polyfills.01277dd….js:1896
h @ polyfills.01277dd….js:2715
p @ polyfills.01277dd….js:2732
 Exception caught and thrown {}
 Exception caught and thrown {}
 [WARN] [entertainment.EntertainmentService]    [UI] entertainment.EntertainmentService#setupMainTarget$: TargetSubscription returned no target for type MAIN
console.<computed> @ (index):77
append @ main.17a1455….js:27518
(anonymous) @ main.17a1455….js:130386
prepareMessageAndLoopOverAppenders @ main.17a1455….js:130385
log2appenders @ main.17a1455….js:130369
warn @ main.17a1455….js:130315
(anonymous) @ main.17a1455….js:114010
_next @ vendor.34f22af….js:163297
next @ vendor.34f22af….js:28832
_next @ vendor.34f22af….js:163301
next @ vendor.34f22af….js:28832
_next @ vendor.34f22af….js:41542
next @ vendor.34f22af….js:28832
_next @ vendor.34f22af….js:28844
next @ vendor.34f22af….js:28832
_next @ vendor.34f22af….js:41542
next @ vendor.34f22af….js:28832
_next @ vendor.34f22af….js:28844
next @ vendor.34f22af….js:28832
next @ vendor.34f22af….js:141879
notifyNext @ vendor.34f22af….js:247298
_next @ vendor.34f22af….js:254948
next @ vendor.34f22af….js:28832
notifyNext @ vendor.34f22af….js:185249
_next @ vendor.34f22af….js:254948
next @ vendor.34f22af….js:28832
(anonymous) @ vendor.34f22af….js:188873
_trySubscribe @ vendor.34f22af….js:89315
subscribe @ vendor.34f22af….js:89304
s @ vendor.34f22af….js:239576
_innerSub @ vendor.34f22af….js:185238
_tryNext @ vendor.34f22af….js:185232
_next @ vendor.34f22af….js:185221
next @ vendor.34f22af….js:28832
(anonymous) @ vendor.34f22af….js:188873
_trySubscribe @ vendor.34f22af….js:89315
subscribe @ vendor.34f22af….js:89304
call @ vendor.34f22af….js:185206
subscribe @ vendor.34f22af….js:89299
s @ vendor.34f22af….js:239576
error @ vendor.34f22af….js:25216
notifyError @ vendor.34f22af….js:247301
_error @ vendor.34f22af….js:254957
error @ vendor.34f22af….js:28835
_next @ vendor.34f22af….js:163299
next @ vendor.34f22af….js:28832
next @ vendor.34f22af….js:50795
actionResponse @ vendor.34f22af….js:50605
msgReceiver @ vendor.34f22af….js:44366
_receive @ vendor.34f22af….js:44344
onWsEvent @ vendor.34f22af….js:44282
onWsEvent @ vendor.34f22af….js:44158
(anonymous) @ vendor.34f22af….js:44138
_ @ polyfills.01277dd….js:2469
invokeTask @ polyfills.01277dd….js:1824
onInvokeTask @ vendor.34f22af….js:227933
invokeTask @ polyfills.01277dd….js:1816
runTask @ polyfills.01277dd….js:1585
invokeTask @ polyfills.01277dd….js:1896
h @ polyfills.01277dd….js:2715
p @ polyfills.01277dd….js:2732
 Exception caught and thrown {}
 Exception caught and thrown {}
 [WARN] [entertainment.EntertainmentService]    [UI] entertainment.EntertainmentService#setupMainTarget$: TargetSubscription returned no target for type MAIN
console.<computed> @ (index):77
append @ main.17a1455….js:27518
(anonymous) @ main.17a1455….js:130386
prepareMessageAndLoopOverAppenders @ main.17a1455….js:130385
log2appenders @ main.17a1455….js:130369
warn @ main.17a1455….js:130315
(anonymous) @ main.17a1455….js:114010
_next @ vendor.34f22af….js:163297
next @ vendor.34f22af….js:28832
_next @ vendor.34f22af….js:163301
next @ vendor.34f22af….js:28832
_next @ vendor.34f22af….js:41542
next @ vendor.34f22af….js:28832
_next @ vendor.34f22af….js:28844
next @ vendor.34f22af….js:28832
_next @ vendor.34f22af….js:41542
next @ vendor.34f22af….js:28832
_next @ vendor.34f22af….js:28844
next @ vendor.34f22af….js:28832
next @ vendor.34f22af….js:141879
notifyNext @ vendor.34f22af….js:247298
_next @ vendor.34f22af….js:254948
next @ vendor.34f22af….js:28832
notifyNext @ vendor.34f22af….js:185249
_next @ vendor.34f22af….js:254948
next @ vendor.34f22af….js:28832
(anonymous) @ vendor.34f22af….js:188873
_trySubscribe @ vendor.34f22af….js:89315
subscribe @ vendor.34f22af….js:89304
s @ vendor.34f22af….js:239576
_innerSub @ vendor.34f22af….js:185238
_tryNext @ vendor.34f22af….js:185232
_next @ vendor.34f22af….js:185221
next @ vendor.34f22af….js:28832
(anonymous) @ vendor.34f22af….js:188873
_trySubscribe @ vendor.34f22af….js:89315
subscribe @ vendor.34f22af….js:89304
call @ vendor.34f22af….js:185206
subscribe @ vendor.34f22af….js:89299
s @ vendor.34f22af….js:239576
error @ vendor.34f22af….js:25216
notifyError @ vendor.34f22af….js:247301
_error @ vendor.34f22af….js:254957
error @ vendor.34f22af….js:28835
_next @ vendor.34f22af….js:163299
next @ vendor.34f22af….js:28832
next @ vendor.34f22af….js:50795
actionResponse @ vendor.34f22af….js:50605
msgReceiver @ vendor.34f22af….js:44366
_receive @ vendor.34f22af….js:44344
onWsEvent @ vendor.34f22af….js:44282
onWsEvent @ vendor.34f22af….js:44158
(anonymous) @ vendor.34f22af….js:44138
_ @ polyfills.01277dd….js:2469
invokeTask @ polyfills.01277dd….js:1824
onInvokeTask @ vendor.34f22af….js:227933
invokeTask @ polyfills.01277dd….js:1816
runTask @ polyfills.01277dd….js:1585
invokeTask @ polyfills.01277dd….js:1896
h @ polyfills.01277dd….js:2715
p @ polyfills.01277dd….js:2732
 Exception caught and thrown {}
 Exception caught and thrown {}
 [WARN] [entertainment.EntertainmentService]    [UI] entertainment.EntertainmentService#setupMainTarget$: TargetSubscription returned no target for type MAIN
console.<computed> @ (index):77
append @ main.17a1455….js:27518
(anonymous) @ main.17a1455….js:130386
prepareMessageAndLoopOverAppenders @ main.17a1455….js:130385
log2appenders @ main.17a1455….js:130369
warn @ main.17a1455….js:130315
(anonymous) @ main.17a1455….js:114010
_next @ vendor.34f22af….js:163297
next @ vendor.34f22af….js:28832
_next @ vendor.34f22af….js:163301
next @ vendor.34f22af….js:28832
_next @ vendor.34f22af….js:41542
next @ vendor.34f22af….js:28832
_next @ vendor.34f22af….js:28844
next @ vendor.34f22af….js:28832
_next @ vendor.34f22af….js:41542
next @ vendor.34f22af….js:28832
_next @ vendor.34f22af….js:28844
next @ vendor.34f22af….js:28832
next @ vendor.34f22af….js:141879
notifyNext @ vendor.34f22af….js:247298
_next @ vendor.34f22af….js:254948
next @ vendor.34f22af….js:28832
notifyNext @ vendor.34f22af….js:185249
_next @ vendor.34f22af….js:254948
next @ vendor.34f22af….js:28832
(anonymous) @ vendor.34f22af….js:188873
_trySubscribe @ vendor.34f22af….js:89315
subscribe @ vendor.34f22af….js:89304
s @ vendor.34f22af….js:239576
_innerSub @ vendor.34f22af….js:185238
_tryNext @ vendor.34f22af….js:185232
_next @ vendor.34f22af….js:185221
next @ vendor.34f22af….js:28832
(anonymous) @ vendor.34f22af….js:188873
_trySubscribe @ vendor.34f22af….js:89315
subscribe @ vendor.34f22af….js:89304
call @ vendor.34f22af….js:185206
subscribe @ vendor.34f22af….js:89299
s @ vendor.34f22af….js:239576
error @ vendor.34f22af….js:25216
notifyError @ vendor.34f22af….js:247301
_error @ vendor.34f22af….js:254957
error @ vendor.34f22af….js:28835
_next @ vendor.34f22af….js:163299
next @ vendor.34f22af….js:28832
next @ vendor.34f22af….js:50795
actionResponse @ vendor.34f22af….js:50605
msgReceiver @ vendor.34f22af….js:44366
_receive @ vendor.34f22af….js:44344
onWsEvent @ vendor.34f22af….js:44282
onWsEvent @ vendor.34f22af….js:44158
(anonymous) @ vendor.34f22af….js:44138
_ @ polyfills.01277dd….js:2469
invokeTask @ polyfills.01277dd….js:1824
onInvokeTask @ vendor.34f22af….js:227933
invokeTask @ polyfills.01277dd….js:1816
runTask @ polyfills.01277dd….js:1585
invokeTask @ polyfills.01277dd….js:1896
h @ polyfills.01277dd….js:2715
p @ polyfills.01277dd….js:2732
 Exception caught and thrown {}
 Exception caught and thrown {}
 [WARN] [entertainment.EntertainmentService]    [UI] entertainment.EntertainmentService#setupMainTarget$: TargetSubscription returned no target for type MAIN
console.<computed> @ (index):77
append @ main.17a1455….js:27518
(anonymous) @ main.17a1455….js:130386
prepareMessageAndLoopOverAppenders @ main.17a1455….js:130385
log2appenders @ main.17a1455….js:130369
warn @ main.17a1455….js:130315
(anonymous) @ main.17a1455….js:114010
_next @ vendor.34f22af….js:163297
next @ vendor.34f22af….js:28832
_next @ vendor.34f22af….js:163301
next @ vendor.34f22af….js:28832
_next @ vendor.34f22af….js:41542
next @ vendor.34f22af….js:28832
_next @ vendor.34f22af….js:28844
next @ vendor.34f22af….js:28832
_next @ vendor.34f22af….js:41542
next @ vendor.34f22af….js:28832
_next @ vendor.34f22af….js:28844
next @ vendor.34f22af….js:28832
next @ vendor.34f22af….js:141879
notifyNext @ vendor.34f22af….js:247298
_next @ vendor.34f22af….js:254948
next @ vendor.34f22af….js:28832
notifyNext @ vendor.34f22af….js:185249
_next @ vendor.34f22af….js:254948
next @ vendor.34f22af….js:28832
(anonymous) @ vendor.34f22af….js:188873
_trySubscribe @ vendor.34f22af….js:89315
subscribe @ vendor.34f22af….js:89304
s @ vendor.34f22af….js:239576
_innerSub @ vendor.34f22af….js:185238
_tryNext @ vendor.34f22af….js:185232
_next @ vendor.34f22af….js:185221
next @ vendor.34f22af….js:28832
(anonymous) @ vendor.34f22af….js:188873
_trySubscribe @ vendor.34f22af….js:89315
subscribe @ vendor.34f22af….js:89304
call @ vendor.34f22af….js:185206
subscribe @ vendor.34f22af….js:89299
s @ vendor.34f22af….js:239576
error @ vendor.34f22af….js:25216
notifyError @ vendor.34f22af….js:247301
_error @ vendor.34f22af….js:254957
error @ vendor.34f22af….js:28835
_next @ vendor.34f22af….js:163299
next @ vendor.34f22af….js:28832
next @ vendor.34f22af….js:50795
actionResponse @ vendor.34f22af….js:50605
msgReceiver @ vendor.34f22af….js:44366
_receive @ vendor.34f22af….js:44344
onWsEvent @ vendor.34f22af….js:44282
onWsEvent @ vendor.34f22af….js:44158
(anonymous) @ vendor.34f22af….js:44138
_ @ polyfills.01277dd….js:2469
invokeTask @ polyfills.01277dd….js:1824
onInvokeTask @ vendor.34f22af….js:227933
invokeTask @ polyfills.01277dd….js:1816
runTask @ polyfills.01277dd….js:1585
invokeTask @ polyfills.01277dd….js:1896
h @ polyfills.01277dd….js:2715
p @ polyfills.01277dd….js:2732
 Exception caught and thrown {}
 Exception caught and thrown {}
 [WARN] [entertainment.EntertainmentService]    [UI] entertainment.EntertainmentService#setupMainTarget$: TargetSubscription returned no target for type MAIN
console.<computed> @ (index):77
append @ main.17a1455….js:27518
(anonymous) @ main.17a1455….js:130386
prepareMessageAndLoopOverAppenders @ main.17a1455….js:130385
log2appenders @ main.17a1455….js:130369
warn @ main.17a1455….js:130315
(anonymous) @ main.17a1455….js:114010
_next @ vendor.34f22af….js:163297
next @ vendor.34f22af….js:28832
_next @ vendor.34f22af….js:163301
next @ vendor.34f22af….js:28832
_next @ vendor.34f22af….js:41542
next @ vendor.34f22af….js:28832
_next @ vendor.34f22af….js:28844
next @ vendor.34f22af….js:28832
_next @ vendor.34f22af….js:41542
next @ vendor.34f22af….js:28832
_next @ vendor.34f22af….js:28844
next @ vendor.34f22af….js:28832
next @ vendor.34f22af….js:141879
notifyNext @ vendor.34f22af….js:247298
_next @ vendor.34f22af….js:254948
next @ vendor.34f22af….js:28832
notifyNext @ vendor.34f22af….js:185249
_next @ vendor.34f22af….js:254948
next @ vendor.34f22af….js:28832
(anonymous) @ vendor.34f22af….js:188873
_trySubscribe @ vendor.34f22af….js:89315
subscribe @ vendor.34f22af….js:89304
s @ vendor.34f22af….js:239576
_innerSub @ vendor.34f22af….js:185238
_tryNext @ vendor.34f22af….js:185232
_next @ vendor.34f22af….js:185221
next @ vendor.34f22af….js:28832
(anonymous) @ vendor.34f22af….js:188873
_trySubscribe @ vendor.34f22af….js:89315
subscribe @ vendor.34f22af….js:89304
call @ vendor.34f22af….js:185206
subscribe @ vendor.34f22af….js:89299
s @ vendor.34f22af….js:239576
error @ vendor.34f22af….js:25216
notifyError @ vendor.34f22af….js:247301
_error @ vendor.34f22af….js:254957
error @ vendor.34f22af….js:28835
_next @ vendor.34f22af….js:163299
next @ vendor.34f22af….js:28832
next @ vendor.34f22af….js:50795
actionResponse @ vendor.34f22af….js:50605
msgReceiver @ vendor.34f22af….js:44366
_receive @ vendor.34f22af….js:44344
onWsEvent @ vendor.34f22af….js:44282
onWsEvent @ vendor.34f22af….js:44158
(anonymous) @ vendor.34f22af….js:44138
_ @ polyfills.01277dd….js:2469
invokeTask @ polyfills.01277dd….js:1824
onInvokeTask @ vendor.34f22af….js:227933
invokeTask @ polyfills.01277dd….js:1816
runTask @ polyfills.01277dd….js:1585
invokeTask @ polyfills.01277dd….js:1896
h @ polyfills.01277dd….js:2715
p @ polyfills.01277dd….js:2732
 Exception caught and thrown {}
 Exception caught and thrown {}
 [WARN] [entertainment.EntertainmentService]    [UI] entertainment.EntertainmentService#setupMainTarget$: TargetSubscription returned no target for type MAIN
console.<computed> @ (index):77
append @ main.17a1455….js:27518
(anonymous) @ main.17a1455….js:130386
prepareMessageAndLoopOverAppenders @ main.17a1455….js:130385
log2appenders @ main.17a1455….js:130369
warn @ main.17a1455….js:130315
(anonymous) @ main.17a1455….js:114010
_next @ vendor.34f22af….js:163297
next @ vendor.34f22af….js:28832
_next @ vendor.34f22af….js:163301
next @ vendor.34f22af….js:28832
_next @ vendor.34f22af….js:41542
next @ vendor.34f22af….js:28832
_next @ vendor.34f22af….js:28844
next @ vendor.34f22af….js:28832
_next @ vendor.34f22af….js:41542
next @ vendor.34f22af….js:28832
_next @ vendor.34f22af….js:28844
next @ vendor.34f22af….js:28832
next @ vendor.34f22af….js:141879
notifyNext @ vendor.34f22af….js:247298
_next @ vendor.34f22af….js:254948
next @ vendor.34f22af….js:28832
notifyNext @ vendor.34f22af….js:185249
_next @ vendor.34f22af….js:254948
next @ vendor.34f22af….js:28832
(anonymous) @ vendor.34f22af….js:188873
_trySubscribe @ vendor.34f22af….js:89315
subscribe @ vendor.34f22af….js:89304
s @ vendor.34f22af….js:239576
_innerSub @ vendor.34f22af….js:185238
_tryNext @ vendor.34f22af….js:185232
_next @ vendor.34f22af….js:185221
next @ vendor.34f22af….js:28832
(anonymous) @ vendor.34f22af….js:188873
_trySubscribe @ vendor.34f22af….js:89315
subscribe @ vendor.34f22af….js:89304
call @ vendor.34f22af….js:185206
subscribe @ vendor.34f22af….js:89299
s @ vendor.34f22af….js:239576
error @ vendor.34f22af….js:25216
notifyError @ vendor.34f22af….js:247301
_error @ vendor.34f22af….js:254957
error @ vendor.34f22af….js:28835
_next @ vendor.34f22af….js:163299
next @ vendor.34f22af….js:28832
next @ vendor.34f22af….js:50795
actionResponse @ vendor.34f22af….js:50605
msgReceiver @ vendor.34f22af….js:44366
_receive @ vendor.34f22af….js:44344
onWsEvent @ vendor.34f22af….js:44282
onWsEvent @ vendor.34f22af….js:44158
(anonymous) @ vendor.34f22af….js:44138
_ @ polyfills.01277dd….js:2469
invokeTask @ polyfills.01277dd….js:1824
onInvokeTask @ vendor.34f22af….js:227933
invokeTask @ polyfills.01277dd….js:1816
runTask @ polyfills.01277dd….js:1585
invokeTask @ polyfills.01277dd….js:1896
h @ polyfills.01277dd….js:2715
p @ polyfills.01277dd….js:2732
 Exception caught and thrown {}
 Exception caught and thrown {}
 [WARN] [entertainment.EntertainmentService]    [UI] entertainment.EntertainmentService#setupMainTarget$: TargetSubscription returned no target for type MAIN
console.<computed> @ (index):77
append @ main.17a1455….js:27518
(anonymous) @ main.17a1455….js:130386
prepareMessageAndLoopOverAppenders @ main.17a1455….js:130385
log2appenders @ main.17a1455….js:130369
warn @ main.17a1455….js:130315
(anonymous) @ main.17a1455….js:114010
_next @ vendor.34f22af….js:163297
next @ vendor.34f22af….js:28832
_next @ vendor.34f22af….js:163301
next @ vendor.34f22af….js:28832
_next @ vendor.34f22af….js:41542
next @ vendor.34f22af….js:28832
_next @ vendor.34f22af….js:28844
next @ vendor.34f22af….js:28832
_next @ vendor.34f22af….js:41542
next @ vendor.34f22af….js:28832
_next @ vendor.34f22af….js:28844
next @ vendor.34f22af….js:28832
next @ vendor.34f22af….js:141879
notifyNext @ vendor.34f22af….js:247298
_next @ vendor.34f22af….js:254948
next @ vendor.34f22af….js:28832
notifyNext @ vendor.34f22af….js:185249
_next @ vendor.34f22af….js:254948
next @ vendor.34f22af….js:28832
(anonymous) @ vendor.34f22af….js:188873
_trySubscribe @ vendor.34f22af….js:89315
subscribe @ vendor.34f22af….js:89304
s @ vendor.34f22af….js:239576
_innerSub @ vendor.34f22af….js:185238
_tryNext @ vendor.34f22af….js:185232
_next @ vendor.34f22af….js:185221
next @ vendor.34f22af….js:28832
(anonymous) @ vendor.34f22af….js:188873
_trySubscribe @ vendor.34f22af….js:89315
subscribe @ vendor.34f22af….js:89304
call @ vendor.34f22af….js:185206
subscribe @ vendor.34f22af….js:89299
s @ vendor.34f22af….js:239576
error @ vendor.34f22af….js:25216
notifyError @ vendor.34f22af….js:247301
_error @ vendor.34f22af….js:254957
error @ vendor.34f22af….js:28835
_next @ vendor.34f22af….js:163299
next @ vendor.34f22af….js:28832
next @ vendor.34f22af….js:50795
actionResponse @ vendor.34f22af….js:50605
msgReceiver @ vendor.34f22af….js:44366
_receive @ vendor.34f22af….js:44344
onWsEvent @ vendor.34f22af….js:44282
onWsEvent @ vendor.34f22af….js:44158
(anonymous) @ vendor.34f22af….js:44138
_ @ polyfills.01277dd….js:2469
invokeTask @ polyfills.01277dd….js:1824
onInvokeTask @ vendor.34f22af….js:227933
invokeTask @ polyfills.01277dd….js:1816
runTask @ polyfills.01277dd….js:1585
invokeTask @ polyfills.01277dd….js:1896
h @ polyfills.01277dd….js:2715
p @ polyfills.01277dd….js:2732
 Exception caught and thrown {}
 Exception caught and thrown {}
 [WARN] [entertainment.EntertainmentService]    [UI] entertainment.EntertainmentService#setupMainTarget$: TargetSubscription returned no target for type MAIN
console.<computed> @ (index):77
append @ main.17a1455….js:27518
(anonymous) @ main.17a1455….js:130386
prepareMessageAndLoopOverAppenders @ main.17a1455….js:130385
log2appenders @ main.17a1455….js:130369
warn @ main.17a1455….js:130315
(anonymous) @ main.17a1455….js:114010
_next @ vendor.34f22af….js:163297
next @ vendor.34f22af….js:28832
_next @ vendor.34f22af….js:163301
next @ vendor.34f22af….js:28832
_next @ vendor.34f22af….js:41542
next @ vendor.34f22af….js:28832
_next @ vendor.34f22af….js:28844
next @ vendor.34f22af….js:28832
_next @ vendor.34f22af….js:41542
next @ vendor.34f22af….js:28832
_next @ vendor.34f22af….js:28844
next @ vendor.34f22af….js:28832
next @ vendor.34f22af….js:141879
notifyNext @ vendor.34f22af….js:247298
_next @ vendor.34f22af….js:254948
next @ vendor.34f22af….js:28832
notifyNext @ vendor.34f22af….js:185249
_next @ vendor.34f22af….js:254948
next @ vendor.34f22af….js:28832
(anonymous) @ vendor.34f22af….js:188873
_trySubscribe @ vendor.34f22af….js:89315
subscribe @ vendor.34f22af….js:89304
s @ vendor.34f22af….js:239576
_innerSub @ vendor.34f22af….js:185238
_tryNext @ vendor.34f22af….js:185232
_next @ vendor.34f22af….js:185221
next @ vendor.34f22af….js:28832
(anonymous) @ vendor.34f22af….js:188873
_trySubscribe @ vendor.34f22af….js:89315
subscribe @ vendor.34f22af….js:89304
call @ vendor.34f22af….js:185206
subscribe @ vendor.34f22af….js:89299
s @ vendor.34f22af….js:239576
error @ vendor.34f22af….js:25216
notifyError @ vendor.34f22af….js:247301
_error @ vendor.34f22af….js:254957
error @ vendor.34f22af….js:28835
_next @ vendor.34f22af….js:163299
next @ vendor.34f22af….js:28832
next @ vendor.34f22af….js:50795
actionResponse @ vendor.34f22af….js:50605
msgReceiver @ vendor.34f22af….js:44366
_receive @ vendor.34f22af….js:44344
onWsEvent @ vendor.34f22af….js:44282
onWsEvent @ vendor.34f22af….js:44158
(anonymous) @ vendor.34f22af….js:44138
_ @ polyfills.01277dd….js:2469
invokeTask @ polyfills.01277dd….js:1824
onInvokeTask @ vendor.34f22af….js:227933
invokeTask @ polyfills.01277dd….js:1816
runTask @ polyfills.01277dd….js:1585
invokeTask @ polyfills.01277dd….js:1896
h @ polyfills.01277dd….js:2715
p @ polyfills.01277dd….js:2732
 Exception caught and thrown {}
 Exception caught and thrown {}
 [WARN] [entertainment.EntertainmentService]    [UI] entertainment.EntertainmentService#setupMainTarget$: TargetSubscription returned no target for type MAIN
console.<computed> @ (index):77
append @ main.17a1455….js:27518
(anonymous) @ main.17a1455….js:130386
prepareMessageAndLoopOverAppenders @ main.17a1455….js:130385
log2appenders @ main.17a1455….js:130369
warn @ main.17a1455….js:130315
(anonymous) @ main.17a1455….js:114010
_next @ vendor.34f22af….js:163297
next @ vendor.34f22af….js:28832
_next @ vendor.34f22af….js:163301
next @ vendor.34f22af….js:28832
_next @ vendor.34f22af….js:41542
next @ vendor.34f22af….js:28832
_next @ vendor.34f22af….js:28844
next @ vendor.34f22af….js:28832
_next @ vendor.34f22af….js:41542
next @ vendor.34f22af….js:28832
_next @ vendor.34f22af….js:28844
next @ vendor.34f22af….js:28832
next @ vendor.34f22af….js:141879
notifyNext @ vendor.34f22af….js:247298
_next @ vendor.34f22af….js:254948
next @ vendor.34f22af….js:28832
notifyNext @ vendor.34f22af….js:185249
_next @ vendor.34f22af….js:254948
next @ vendor.34f22af….js:28832
(anonymous) @ vendor.34f22af….js:188873
_trySubscribe @ vendor.34f22af….js:89315
subscribe @ vendor.34f22af….js:89304
s @ vendor.34f22af….js:239576
_innerSub @ vendor.34f22af….js:185238
_tryNext @ vendor.34f22af….js:185232
_next @ vendor.34f22af….js:185221
next @ vendor.34f22af….js:28832
(anonymous) @ vendor.34f22af….js:188873
_trySubscribe @ vendor.34f22af….js:89315
subscribe @ vendor.34f22af….js:89304
call @ vendor.34f22af….js:185206
subscribe @ vendor.34f22af….js:89299
s @ vendor.34f22af….js:239576
error @ vendor.34f22af….js:25216
notifyError @ vendor.34f22af….js:247301
_error @ vendor.34f22af….js:254957
error @ vendor.34f22af….js:28835
_next @ vendor.34f22af….js:163299
next @ vendor.34f22af….js:28832
next @ vendor.34f22af….js:50795
actionResponse @ vendor.34f22af….js:50605
msgReceiver @ vendor.34f22af….js:44366
_receive @ vendor.34f22af….js:44344
onWsEvent @ vendor.34f22af….js:44282
onWsEvent @ vendor.34f22af….js:44158
(anonymous) @ vendor.34f22af….js:44138
_ @ polyfills.01277dd….js:2469
invokeTask @ polyfills.01277dd….js:1824
onInvokeTask @ vendor.34f22af….js:227933
invokeTask @ polyfills.01277dd….js:1816
runTask @ polyfills.01277dd….js:1585
invokeTask @ polyfills.01277dd….js:1896
h @ polyfills.01277dd….js:2715
p @ polyfills.01277dd….js:2732
 Exception caught and thrown {}
 Exception caught and thrown {}
 [WARN] [entertainment.EntertainmentService]    [UI] entertainment.EntertainmentService#setupMainTarget$: TargetSubscription returned no target for type MAIN
console.<computed> @ (index):77
append @ main.17a1455….js:27518
(anonymous) @ main.17a1455….js:130386
prepareMessageAndLoopOverAppenders @ main.17a1455….js:130385
log2appenders @ main.17a1455….js:130369
warn @ main.17a1455….js:130315
(anonymous) @ main.17a1455….js:114010
_next @ vendor.34f22af….js:163297
next @ vendor.34f22af….js:28832
_next @ vendor.34f22af….js:163301
next @ vendor.34f22af….js:28832
_next @ vendor.34f22af….js:41542
next @ vendor.34f22af….js:28832
_next @ vendor.34f22af….js:28844
next @ vendor.34f22af….js:28832
_next @ vendor.34f22af….js:41542
next @ vendor.34f22af….js:28832
_next @ vendor.34f22af….js:28844
next @ vendor.34f22af….js:28832
next @ vendor.34f22af….js:141879
notifyNext @ vendor.34f22af….js:247298
_next @ vendor.34f22af….js:254948
next @ vendor.34f22af….js:28832
notifyNext @ vendor.34f22af….js:185249
_next @ vendor.34f22af….js:254948
next @ vendor.34f22af….js:28832
(anonymous) @ vendor.34f22af….js:188873
_trySubscribe @ vendor.34f22af….js:89315
subscribe @ vendor.34f22af….js:89304
s @ vendor.34f22af….js:239576
_innerSub @ vendor.34f22af….js:185238
_tryNext @ vendor.34f22af….js:185232
_next @ vendor.34f22af….js:185221
next @ vendor.34f22af….js:28832
(anonymous) @ vendor.34f22af….js:188873
_trySubscribe @ vendor.34f22af….js:89315
subscribe @ vendor.34f22af….js:89304
call @ vendor.34f22af….js:185206
subscribe @ vendor.34f22af….js:89299
s @ vendor.34f22af….js:239576
error @ vendor.34f22af….js:25216
notifyError @ vendor.34f22af….js:247301
_error @ vendor.34f22af….js:254957
error @ vendor.34f22af….js:28835
_next @ vendor.34f22af….js:163299
next @ vendor.34f22af….js:28832
next @ vendor.34f22af….js:50795
actionResponse @ vendor.34f22af….js:50605
msgReceiver @ vendor.34f22af….js:44366
_receive @ vendor.34f22af….js:44344
onWsEvent @ vendor.34f22af….js:44282
onWsEvent @ vendor.34f22af….js:44158
(anonymous) @ vendor.34f22af….js:44138
_ @ polyfills.01277dd….js:2469
invokeTask @ polyfills.01277dd….js:1824
onInvokeTask @ vendor.34f22af….js:227933
invokeTask @ polyfills.01277dd….js:1816
runTask @ polyfills.01277dd….js:1585
invokeTask @ polyfills.01277dd….js:1896
h @ polyfills.01277dd….js:2715
p @ polyfills.01277dd….js:2732
 Exception caught and thrown {}
 Exception caught and thrown {}
 [WARN] [entertainment.EntertainmentService]    [UI] entertainment.EntertainmentService#setupMainTarget$: TargetSubscription returned no target for type MAIN
console.<computed> @ (index):77
append @ main.17a1455….js:27518
(anonymous) @ main.17a1455….js:130386
prepareMessageAndLoopOverAppenders @ main.17a1455….js:130385
log2appenders @ main.17a1455….js:130369
warn @ main.17a1455….js:130315
(anonymous) @ main.17a1455….js:114010
_next @ vendor.34f22af….js:163297
next @ vendor.34f22af….js:28832
_next @ vendor.34f22af….js:163301
next @ vendor.34f22af….js:28832
_next @ vendor.34f22af….js:41542
next @ vendor.34f22af….js:28832
_next @ vendor.34f22af….js:28844
next @ vendor.34f22af….js:28832
_next @ vendor.34f22af….js:41542
next @ vendor.34f22af….js:28832
_next @ vendor.34f22af….js:28844
next @ vendor.34f22af….js:28832
next @ vendor.34f22af….js:141879
notifyNext @ vendor.34f22af….js:247298
_next @ vendor.34f22af….js:254948
next @ vendor.34f22af….js:28832
notifyNext @ vendor.34f22af….js:185249
_next @ vendor.34f22af….js:254948
next @ vendor.34f22af….js:28832
(anonymous) @ vendor.34f22af….js:188873
_trySubscribe @ vendor.34f22af….js:89315
subscribe @ vendor.34f22af….js:89304
s @ vendor.34f22af….js:239576
_innerSub @ vendor.34f22af….js:185238
_tryNext @ vendor.34f22af….js:185232
_next @ vendor.34f22af….js:185221
next @ vendor.34f22af….js:28832
(anonymous) @ vendor.34f22af….js:188873
_trySubscribe @ vendor.34f22af….js:89315
subscribe @ vendor.34f22af….js:89304
call @ vendor.34f22af….js:185206
subscribe @ vendor.34f22af….js:89299
s @ vendor.34f22af….js:239576
error @ vendor.34f22af….js:25216
notifyError @ vendor.34f22af….js:247301
_error @ vendor.34f22af….js:254957
error @ vendor.34f22af….js:28835
_next @ vendor.34f22af….js:163299
next @ vendor.34f22af….js:28832
next @ vendor.34f22af….js:50795
actionResponse @ vendor.34f22af….js:50605
msgReceiver @ vendor.34f22af….js:44366
_receive @ vendor.34f22af….js:44344
onWsEvent @ vendor.34f22af….js:44282
onWsEvent @ vendor.34f22af….js:44158
(anonymous) @ vendor.34f22af….js:44138
_ @ polyfills.01277dd….js:2469
invokeTask @ polyfills.01277dd….js:1824
onInvokeTask @ vendor.34f22af….js:227933
invokeTask @ polyfills.01277dd….js:1816
runTask @ polyfills.01277dd….js:1585
invokeTask @ polyfills.01277dd….js:1896
h @ polyfills.01277dd….js:2715
p @ polyfills.01277dd….js:2732
 Exception caught and thrown {}
 Exception caught and thrown {}
 [WARN] [entertainment.EntertainmentService]    [UI] entertainment.EntertainmentService#setupMainTarget$: TargetSubscription returned no target for type MAIN
console.<computed> @ (index):77
append @ main.17a1455….js:27518
(anonymous) @ main.17a1455….js:130386
prepareMessageAndLoopOverAppenders @ main.17a1455….js:130385
log2appenders @ main.17a1455….js:130369
warn @ main.17a1455….js:130315
(anonymous) @ main.17a1455….js:114010
_next @ vendor.34f22af….js:163297
next @ vendor.34f22af….js:28832
_next @ vendor.34f22af….js:163301
next @ vendor.34f22af….js:28832
_next @ vendor.34f22af….js:41542
next @ vendor.34f22af….js:28832
_next @ vendor.34f22af….js:28844
next @ vendor.34f22af….js:28832
_next @ vendor.34f22af….js:41542
next @ vendor.34f22af….js:28832
_next @ vendor.34f22af….js:28844
next @ vendor.34f22af….js:28832
next @ vendor.34f22af….js:141879
notifyNext @ vendor.34f22af….js:247298
_next @ vendor.34f22af….js:254948
next @ vendor.34f22af….js:28832
notifyNext @ vendor.34f22af….js:185249
_next @ vendor.34f22af….js:254948
next @ vendor.34f22af….js:28832
(anonymous) @ vendor.34f22af….js:188873
_trySubscribe @ vendor.34f22af….js:89315
subscribe @ vendor.34f22af….js:89304
s @ vendor.34f22af….js:239576
_innerSub @ vendor.34f22af….js:185238
_tryNext @ vendor.34f22af….js:185232
_next @ vendor.34f22af….js:185221
next @ vendor.34f22af….js:28832
(anonymous) @ vendor.34f22af….js:188873
_trySubscribe @ vendor.34f22af….js:89315
subscribe @ vendor.34f22af….js:89304
call @ vendor.34f22af….js:185206
subscribe @ vendor.34f22af….js:89299
s @ vendor.34f22af….js:239576
error @ vendor.34f22af….js:25216
notifyError @ vendor.34f22af….js:247301
_error @ vendor.34f22af….js:254957
error @ vendor.34f22af….js:28835
_next @ vendor.34f22af….js:163299
next @ vendor.34f22af….js:28832
next @ vendor.34f22af….js:50795
actionResponse @ vendor.34f22af….js:50605
msgReceiver @ vendor.34f22af….js:44366
_receive @ vendor.34f22af….js:44344
onWsEvent @ vendor.34f22af….js:44282
onWsEvent @ vendor.34f22af….js:44158
(anonymous) @ vendor.34f22af….js:44138
_ @ polyfills.01277dd….js:2469
invokeTask @ polyfills.01277dd….js:1824
onInvokeTask @ vendor.34f22af….js:227933
invokeTask @ polyfills.01277dd….js:1816
runTask @ polyfills.01277dd….js:1585
invokeTask @ polyfills.01277dd….js:1896
h @ polyfills.01277dd….js:2715
p @ polyfills.01277dd….js:2732
 Exception caught and thrown {}
 Exception caught and thrown {}
 [WARN] [entertainment.EntertainmentService]    [UI] entertainment.EntertainmentService#setupMainTarget$: TargetSubscription returned no target for type MAIN
console.<computed> @ (index):77
append @ main.17a1455….js:27518
(anonymous) @ main.17a1455….js:130386
prepareMessageAndLoopOverAppenders @ main.17a1455….js:130385
log2appenders @ main.17a1455….js:130369
warn @ main.17a1455….js:130315
(anonymous) @ main.17a1455….js:114010
_next @ vendor.34f22af….js:163297
next @ vendor.34f22af….js:28832
_next @ vendor.34f22af….js:163301
next @ vendor.34f22af….js:28832
_next @ vendor.34f22af….js:41542
next @ vendor.34f22af….js:28832
_next @ vendor.34f22af….js:28844
next @ vendor.34f22af….js:28832
_next @ vendor.34f22af….js:41542
next @ vendor.34f22af….js:28832
_next @ vendor.34f22af….js:28844
next @ vendor.34f22af….js:28832
next @ vendor.34f22af….js:141879
notifyNext @ vendor.34f22af….js:247298
_next @ vendor.34f22af….js:254948
next @ vendor.34f22af….js:28832
notifyNext @ vendor.34f22af….js:185249
_next @ vendor.34f22af….js:254948
next @ vendor.34f22af….js:28832
(anonymous) @ vendor.34f22af….js:188873
_trySubscribe @ vendor.34f22af….js:89315
subscribe @ vendor.34f22af….js:89304
s @ vendor.34f22af….js:239576
_innerSub @ vendor.34f22af….js:185238
_tryNext @ vendor.34f22af….js:185232
_next @ vendor.34f22af….js:185221
next @ vendor.34f22af….js:28832
(anonymous) @ vendor.34f22af….js:188873
_trySubscribe @ vendor.34f22af….js:89315
subscribe @ vendor.34f22af….js:89304
call @ vendor.34f22af….js:185206
subscribe @ vendor.34f22af….js:89299
s @ vendor.34f22af….js:239576
error @ vendor.34f22af….js:25216
notifyError @ vendor.34f22af….js:247301
_error @ vendor.34f22af….js:254957
error @ vendor.34f22af….js:28835
_next @ vendor.34f22af….js:163299
next @ vendor.34f22af….js:28832
next @ vendor.34f22af….js:50795
actionResponse @ vendor.34f22af….js:50605
msgReceiver @ vendor.34f22af….js:44366
_receive @ vendor.34f22af….js:44344
onWsEvent @ vendor.34f22af….js:44282
onWsEvent @ vendor.34f22af….js:44158
(anonymous) @ vendor.34f22af….js:44138
_ @ polyfills.01277dd….js:2469
invokeTask @ polyfills.01277dd….js:1824
onInvokeTask @ vendor.34f22af….js:227933
invokeTask @ polyfills.01277dd….js:1816
runTask @ polyfills.01277dd….js:1585
invokeTask @ polyfills.01277dd….js:1896
h @ polyfills.01277dd….js:2715
p @ polyfills.01277dd….js:2732
 Exception caught and thrown {}
 Exception caught and thrown {}
 [WARN] [entertainment.EntertainmentService]    [UI] entertainment.EntertainmentService#setupMainTarget$: TargetSubscription returned no target for type MAIN
console.<computed> @ (index):77
append @ main.17a1455….js:27518
(anonymous) @ main.17a1455….js:130386
prepareMessageAndLoopOverAppenders @ main.17a1455….js:130385
log2appenders @ main.17a1455….js:130369
warn @ main.17a1455….js:130315
(anonymous) @ main.17a1455….js:114010
_next @ vendor.34f22af….js:163297
next @ vendor.34f22af….js:28832
_next @ vendor.34f22af….js:163301
next @ vendor.34f22af….js:28832
_next @ vendor.34f22af….js:41542
next @ vendor.34f22af….js:28832
_next @ vendor.34f22af….js:28844
next @ vendor.34f22af….js:28832
_next @ vendor.34f22af….js:41542
next @ vendor.34f22af….js:28832
_next @ vendor.34f22af….js:28844
next @ vendor.34f22af….js:28832
next @ vendor.34f22af….js:141879
notifyNext @ vendor.34f22af….js:247298
_next @ vendor.34f22af….js:254948
next @ vendor.34f22af….js:28832
notifyNext @ vendor.34f22af….js:185249
_next @ vendor.34f22af….js:254948
next @ vendor.34f22af….js:28832
(anonymous) @ vendor.34f22af….js:188873
_trySubscribe @ vendor.34f22af….js:89315
subscribe @ vendor.34f22af….js:89304
s @ vendor.34f22af….js:239576
_innerSub @ vendor.34f22af….js:185238
_tryNext @ vendor.34f22af….js:185232
_next @ vendor.34f22af….js:185221
next @ vendor.34f22af….js:28832
(anonymous) @ vendor.34f22af….js:188873
_trySubscribe @ vendor.34f22af….js:89315
subscribe @ vendor.34f22af….js:89304
call @ vendor.34f22af….js:185206
subscribe @ vendor.34f22af….js:89299
s @ vendor.34f22af….js:239576
error @ vendor.34f22af….js:25216
notifyError @ vendor.34f22af….js:247301
_error @ vendor.34f22af….js:254957
error @ vendor.34f22af….js:28835
_next @ vendor.34f22af….js:163299
next @ vendor.34f22af….js:28832
next @ vendor.34f22af….js:50795
actionResponse @ vendor.34f22af….js:50605
msgReceiver @ vendor.34f22af….js:44366
_receive @ vendor.34f22af….js:44344
onWsEvent @ vendor.34f22af….js:44282
onWsEvent @ vendor.34f22af….js:44158
(anonymous) @ vendor.34f22af….js:44138
_ @ polyfills.01277dd….js:2469
invokeTask @ polyfills.01277dd….js:1824
onInvokeTask @ vendor.34f22af….js:227933
invokeTask @ polyfills.01277dd….js:1816
runTask @ polyfills.01277dd….js:1585
invokeTask @ polyfills.01277dd….js:1896
h @ polyfills.01277dd….js:2715
p @ polyfills.01277dd….js:2732
 Exception caught and thrown {}
 Exception caught and thrown {}
 [WARN] [entertainment.EntertainmentService]    [UI] entertainment.EntertainmentService#setupMainTarget$: TargetSubscription returned no target for type MAIN
console.<computed> @ (index):77
append @ main.17a1455….js:27518
(anonymous) @ main.17a1455….js:130386
prepareMessageAndLoopOverAppenders @ main.17a1455….js:130385
log2appenders @ main.17a1455….js:130369
warn @ main.17a1455….js:130315
(anonymous) @ main.17a1455….js:114010
_next @ vendor.34f22af….js:163297
next @ vendor.34f22af….js:28832
_next @ vendor.34f22af….js:163301
next @ vendor.34f22af….js:28832
_next @ vendor.34f22af….js:41542
next @ vendor.34f22af….js:28832
_next @ vendor.34f22af….js:28844
next @ vendor.34f22af….js:28832
_next @ vendor.34f22af….js:41542
next @ vendor.34f22af….js:28832
_next @ vendor.34f22af….js:28844
next @ vendor.34f22af….js:28832
next @ vendor.34f22af….js:141879
notifyNext @ vendor.34f22af….js:247298
_next @ vendor.34f22af….js:254948
next @ vendor.34f22af….js:28832
notifyNext @ vendor.34f22af….js:185249
_next @ vendor.34f22af….js:254948
next @ vendor.34f22af….js:28832
(anonymous) @ vendor.34f22af….js:188873
_trySubscribe @ vendor.34f22af….js:89315
subscribe @ vendor.34f22af….js:89304
s @ vendor.34f22af….js:239576
_innerSub @ vendor.34f22af….js:185238
_tryNext @ vendor.34f22af….js:185232
_next @ vendor.34f22af….js:185221
next @ vendor.34f22af….js:28832
(anonymous) @ vendor.34f22af….js:188873
_trySubscribe @ vendor.34f22af….js:89315
subscribe @ vendor.34f22af….js:89304
call @ vendor.34f22af….js:185206
subscribe @ vendor.34f22af….js:89299
s @ vendor.34f22af….js:239576
error @ vendor.34f22af….js:25216
notifyError @ vendor.34f22af….js:247301
_error @ vendor.34f22af….js:254957
error @ vendor.34f22af….js:28835
_next @ vendor.34f22af….js:163299
next @ vendor.34f22af….js:28832
next @ vendor.34f22af….js:50795
actionResponse @ vendor.34f22af….js:50605
msgReceiver @ vendor.34f22af….js:44366
_receive @ vendor.34f22af….js:44344
onWsEvent @ vendor.34f22af….js:44282
onWsEvent @ vendor.34f22af….js:44158
(anonymous) @ vendor.34f22af….js:44138
_ @ polyfills.01277dd….js:2469
invokeTask @ polyfills.01277dd….js:1824
onInvokeTask @ vendor.34f22af….js:227933
invokeTask @ polyfills.01277dd….js:1816
runTask @ polyfills.01277dd….js:1585
invokeTask @ polyfills.01277dd….js:1896
h @ polyfills.01277dd….js:2715
p @ polyfills.01277dd….js:2732
 Exception caught and thrown {}
 Exception caught and thrown {}
 [WARN] [entertainment.EntertainmentService]    [UI] entertainment.EntertainmentService#setupMainTarget$: TargetSubscription returned no target for type MAIN
console.<computed> @ (index):77
append @ main.17a1455….js:27518
(anonymous) @ main.17a1455….js:130386
prepareMessageAndLoopOverAppenders @ main.17a1455….js:130385
log2appenders @ main.17a1455….js:130369
warn @ main.17a1455….js:130315
(anonymous) @ main.17a1455….js:114010
_next @ vendor.34f22af….js:163297
next @ vendor.34f22af….js:28832
_next @ vendor.34f22af….js:163301
next @ vendor.34f22af….js:28832
_next @ vendor.34f22af….js:41542
next @ vendor.34f22af….js:28832
_next @ vendor.34f22af….js:28844
next @ vendor.34f22af….js:28832
_next @ vendor.34f22af….js:41542
next @ vendor.34f22af….js:28832
_next @ vendor.34f22af….js:28844
next @ vendor.34f22af….js:28832
next @ vendor.34f22af….js:141879
notifyNext @ vendor.34f22af….js:247298
_next @ vendor.34f22af….js:254948
next @ vendor.34f22af….js:28832
notifyNext @ vendor.34f22af….js:185249
_next @ vendor.34f22af….js:254948
next @ vendor.34f22af….js:28832
(anonymous) @ vendor.34f22af….js:188873
_trySubscribe @ vendor.34f22af….js:89315
subscribe @ vendor.34f22af….js:89304
s @ vendor.34f22af….js:239576
_innerSub @ vendor.34f22af….js:185238
_tryNext @ vendor.34f22af….js:185232
_next @ vendor.34f22af….js:185221
next @ vendor.34f22af….js:28832
(anonymous) @ vendor.34f22af….js:188873
_trySubscribe @ vendor.34f22af….js:89315
subscribe @ vendor.34f22af….js:89304
call @ vendor.34f22af….js:185206
subscribe @ vendor.34f22af….js:89299
s @ vendor.34f22af….js:239576
error @ vendor.34f22af….js:25216
notifyError @ vendor.34f22af….js:247301
_error @ vendor.34f22af….js:254957
error @ vendor.34f22af….js:28835
_next @ vendor.34f22af….js:163299
next @ vendor.34f22af….js:28832
next @ vendor.34f22af….js:50795
actionResponse @ vendor.34f22af….js:50605
msgReceiver @ vendor.34f22af….js:44366
_receive @ vendor.34f22af….js:44344
onWsEvent @ vendor.34f22af….js:44282
onWsEvent @ vendor.34f22af….js:44158
(anonymous) @ vendor.34f22af….js:44138
_ @ polyfills.01277dd….js:2469
invokeTask @ polyfills.01277dd….js:1824
onInvokeTask @ vendor.34f22af….js:227933
invokeTask @ polyfills.01277dd….js:1816
runTask @ polyfills.01277dd….js:1585
invokeTask @ polyfills.01277dd….js:1896
h @ polyfills.01277dd….js:2715
p @ polyfills.01277dd….js:2732
 Exception caught and thrown {}
 Exception caught and thrown {}
 [WARN] [entertainment.EntertainmentService]    [UI] entertainment.EntertainmentService#setupMainTarget$: TargetSubscription returned no target for type MAIN
console.<computed> @ (index):77
append @ main.17a1455….js:27518
(anonymous) @ main.17a1455….js:130386
prepareMessageAndLoopOverAppenders @ main.17a1455….js:130385
log2appenders @ main.17a1455….js:130369
warn @ main.17a1455….js:130315
(anonymous) @ main.17a1455….js:114010
_next @ vendor.34f22af….js:163297
next @ vendor.34f22af….js:28832
_next @ vendor.34f22af….js:163301
next @ vendor.34f22af….js:28832
_next @ vendor.34f22af….js:41542
next @ vendor.34f22af….js:28832
_next @ vendor.34f22af….js:28844
next @ vendor.34f22af….js:28832
_next @ vendor.34f22af….js:41542
next @ vendor.34f22af….js:28832
_next @ vendor.34f22af….js:28844
next @ vendor.34f22af….js:28832
next @ vendor.34f22af….js:141879
notifyNext @ vendor.34f22af….js:247298
_next @ vendor.34f22af….js:254948
next @ vendor.34f22af….js:28832
notifyNext @ vendor.34f22af….js:185249
_next @ vendor.34f22af….js:254948
next @ vendor.34f22af….js:28832
(anonymous) @ vendor.34f22af….js:188873
_trySubscribe @ vendor.34f22af….js:89315
subscribe @ vendor.34f22af….js:89304
s @ vendor.34f22af….js:239576
_innerSub @ vendor.34f22af….js:185238
_tryNext @ vendor.34f22af….js:185232
_next @ vendor.34f22af….js:185221
next @ vendor.34f22af….js:28832
(anonymous) @ vendor.34f22af….js:188873
_trySubscribe @ vendor.34f22af….js:89315
subscribe @ vendor.34f22af….js:89304
call @ vendor.34f22af….js:185206
subscribe @ vendor.34f22af….js:89299
s @ vendor.34f22af….js:239576
error @ vendor.34f22af….js:25216
notifyError @ vendor.34f22af….js:247301
_error @ vendor.34f22af….js:254957
error @ vendor.34f22af….js:28835
_next @ vendor.34f22af….js:163299
next @ vendor.34f22af….js:28832
next @ vendor.34f22af….js:50795
actionResponse @ vendor.34f22af….js:50605
msgReceiver @ vendor.34f22af….js:44366
_receive @ vendor.34f22af….js:44344
onWsEvent @ vendor.34f22af….js:44282
onWsEvent @ vendor.34f22af….js:44158
(anonymous) @ vendor.34f22af….js:44138
_ @ polyfills.01277dd….js:2469
invokeTask @ polyfills.01277dd….js:1824
onInvokeTask @ vendor.34f22af….js:227933
invokeTask @ polyfills.01277dd….js:1816
runTask @ polyfills.01277dd….js:1585
invokeTask @ polyfills.01277dd….js:1896
h @ polyfills.01277dd….js:2715
p @ polyfills.01277dd….js:2732
 Exception caught and thrown {}
 Exception caught and thrown {}
 [WARN] [entertainment.EntertainmentService]    [UI] entertainment.EntertainmentService#setupMainTarget$: TargetSubscription returned no target for type MAIN
console.<computed> @ (index):77
append @ main.17a1455….js:27518
(anonymous) @ main.17a1455….js:130386
prepareMessageAndLoopOverAppenders @ main.17a1455….js:130385
log2appenders @ main.17a1455….js:130369
warn @ main.17a1455….js:130315
(anonymous) @ main.17a1455….js:114010
_next @ vendor.34f22af….js:163297
next @ vendor.34f22af….js:28832
_next @ vendor.34f22af….js:163301
next @ vendor.34f22af….js:28832
_next @ vendor.34f22af….js:41542
next @ vendor.34f22af….js:28832
_next @ vendor.34f22af….js:28844
next @ vendor.34f22af….js:28832
_next @ vendor.34f22af….js:41542
next @ vendor.34f22af….js:28832
_next @ vendor.34f22af….js:28844
next @ vendor.34f22af….js:28832
next @ vendor.34f22af….js:141879
notifyNext @ vendor.34f22af….js:247298
_next @ vendor.34f22af….js:254948
next @ vendor.34f22af….js:28832
notifyNext @ vendor.34f22af….js:185249
_next @ vendor.34f22af….js:254948
next @ vendor.34f22af….js:28832
(anonymous) @ vendor.34f22af….js:188873
_trySubscribe @ vendor.34f22af….js:89315
subscribe @ vendor.34f22af….js:89304
s @ vendor.34f22af….js:239576
_innerSub @ vendor.34f22af….js:185238
_tryNext @ vendor.34f22af….js:185232
_next @ vendor.34f22af….js:185221
next @ vendor.34f22af….js:28832
(anonymous) @ vendor.34f22af….js:188873
_trySubscribe @ vendor.34f22af….js:89315
subscribe @ vendor.34f22af….js:89304
call @ vendor.34f22af….js:185206
subscribe @ vendor.34f22af….js:89299
s @ vendor.34f22af….js:239576
error @ vendor.34f22af….js:25216
notifyError @ vendor.34f22af….js:247301
_error @ vendor.34f22af….js:254957
error @ vendor.34f22af….js:28835
_next @ vendor.34f22af….js:163299
next @ vendor.34f22af….js:28832
next @ vendor.34f22af….js:50795
actionResponse @ vendor.34f22af….js:50605
msgReceiver @ vendor.34f22af….js:44366
_receive @ vendor.34f22af….js:44344
onWsEvent @ vendor.34f22af….js:44282
onWsEvent @ vendor.34f22af….js:44158
(anonymous) @ vendor.34f22af….js:44138
_ @ polyfills.01277dd….js:2469
invokeTask @ polyfills.01277dd….js:1824
onInvokeTask @ vendor.34f22af….js:227933
invokeTask @ polyfills.01277dd….js:1816
runTask @ polyfills.01277dd….js:1585
invokeTask @ polyfills.01277dd….js:1896
h @ polyfills.01277dd….js:2715
p @ polyfills.01277dd….js:2732
 Exception caught and thrown {}
 Exception caught and thrown {}
 [WARN] [entertainment.EntertainmentService]    [UI] entertainment.EntertainmentService#setupMainTarget$: TargetSubscription returned no target for type MAIN
console.<computed> @ (index):77
append @ main.17a1455….js:27518
(anonymous) @ main.17a1455….js:130386
prepareMessageAndLoopOverAppenders @ main.17a1455….js:130385
log2appenders @ main.17a1455….js:130369
warn @ main.17a1455….js:130315
(anonymous) @ main.17a1455….js:114010
_next @ vendor.34f22af….js:163297
next @ vendor.34f22af….js:28832
_next @ vendor.34f22af….js:163301
next @ vendor.34f22af….js:28832
_next @ vendor.34f22af….js:41542
next @ vendor.34f22af….js:28832
_next @ vendor.34f22af….js:28844
next @ vendor.34f22af….js:28832
_next @ vendor.34f22af….js:41542
next @ vendor.34f22af….js:28832
_next @ vendor.34f22af….js:28844
next @ vendor.34f22af….js:28832
next @ vendor.34f22af….js:141879
notifyNext @ vendor.34f22af….js:247298
_next @ vendor.34f22af….js:254948
next @ vendor.34f22af….js:28832
notifyNext @ vendor.34f22af….js:185249
_next @ vendor.34f22af….js:254948
next @ vendor.34f22af….js:28832
(anonymous) @ vendor.34f22af….js:188873
_trySubscribe @ vendor.34f22af….js:89315
subscribe @ vendor.34f22af….js:89304
s @ vendor.34f22af….js:239576
_innerSub @ vendor.34f22af….js:185238
_tryNext @ vendor.34f22af….js:185232
_next @ vendor.34f22af….js:185221
next @ vendor.34f22af….js:28832
(anonymous) @ vendor.34f22af….js:188873
_trySubscribe @ vendor.34f22af….js:89315
subscribe @ vendor.34f22af….js:89304
call @ vendor.34f22af….js:185206
subscribe @ vendor.34f22af….js:89299
s @ vendor.34f22af….js:239576
error @ vendor.34f22af….js:25216
notifyError @ vendor.34f22af….js:247301
_error @ vendor.34f22af….js:254957
error @ vendor.34f22af….js:28835
_next @ vendor.34f22af….js:163299
next @ vendor.34f22af….js:28832
next @ vendor.34f22af….js:50795
actionResponse @ vendor.34f22af….js:50605
msgReceiver @ vendor.34f22af….js:44366
_receive @ vendor.34f22af….js:44344
onWsEvent @ vendor.34f22af….js:44282
onWsEvent @ vendor.34f22af….js:44158
(anonymous) @ vendor.34f22af….js:44138
_ @ polyfills.01277dd….js:2469
invokeTask @ polyfills.01277dd….js:1824
onInvokeTask @ vendor.34f22af….js:227933
invokeTask @ polyfills.01277dd….js:1816
runTask @ polyfills.01277dd….js:1585
invokeTask @ polyfills.01277dd….js:1896
h @ polyfills.01277dd….js:2715
p @ polyfills.01277dd….js:2732
 Exception caught and thrown {}
 Exception caught and thrown {}
 [WARN] [entertainment.EntertainmentService]    [UI] entertainment.EntertainmentService#setupMainTarget$: TargetSubscription returned no target for type MAIN
console.<computed> @ (index):77
append @ main.17a1455….js:27518
(anonymous) @ main.17a1455….js:130386
prepareMessageAndLoopOverAppenders @ main.17a1455….js:130385
log2appenders @ main.17a1455….js:130369
warn @ main.17a1455….js:130315
(anonymous) @ main.17a1455….js:114010
_next @ vendor.34f22af….js:163297
next @ vendor.34f22af….js:28832
_next @ vendor.34f22af….js:163301
next @ vendor.34f22af….js:28832
_next @ vendor.34f22af….js:41542
next @ vendor.34f22af….js:28832
_next @ vendor.34f22af….js:28844
next @ vendor.34f22af….js:28832
_next @ vendor.34f22af….js:41542
next @ vendor.34f22af….js:28832
_next @ vendor.34f22af….js:28844
next @ vendor.34f22af….js:28832
next @ vendor.34f22af….js:141879
notifyNext @ vendor.34f22af….js:247298
_next @ vendor.34f22af….js:254948
next @ vendor.34f22af….js:28832
notifyNext @ vendor.34f22af….js:185249
_next @ vendor.34f22af….js:254948
next @ vendor.34f22af….js:28832
(anonymous) @ vendor.34f22af….js:188873
_trySubscribe @ vendor.34f22af….js:89315
subscribe @ vendor.34f22af….js:89304
s @ vendor.34f22af….js:239576
_innerSub @ vendor.34f22af….js:185238
_tryNext @ vendor.34f22af….js:185232
_next @ vendor.34f22af….js:185221
next @ vendor.34f22af….js:28832
(anonymous) @ vendor.34f22af….js:188873
_trySubscribe @ vendor.34f22af….js:89315
subscribe @ vendor.34f22af….js:89304
call @ vendor.34f22af….js:185206
subscribe @ vendor.34f22af….js:89299
s @ vendor.34f22af….js:239576
error @ vendor.34f22af….js:25216
notifyError @ vendor.34f22af….js:247301
_error @ vendor.34f22af….js:254957
error @ vendor.34f22af….js:28835
_next @ vendor.34f22af….js:163299
next @ vendor.34f22af….js:28832
next @ vendor.34f22af….js:50795
actionResponse @ vendor.34f22af….js:50605
msgReceiver @ vendor.34f22af….js:44366
_receive @ vendor.34f22af….js:44344
onWsEvent @ vendor.34f22af….js:44282
onWsEvent @ vendor.34f22af….js:44158
(anonymous) @ vendor.34f22af….js:44138
_ @ polyfills.01277dd….js:2469
invokeTask @ polyfills.01277dd….js:1824
onInvokeTask @ vendor.34f22af….js:227933
invokeTask @ polyfills.01277dd….js:1816
runTask @ polyfills.01277dd….js:1585
invokeTask @ polyfills.01277dd….js:1896
h @ polyfills.01277dd….js:2715
p @ polyfills.01277dd….js:2732
 Exception caught and thrown {}
 Exception caught and thrown {}
 [WARN] [entertainment.EntertainmentService]    [UI] entertainment.EntertainmentService#setupMainTarget$: TargetSubscription returned no target for type MAIN
console.<computed> @ (index):77
append @ main.17a1455….js:27518
(anonymous) @ main.17a1455….js:130386
prepareMessageAndLoopOverAppenders @ main.17a1455….js:130385
log2appenders @ main.17a1455….js:130369
warn @ main.17a1455….js:130315
(anonymous) @ main.17a1455….js:114010
_next @ vendor.34f22af….js:163297
next @ vendor.34f22af….js:28832
_next @ vendor.34f22af….js:163301
next @ vendor.34f22af….js:28832
_next @ vendor.34f22af….js:41542
next @ vendor.34f22af….js:28832
_next @ vendor.34f22af….js:28844
next @ vendor.34f22af….js:28832
_next @ vendor.34f22af….js:41542
next @ vendor.34f22af….js:28832
_next @ vendor.34f22af….js:28844
next @ vendor.34f22af….js:28832
next @ vendor.34f22af….js:141879
notifyNext @ vendor.34f22af….js:247298
_next @ vendor.34f22af….js:254948
next @ vendor.34f22af….js:28832
notifyNext @ vendor.34f22af….js:185249
_next @ vendor.34f22af….js:254948
next @ vendor.34f22af….js:28832
(anonymous) @ vendor.34f22af….js:188873
_trySubscribe @ vendor.34f22af….js:89315
subscribe @ vendor.34f22af….js:89304
s @ vendor.34f22af….js:239576
_innerSub @ vendor.34f22af….js:185238
_tryNext @ vendor.34f22af….js:185232
_next @ vendor.34f22af….js:185221
next @ vendor.34f22af….js:28832
(anonymous) @ vendor.34f22af….js:188873
_trySubscribe @ vendor.34f22af….js:89315
subscribe @ vendor.34f22af….js:89304
call @ vendor.34f22af….js:185206
subscribe @ vendor.34f22af….js:89299
s @ vendor.34f22af….js:239576
error @ vendor.34f22af….js:25216
notifyError @ vendor.34f22af….js:247301
_error @ vendor.34f22af….js:254957
error @ vendor.34f22af….js:28835
_next @ vendor.34f22af….js:163299
next @ vendor.34f22af….js:28832
next @ vendor.34f22af….js:50795
actionResponse @ vendor.34f22af….js:50605
msgReceiver @ vendor.34f22af….js:44366
_receive @ vendor.34f22af….js:44344
onWsEvent @ vendor.34f22af….js:44282
onWsEvent @ vendor.34f22af….js:44158
(anonymous) @ vendor.34f22af….js:44138
_ @ polyfills.01277dd….js:2469
invokeTask @ polyfills.01277dd….js:1824
onInvokeTask @ vendor.34f22af….js:227933
invokeTask @ polyfills.01277dd….js:1816
runTask @ polyfills.01277dd….js:1585
invokeTask @ polyfills.01277dd….js:1896
h @ polyfills.01277dd….js:2715
p @ polyfills.01277dd….js:2732
 Exception caught and thrown {}
 Exception caught and thrown {}
 [WARN] [entertainment.EntertainmentService]    [UI] entertainment.EntertainmentService#setupMainTarget$: TargetSubscription returned no target for type MAIN
console.<computed> @ (index):77
append @ main.17a1455….js:27518
(anonymous) @ main.17a1455….js:130386
prepareMessageAndLoopOverAppenders @ main.17a1455….js:130385
log2appenders @ main.17a1455….js:130369
warn @ main.17a1455….js:130315
(anonymous) @ main.17a1455….js:114010
_next @ vendor.34f22af….js:163297
next @ vendor.34f22af….js:28832
_next @ vendor.34f22af….js:163301
next @ vendor.34f22af….js:28832
_next @ vendor.34f22af….js:41542
next @ vendor.34f22af….js:28832
_next @ vendor.34f22af….js:28844
next @ vendor.34f22af….js:28832
_next @ vendor.34f22af….js:41542
next @ vendor.34f22af….js:28832
_next @ vendor.34f22af….js:28844
next @ vendor.34f22af….js:28832
next @ vendor.34f22af….js:141879
notifyNext @ vendor.34f22af….js:247298
_next @ vendor.34f22af….js:254948
next @ vendor.34f22af….js:28832
notifyNext @ vendor.34f22af….js:185249
_next @ vendor.34f22af….js:254948
next @ vendor.34f22af….js:28832
(anonymous) @ vendor.34f22af….js:188873
_trySubscribe @ vendor.34f22af….js:89315
subscribe @ vendor.34f22af….js:89304
s @ vendor.34f22af….js:239576
_innerSub @ vendor.34f22af….js:185238
_tryNext @ vendor.34f22af….js:185232
_next @ vendor.34f22af….js:185221
next @ vendor.34f22af….js:28832
(anonymous) @ vendor.34f22af….js:188873
_trySubscribe @ vendor.34f22af….js:89315
subscribe @ vendor.34f22af….js:89304
call @ vendor.34f22af….js:185206
subscribe @ vendor.34f22af….js:89299
s @ vendor.34f22af….js:239576
error @ vendor.34f22af….js:25216
notifyError @ vendor.34f22af….js:247301
_error @ vendor.34f22af….js:254957
error @ vendor.34f22af….js:28835
_next @ vendor.34f22af….js:163299
next @ vendor.34f22af….js:28832
next @ vendor.34f22af….js:50795
actionResponse @ vendor.34f22af….js:50605
msgReceiver @ vendor.34f22af….js:44366
_receive @ vendor.34f22af….js:44344
onWsEvent @ vendor.34f22af….js:44282
onWsEvent @ vendor.34f22af….js:44158
(anonymous) @ vendor.34f22af….js:44138
_ @ polyfills.01277dd….js:2469
invokeTask @ polyfills.01277dd….js:1824
onInvokeTask @ vendor.34f22af….js:227933
invokeTask @ polyfills.01277dd….js:1816
runTask @ polyfills.01277dd….js:1585
invokeTask @ polyfills.01277dd….js:1896
h @ polyfills.01277dd….js:2715
p @ polyfills.01277dd….js:2732
 Exception caught and thrown {}
 Exception caught and thrown {}
 [WARN] [entertainment.EntertainmentService]    [UI] entertainment.EntertainmentService#setupMainTarget$: TargetSubscription returned no target for type MAIN
console.<computed> @ (index):77
append @ main.17a1455….js:27518
(anonymous) @ main.17a1455….js:130386
prepareMessageAndLoopOverAppenders @ main.17a1455….js:130385
log2appenders @ main.17a1455….js:130369
warn @ main.17a1455….js:130315
(anonymous) @ main.17a1455….js:114010
_next @ vendor.34f22af….js:163297
next @ vendor.34f22af….js:28832
_next @ vendor.34f22af….js:163301
next @ vendor.34f22af….js:28832
_next @ vendor.34f22af….js:41542
next @ vendor.34f22af….js:28832
_next @ vendor.34f22af….js:28844
next @ vendor.34f22af….js:28832
_next @ vendor.34f22af….js:41542
next @ vendor.34f22af….js:28832
_next @ vendor.34f22af….js:28844
next @ vendor.34f22af….js:28832
next @ vendor.34f22af….js:141879
notifyNext @ vendor.34f22af….js:247298
_next @ vendor.34f22af….js:254948
next @ vendor.34f22af….js:28832
notifyNext @ vendor.34f22af….js:185249
_next @ vendor.34f22af….js:254948
next @ vendor.34f22af….js:28832
(anonymous) @ vendor.34f22af….js:188873
_trySubscribe @ vendor.34f22af….js:89315
subscribe @ vendor.34f22af….js:89304
s @ vendor.34f22af….js:239576
_innerSub @ vendor.34f22af….js:185238
_tryNext @ vendor.34f22af….js:185232
_next @ vendor.34f22af….js:185221
next @ vendor.34f22af….js:28832
(anonymous) @ vendor.34f22af….js:188873
_trySubscribe @ vendor.34f22af….js:89315
subscribe @ vendor.34f22af….js:89304
call @ vendor.34f22af….js:185206
subscribe @ vendor.34f22af….js:89299
s @ vendor.34f22af….js:239576
error @ vendor.34f22af….js:25216
notifyError @ vendor.34f22af….js:247301
_error @ vendor.34f22af….js:254957
error @ vendor.34f22af….js:28835
_next @ vendor.34f22af….js:163299
next @ vendor.34f22af….js:28832
next @ vendor.34f22af….js:50795
actionResponse @ vendor.34f22af….js:50605
msgReceiver @ vendor.34f22af….js:44366
_receive @ vendor.34f22af….js:44344
onWsEvent @ vendor.34f22af….js:44282
onWsEvent @ vendor.34f22af….js:44158
(anonymous) @ vendor.34f22af….js:44138
_ @ polyfills.01277dd….js:2469
invokeTask @ polyfills.01277dd….js:1824
onInvokeTask @ vendor.34f22af….js:227933
invokeTask @ polyfills.01277dd….js:1816
runTask @ polyfills.01277dd….js:1585
invokeTask @ polyfills.01277dd….js:1896
h @ polyfills.01277dd….js:2715
p @ polyfills.01277dd….js:2732
 Exception caught and thrown {}
 Exception caught and thrown {}
 [WARN] [entertainment.EntertainmentService]    [UI] entertainment.EntertainmentService#setupMainTarget$: TargetSubscription returned no target for type MAIN
console.<computed> @ (index):77
append @ main.17a1455….js:27518
(anonymous) @ main.17a1455….js:130386
prepareMessageAndLoopOverAppenders @ main.17a1455….js:130385
log2appenders @ main.17a1455….js:130369
warn @ main.17a1455….js:130315
(anonymous) @ main.17a1455….js:114010
_next @ vendor.34f22af….js:163297
next @ vendor.34f22af….js:28832
_next @ vendor.34f22af….js:163301
next @ vendor.34f22af….js:28832
_next @ vendor.34f22af….js:41542
next @ vendor.34f22af….js:28832
_next @ vendor.34f22af….js:28844
next @ vendor.34f22af….js:28832
_next @ vendor.34f22af….js:41542
next @ vendor.34f22af….js:28832
_next @ vendor.34f22af….js:28844
next @ vendor.34f22af….js:28832
next @ vendor.34f22af….js:141879
notifyNext @ vendor.34f22af….js:247298
_next @ vendor.34f22af….js:254948
next @ vendor.34f22af….js:28832
notifyNext @ vendor.34f22af….js:185249
_next @ vendor.34f22af….js:254948
next @ vendor.34f22af….js:28832
(anonymous) @ vendor.34f22af….js:188873
_trySubscribe @ vendor.34f22af….js:89315
subscribe @ vendor.34f22af….js:89304
s @ vendor.34f22af….js:239576
_innerSub @ vendor.34f22af….js:185238
_tryNext @ vendor.34f22af….js:185232
_next @ vendor.34f22af….js:185221
next @ vendor.34f22af….js:28832
(anonymous) @ vendor.34f22af….js:188873
_trySubscribe @ vendor.34f22af….js:89315
subscribe @ vendor.34f22af….js:89304
call @ vendor.34f22af….js:185206
subscribe @ vendor.34f22af….js:89299
s @ vendor.34f22af….js:239576
error @ vendor.34f22af….js:25216
notifyError @ vendor.34f22af….js:247301
_error @ vendor.34f22af….js:254957
error @ vendor.34f22af….js:28835
_next @ vendor.34f22af….js:163299
next @ vendor.34f22af….js:28832
next @ vendor.34f22af….js:50795
actionResponse @ vendor.34f22af….js:50605
msgReceiver @ vendor.34f22af….js:44366
_receive @ vendor.34f22af….js:44344
onWsEvent @ vendor.34f22af….js:44282
onWsEvent @ vendor.34f22af….js:44158
(anonymous) @ vendor.34f22af….js:44138
_ @ polyfills.01277dd….js:2469
invokeTask @ polyfills.01277dd….js:1824
onInvokeTask @ vendor.34f22af….js:227933
invokeTask @ polyfills.01277dd….js:1816
runTask @ polyfills.01277dd….js:1585
invokeTask @ polyfills.01277dd….js:1896
h @ polyfills.01277dd….js:2715
p @ polyfills.01277dd….js:2732
 Exception caught and thrown {}
 Exception caught and thrown {}
 [WARN] [entertainment.EntertainmentService]    [UI] entertainment.EntertainmentService#setupMainTarget$: TargetSubscription returned no target for type MAIN
console.<computed> @ (index):77
append @ main.17a1455….js:27518
(anonymous) @ main.17a1455….js:130386
prepareMessageAndLoopOverAppenders @ main.17a1455….js:130385
log2appenders @ main.17a1455….js:130369
warn @ main.17a1455….js:130315
(anonymous) @ main.17a1455….js:114010
_next @ vendor.34f22af….js:163297
next @ vendor.34f22af….js:28832
_next @ vendor.34f22af….js:163301
next @ vendor.34f22af….js:28832
_next @ vendor.34f22af….js:41542
next @ vendor.34f22af….js:28832
_next @ vendor.34f22af….js:28844
next @ vendor.34f22af….js:28832
_next @ vendor.34f22af….js:41542
next @ vendor.34f22af….js:28832
_next @ vendor.34f22af….js:28844
next @ vendor.34f22af….js:28832
next @ vendor.34f22af….js:141879
notifyNext @ vendor.34f22af….js:247298
_next @ vendor.34f22af….js:254948
next @ vendor.34f22af….js:28832
notifyNext @ vendor.34f22af….js:185249
_next @ vendor.34f22af….js:254948
next @ vendor.34f22af….js:28832
(anonymous) @ vendor.34f22af….js:188873
_trySubscribe @ vendor.34f22af….js:89315
subscribe @ vendor.34f22af….js:89304
s @ vendor.34f22af….js:239576
_innerSub @ vendor.34f22af….js:185238
_tryNext @ vendor.34f22af….js:185232
_next @ vendor.34f22af….js:185221
next @ vendor.34f22af….js:28832
(anonymous) @ vendor.34f22af….js:188873
_trySubscribe @ vendor.34f22af….js:89315
subscribe @ vendor.34f22af….js:89304
call @ vendor.34f22af….js:185206
subscribe @ vendor.34f22af….js:89299
s @ vendor.34f22af….js:239576
error @ vendor.34f22af….js:25216
notifyError @ vendor.34f22af….js:247301
_error @ vendor.34f22af….js:254957
error @ vendor.34f22af….js:28835
_next @ vendor.34f22af….js:163299
next @ vendor.34f22af….js:28832
next @ vendor.34f22af….js:50795
actionResponse @ vendor.34f22af….js:50605
msgReceiver @ vendor.34f22af….js:44366
_receive @ vendor.34f22af….js:44344
onWsEvent @ vendor.34f22af….js:44282
onWsEvent @ vendor.34f22af….js:44158
(anonymous) @ vendor.34f22af….js:44138
_ @ polyfills.01277dd….js:2469
invokeTask @ polyfills.01277dd….js:1824
onInvokeTask @ vendor.34f22af….js:227933
invokeTask @ polyfills.01277dd….js:1816
runTask @ polyfills.01277dd….js:1585
invokeTask @ polyfills.01277dd….js:1896
h @ polyfills.01277dd….js:2715
p @ polyfills.01277dd….js:2732
 Exception caught and thrown {}
 Exception caught and thrown {}
 [WARN] [entertainment.EntertainmentService]    [UI] entertainment.EntertainmentService#setupMainTarget$: TargetSubscription returned no target for type MAIN
console.<computed> @ (index):77
append @ main.17a1455….js:27518
(anonymous) @ main.17a1455….js:130386
prepareMessageAndLoopOverAppenders @ main.17a1455….js:130385
log2appenders @ main.17a1455….js:130369
warn @ main.17a1455….js:130315
(anonymous) @ main.17a1455….js:114010
_next @ vendor.34f22af….js:163297
next @ vendor.34f22af….js:28832
_next @ vendor.34f22af….js:163301
next @ vendor.34f22af….js:28832
_next @ vendor.34f22af….js:41542
next @ vendor.34f22af….js:28832
_next @ vendor.34f22af….js:28844
next @ vendor.34f22af….js:28832
_next @ vendor.34f22af….js:41542
next @ vendor.34f22af….js:28832
_next @ vendor.34f22af….js:28844
next @ vendor.34f22af….js:28832
next @ vendor.34f22af….js:141879
notifyNext @ vendor.34f22af….js:247298
_next @ vendor.34f22af….js:254948
next @ vendor.34f22af….js:28832
notifyNext @ vendor.34f22af….js:185249
_next @ vendor.34f22af….js:254948
next @ vendor.34f22af….js:28832
(anonymous) @ vendor.34f22af….js:188873
_trySubscribe @ vendor.34f22af….js:89315
subscribe @ vendor.34f22af….js:89304
s @ vendor.34f22af….js:239576
_innerSub @ vendor.34f22af….js:185238
_tryNext @ vendor.34f22af….js:185232
_next @ vendor.34f22af….js:185221
next @ vendor.34f22af….js:28832
(anonymous) @ vendor.34f22af….js:188873
_trySubscribe @ vendor.34f22af….js:89315
subscribe @ vendor.34f22af….js:89304
call @ vendor.34f22af….js:185206
subscribe @ vendor.34f22af….js:89299
s @ vendor.34f22af….js:239576
error @ vendor.34f22af….js:25216
notifyError @ vendor.34f22af….js:247301
_error @ vendor.34f22af….js:254957
error @ vendor.34f22af….js:28835
_next @ vendor.34f22af….js:163299
next @ vendor.34f22af….js:28832
next @ vendor.34f22af….js:50795
actionResponse @ vendor.34f22af….js:50605
msgReceiver @ vendor.34f22af….js:44366
_receive @ vendor.34f22af….js:44344
onWsEvent @ vendor.34f22af….js:44282
onWsEvent @ vendor.34f22af….js:44158
(anonymous) @ vendor.34f22af….js:44138
_ @ polyfills.01277dd….js:2469
invokeTask @ polyfills.01277dd….js:1824
onInvokeTask @ vendor.34f22af….js:227933
invokeTask @ polyfills.01277dd….js:1816
runTask @ polyfills.01277dd….js:1585
invokeTask @ polyfills.01277dd….js:1896
h @ polyfills.01277dd….js:2715
p @ polyfills.01277dd….js:2732
 Exception caught and thrown {}
 Exception caught and thrown {}
 [WARN] [entertainment.EntertainmentService]    [UI] entertainment.EntertainmentService#setupMainTarget$: TargetSubscription returned no target for type MAIN
console.<computed> @ (index):77
append @ main.17a1455….js:27518
(anonymous) @ main.17a1455….js:130386
prepareMessageAndLoopOverAppenders @ main.17a1455….js:130385
log2appenders @ main.17a1455….js:130369
warn @ main.17a1455….js:130315
(anonymous) @ main.17a1455….js:114010
_next @ vendor.34f22af….js:163297
next @ vendor.34f22af….js:28832
_next @ vendor.34f22af….js:163301
next @ vendor.34f22af….js:28832
_next @ vendor.34f22af….js:41542
next @ vendor.34f22af….js:28832
_next @ vendor.34f22af….js:28844
next @ vendor.34f22af….js:28832
_next @ vendor.34f22af….js:41542
next @ vendor.34f22af….js:28832
_next @ vendor.34f22af….js:28844
next @ vendor.34f22af….js:28832
next @ vendor.34f22af….js:141879
notifyNext @ vendor.34f22af….js:247298
_next @ vendor.34f22af….js:254948
next @ vendor.34f22af….js:28832
notifyNext @ vendor.34f22af….js:185249
_next @ vendor.34f22af….js:254948
next @ vendor.34f22af….js:28832
(anonymous) @ vendor.34f22af….js:188873
_trySubscribe @ vendor.34f22af….js:89315
subscribe @ vendor.34f22af….js:89304
s @ vendor.34f22af….js:239576
_innerSub @ vendor.34f22af….js:185238
_tryNext @ vendor.34f22af….js:185232
_next @ vendor.34f22af….js:185221
next @ vendor.34f22af….js:28832
(anonymous) @ vendor.34f22af….js:188873
_trySubscribe @ vendor.34f22af….js:89315
subscribe @ vendor.34f22af….js:89304
call @ vendor.34f22af….js:185206
subscribe @ vendor.34f22af….js:89299
s @ vendor.34f22af….js:239576
error @ vendor.34f22af….js:25216
notifyError @ vendor.34f22af….js:247301
_error @ vendor.34f22af….js:254957
error @ vendor.34f22af….js:28835
_next @ vendor.34f22af….js:163299
next @ vendor.34f22af….js:28832
next @ vendor.34f22af….js:50795
actionResponse @ vendor.34f22af….js:50605
msgReceiver @ vendor.34f22af….js:44366
_receive @ vendor.34f22af….js:44344
onWsEvent @ vendor.34f22af….js:44282
onWsEvent @ vendor.34f22af….js:44158
(anonymous) @ vendor.34f22af….js:44138
_ @ polyfills.01277dd….js:2469
invokeTask @ polyfills.01277dd….js:1824
onInvokeTask @ vendor.34f22af….js:227933
invokeTask @ polyfills.01277dd….js:1816
runTask @ polyfills.01277dd….js:1585
invokeTask @ polyfills.01277dd….js:1896
h @ polyfills.01277dd….js:2715
p @ polyfills.01277dd….js:2732
 Exception caught and thrown {}
 Exception caught and thrown {}
 [WARN] [entertainment.EntertainmentService]    [UI] entertainment.EntertainmentService#setupMainTarget$: TargetSubscription returned no target for type MAIN
console.<computed> @ (index):77
append @ main.17a1455….js:27518
(anonymous) @ main.17a1455….js:130386
prepareMessageAndLoopOverAppenders @ main.17a1455….js:130385
log2appenders @ main.17a1455….js:130369
warn @ main.17a1455….js:130315
(anonymous) @ main.17a1455….js:114010
_next @ vendor.34f22af….js:163297
next @ vendor.34f22af….js:28832
_next @ vendor.34f22af….js:163301
next @ vendor.34f22af….js:28832
_next @ vendor.34f22af….js:41542
next @ vendor.34f22af….js:28832
_next @ vendor.34f22af….js:28844
next @ vendor.34f22af….js:28832
_next @ vendor.34f22af….js:41542
next @ vendor.34f22af….js:28832
_next @ vendor.34f22af….js:28844
next @ vendor.34f22af….js:28832
next @ vendor.34f22af….js:141879
notifyNext @ vendor.34f22af….js:247298
_next @ vendor.34f22af….js:254948
next @ vendor.34f22af….js:28832
notifyNext @ vendor.34f22af….js:185249
_next @ vendor.34f22af….js:254948
next @ vendor.34f22af….js:28832
(anonymous) @ vendor.34f22af….js:188873
_trySubscribe @ vendor.34f22af….js:89315
subscribe @ vendor.34f22af….js:89304
s @ vendor.34f22af….js:239576
_innerSub @ vendor.34f22af….js:185238
_tryNext @ vendor.34f22af….js:185232
_next @ vendor.34f22af….js:185221
next @ vendor.34f22af….js:28832
(anonymous) @ vendor.34f22af….js:188873
_trySubscribe @ vendor.34f22af….js:89315
subscribe @ vendor.34f22af….js:89304
call @ vendor.34f22af….js:185206
subscribe @ vendor.34f22af….js:89299
s @ vendor.34f22af….js:239576
error @ vendor.34f22af….js:25216
notifyError @ vendor.34f22af….js:247301
_error @ vendor.34f22af….js:254957
error @ vendor.34f22af….js:28835
_next @ vendor.34f22af….js:163299
next @ vendor.34f22af….js:28832
next @ vendor.34f22af….js:50795
actionResponse @ vendor.34f22af….js:50605
msgReceiver @ vendor.34f22af….js:44366
_receive @ vendor.34f22af….js:44344
onWsEvent @ vendor.34f22af….js:44282
onWsEvent @ vendor.34f22af….js:44158
(anonymous) @ vendor.34f22af….js:44138
_ @ polyfills.01277dd….js:2469
invokeTask @ polyfills.01277dd….js:1824
onInvokeTask @ vendor.34f22af….js:227933
invokeTask @ polyfills.01277dd….js:1816
runTask @ polyfills.01277dd….js:1585
invokeTask @ polyfills.01277dd….js:1896
h @ polyfills.01277dd….js:2715
p @ polyfills.01277dd….js:2732
 Exception caught and thrown {}
 Exception caught and thrown {}
 [WARN] [entertainment.EntertainmentService]    [UI] entertainment.EntertainmentService#setupMainTarget$: TargetSubscription returned no target for type MAIN
console.<computed> @ (index):77
append @ main.17a1455….js:27518
(anonymous) @ main.17a1455….js:130386
prepareMessageAndLoopOverAppenders @ main.17a1455….js:130385
log2appenders @ main.17a1455….js:130369
warn @ main.17a1455….js:130315
(anonymous) @ main.17a1455….js:114010
_next @ vendor.34f22af….js:163297
next @ vendor.34f22af….js:28832
_next @ vendor.34f22af….js:163301
next @ vendor.34f22af….js:28832
_next @ vendor.34f22af….js:41542
next @ vendor.34f22af….js:28832
_next @ vendor.34f22af….js:28844
next @ vendor.34f22af….js:28832
_next @ vendor.34f22af….js:41542
next @ vendor.34f22af….js:28832
_next @ vendor.34f22af….js:28844
next @ vendor.34f22af….js:28832
next @ vendor.34f22af….js:141879
notifyNext @ vendor.34f22af….js:247298
_next @ vendor.34f22af….js:254948
next @ vendor.34f22af….js:28832
notifyNext @ vendor.34f22af….js:185249
_next @ vendor.34f22af….js:254948
next @ vendor.34f22af….js:28832
(anonymous) @ vendor.34f22af….js:188873
_trySubscribe @ vendor.34f22af….js:89315
subscribe @ vendor.34f22af….js:89304
s @ vendor.34f22af….js:239576
_innerSub @ vendor.34f22af….js:185238
_tryNext @ vendor.34f22af….js:185232
_next @ vendor.34f22af….js:185221
next @ vendor.34f22af….js:28832
(anonymous) @ vendor.34f22af….js:188873
_trySubscribe @ vendor.34f22af….js:89315
subscribe @ vendor.34f22af….js:89304
call @ vendor.34f22af….js:185206
subscribe @ vendor.34f22af….js:89299
s @ vendor.34f22af….js:239576
error @ vendor.34f22af….js:25216
notifyError @ vendor.34f22af….js:247301
_error @ vendor.34f22af….js:254957
error @ vendor.34f22af….js:28835
_next @ vendor.34f22af….js:163299
next @ vendor.34f22af….js:28832
next @ vendor.34f22af….js:50795
actionResponse @ vendor.34f22af….js:50605
msgReceiver @ vendor.34f22af….js:44366
_receive @ vendor.34f22af….js:44344
onWsEvent @ vendor.34f22af….js:44282
onWsEvent @ vendor.34f22af….js:44158
(anonymous) @ vendor.34f22af….js:44138
_ @ polyfills.01277dd….js:2469
invokeTask @ polyfills.01277dd….js:1824
onInvokeTask @ vendor.34f22af….js:227933
invokeTask @ polyfills.01277dd….js:1816
runTask @ polyfills.01277dd….js:1585
invokeTask @ polyfills.01277dd….js:1896
h @ polyfills.01277dd….js:2715
p @ polyfills.01277dd….js:2732
 Exception caught and thrown {}
 Exception caught and thrown {}
 [WARN] [entertainment.EntertainmentService]    [UI] entertainment.EntertainmentService#setupMainTarget$: TargetSubscription returned no target for type MAIN
console.<computed> @ (index):77
append @ main.17a1455….js:27518
(anonymous) @ main.17a1455….js:130386
prepareMessageAndLoopOverAppenders @ main.17a1455….js:130385
log2appenders @ main.17a1455….js:130369
warn @ main.17a1455….js:130315
(anonymous) @ main.17a1455….js:114010
_next @ vendor.34f22af….js:163297
next @ vendor.34f22af….js:28832
_next @ vendor.34f22af….js:163301
next @ vendor.34f22af….js:28832
_next @ vendor.34f22af….js:41542
next @ vendor.34f22af….js:28832
_next @ vendor.34f22af….js:28844
next @ vendor.34f22af….js:28832
_next @ vendor.34f22af….js:41542
next @ vendor.34f22af….js:28832
_next @ vendor.34f22af….js:28844
next @ vendor.34f22af….js:28832
next @ vendor.34f22af….js:141879
notifyNext @ vendor.34f22af….js:247298
_next @ vendor.34f22af….js:254948
next @ vendor.34f22af….js:28832
notifyNext @ vendor.34f22af….js:185249
_next @ vendor.34f22af….js:254948
next @ vendor.34f22af….js:28832
(anonymous) @ vendor.34f22af….js:188873
_trySubscribe @ vendor.34f22af….js:89315
subscribe @ vendor.34f22af….js:89304
s @ vendor.34f22af….js:239576
_innerSub @ vendor.34f22af….js:185238
_tryNext @ vendor.34f22af….js:185232
_next @ vendor.34f22af….js:185221
next @ vendor.34f22af….js:28832
(anonymous) @ vendor.34f22af….js:188873
_trySubscribe @ vendor.34f22af….js:89315
subscribe @ vendor.34f22af….js:89304
call @ vendor.34f22af….js:185206
subscribe @ vendor.34f22af….js:89299
s @ vendor.34f22af….js:239576
error @ vendor.34f22af….js:25216
notifyError @ vendor.34f22af….js:247301
_error @ vendor.34f22af….js:254957
error @ vendor.34f22af….js:28835
_next @ vendor.34f22af….js:163299
next @ vendor.34f22af….js:28832
next @ vendor.34f22af….js:50795
actionResponse @ vendor.34f22af….js:50605
msgReceiver @ vendor.34f22af….js:44366
_receive @ vendor.34f22af….js:44344
onWsEvent @ vendor.34f22af….js:44282
onWsEvent @ vendor.34f22af….js:44158
(anonymous) @ vendor.34f22af….js:44138
_ @ polyfills.01277dd….js:2469
invokeTask @ polyfills.01277dd….js:1824
onInvokeTask @ vendor.34f22af….js:227933
invokeTask @ polyfills.01277dd….js:1816
runTask @ polyfills.01277dd….js:1585
invokeTask @ polyfills.01277dd….js:1896
h @ polyfills.01277dd….js:2715
p @ polyfills.01277dd….js:2732
vendor.34f22af5ffbffad14cd9.js:255569 Exception caught and thrown {}
vendor.34f22af5ffbffad14cd9.js:255569 Exception caught and thrown {}
